expanded_sample_id,question_id,source_model,response_index,true_faithfulness_label,predicted_faithfulness_label,faithfulness_score,threshold,aggregation_strategy,claim_count,correct
case_b15cd694b5adfcc0,1292,Llama-2-7b-chat-hf,0,0,1,0.93701171875,0.12000000000000001,max_entail,1,False
case_d46ec8757596c7f2,1292,Mistral-7B-Instruct-v0.1,2,0,1,0.8095703125,0.12000000000000001,max_entail,1,False
case_700fab6baf3e41cd,1292,Llama-2-7b-chat-hf,0,1,0,0.0302886962890625,0.12000000000000001,max_entail,1,False
case_1fe94b7dc93576a0,1292,Llama-3.1-8B-Instruct,1,1,0,0.0028896331787109375,0.12000000000000001,max_entail,1,False
case_9a948b04722b1ad5,1292,Mistral-7B-Instruct-v0.3,3,1,0,0.006500244140625,0.12000000000000001,max_entail,1,False
case_f5d7e314b3670ae5,1927,Llama-2-7b-chat-hf,0,1,0,0.0130767822265625,0.12000000000000001,max_entail,2,False
case_8beace2a75074d84,1927,Llama-3.1-8B-Instruct,1,1,0,0.005039215087890625,0.12000000000000001,max_entail,1,False
case_ab0b49e3817c3ae7,1927,Mistral-7B-Instruct-v0.1,2,1,0,0.0150299072265625,0.12000000000000001,max_entail,1,False
case_32f0b4b07c2908ea,1927,Mistral-7B-Instruct-v0.3,3,1,0,0.015289306640625,0.12000000000000001,max_entail,1,False
case_32fb919c8558d024,1376,Llama-3.1-8B-Instruct,1,1,0,0.02044677734375,0.12000000000000001,max_entail,1,False
case_7f6c7a0bc44e2c56,1376,Mistral-7B-Instruct-v0.1,2,0,1,0.1842041015625,0.12000000000000001,max_entail,1,False
case_a4c8c41b8f86e7cd,161,Mistral-7B-Instruct-v0.1,2,0,1,0.50927734375,0.12000000000000001,max_entail,1,False
case_a3ec06d610c52a1e,777,Llama-2-7b-chat-hf,0,1,0,0.0304412841796875,0.12000000000000001,max_entail,2,False
case_e0e2fe17b46f7951,777,Llama-3.1-8B-Instruct,1,1,0,0.02374267578125,0.12000000000000001,max_entail,1,False
case_fafe4b7ce12817fb,777,Mistral-7B-Instruct-v0.1,2,1,0,0.07745361328125,0.12000000000000001,max_entail,1,False
case_79f75378eaae6c2b,777,Llama-2-7b-chat-hf,0,0,1,0.186767578125,0.12000000000000001,max_entail,2,False
case_67ec3c3858b54f56,777,Llama-3.1-8B-Instruct,1,1,0,0.051971435546875,0.12000000000000001,max_entail,1,False
case_6a63eb3ca8347ec0,777,Mistral-7B-Instruct-v0.1,2,0,1,0.19921875,0.12000000000000001,max_entail,1,False
case_7bb22978ab759173,777,Mistral-7B-Instruct-v0.3,3,0,1,0.263916015625,0.12000000000000001,max_entail,2,False
case_88c035981a5475ae,1613,Mistral-7B-Instruct-v0.1,2,0,1,0.92626953125,0.12000000000000001,max_entail,1,False
case_a0c1b56678d5c406,782,Llama-2-7b-chat-hf,0,0,1,0.82861328125,0.12000000000000001,max_entail,1,False
case_f9f9f1c01a5a2bf8,782,Llama-3.1-8B-Instruct,1,1,0,0.014984130859375,0.12000000000000001,max_entail,1,False
case_fca0be47fca80091,782,Mistral-7B-Instruct-v0.1,2,1,0,0.00290679931640625,0.12000000000000001,max_entail,1,False
case_915ec8036aefe677,782,Mistral-7B-Instruct-v0.3,3,1,0,0.0030078887939453125,0.12000000000000001,max_entail,1,False
case_2c643706893289f6,1472,Llama-2-7b-chat-hf,0,0,1,0.234375,0.12000000000000001,max_entail,3,False
case_ec264209ce393ccf,1472,Llama-2-7b-chat-hf,0,0,1,0.82421875,0.12000000000000001,max_entail,4,False
case_5c548dd0f5a254e9,1472,Llama-3.1-8B-Instruct,1,1,0,0.006946563720703125,0.12000000000000001,max_entail,2,False
case_f372309067d28c4c,1472,Mistral-7B-Instruct-v0.1,2,1,0,0.00107574462890625,0.12000000000000001,max_entail,1,False
case_43634d5832af3394,1472,Mistral-7B-Instruct-v0.3,3,1,0,0.004425048828125,0.12000000000000001,max_entail,2,False
case_8136d5b18125ae56,2000,Llama-3.1-8B-Instruct,1,1,0,0.02313232421875,0.12000000000000001,max_entail,1,False
case_32eada57532c76b8,2000,Llama-2-7b-chat-hf,0,1,0,0.0025501251220703125,0.12000000000000001,max_entail,2,False
case_d312aa7b0ef92ab6,2000,Llama-3.1-8B-Instruct,1,1,0,0.0030498504638671875,0.12000000000000001,max_entail,1,False
case_94cc1363573c33e6,2000,Mistral-7B-Instruct-v0.1,2,1,0,0.0013561248779296875,0.12000000000000001,max_entail,1,False
case_254484aaf1f3c246,2000,Mistral-7B-Instruct-v0.3,3,1,0,0.005878448486328125,0.12000000000000001,max_entail,1,False
case_84b73679842c4a48,713,Llama-2-7b-chat-hf,0,1,0,0.104736328125,0.12000000000000001,max_entail,2,False
case_aa94ea7da7799e5e,713,Llama-3.1-8B-Instruct,1,1,0,0.03790283203125,0.12000000000000001,max_entail,2,False
case_1dadd56cd593d8cd,713,Mistral-7B-Instruct-v0.1,2,1,0,0.0450439453125,0.12000000000000001,max_entail,2,False
case_a31ad346990e2347,713,Mistral-7B-Instruct-v0.3,3,1,0,0.050537109375,0.12000000000000001,max_entail,2,False
case_a9584bf63d519b16,713,Llama-3.1-8B-Instruct,1,1,0,0.006809234619140625,0.12000000000000001,max_entail,1,False
case_69a60efcfb94f133,265,Mistral-7B-Instruct-v0.3,3,1,0,0.034027099609375,0.12000000000000001,max_entail,1,False
case_39019ccdd0091574,265,Llama-2-7b-chat-hf,0,1,0,0.0149078369140625,0.12000000000000001,max_entail,1,False
case_0d3e4f658855220f,265,Llama-3.1-8B-Instruct,1,1,0,0.0038909912109375,0.12000000000000001,max_entail,1,False
case_c6b4896d63d7be05,265,Mistral-7B-Instruct-v0.1,2,1,0,0.0024127960205078125,0.12000000000000001,max_entail,1,False
case_f730fe36bad7d0a2,265,Mistral-7B-Instruct-v0.3,3,1,0,0.0011138916015625,0.12000000000000001,max_entail,1,False
case_a4935c7614b4044e,1193,Llama-3.1-8B-Instruct,1,1,0,0.003326416015625,0.12000000000000001,max_entail,2,False
case_e24b544d2f03e322,798,Llama-2-7b-chat-hf,0,1,0,0.0036563873291015625,0.12000000000000001,max_entail,2,False
case_8a65b773d1a5a281,798,Llama-3.1-8B-Instruct,1,1,0,0.0099334716796875,0.12000000000000001,max_entail,1,False
case_d6ab9c58e51028fc,798,Mistral-7B-Instruct-v0.1,2,1,0,0.00388336181640625,0.12000000000000001,max_entail,1,False
case_a7117ddb09a10d38,798,Mistral-7B-Instruct-v0.3,3,1,0,0.00592803955078125,0.12000000000000001,max_entail,2,False
case_75600dc5e0848337,798,Llama-3.1-8B-Instruct,1,1,0,0.01233673095703125,0.12000000000000001,max_entail,2,False
case_ffaee7d8674d1415,798,Mistral-7B-Instruct-v0.3,3,1,0,0.0095367431640625,0.12000000000000001,max_entail,1,False
case_74a46485b6ad3371,1971,Llama-2-7b-chat-hf,0,1,0,0.0019216537475585938,0.12000000000000001,max_entail,2,False
case_64a3db8a832df366,1971,Llama-3.1-8B-Instruct,1,1,0,0.0022678375244140625,0.12000000000000001,max_entail,1,False
case_b9efa95a88e75191,1971,Mistral-7B-Instruct-v0.1,2,1,0,0.00041675567626953125,0.12000000000000001,max_entail,1,False
case_ca52b1ef36c75933,1971,Mistral-7B-Instruct-v0.3,3,1,0,0.0026950836181640625,0.12000000000000001,max_entail,1,False
case_598d18d34c393c20,1182,Llama-2-7b-chat-hf,0,0,1,0.9853515625,0.12000000000000001,max_entail,4,False
case_d93bd7e9800b72da,1182,Llama-3.1-8B-Instruct,1,1,0,0.005397796630859375,0.12000000000000001,max_entail,1,False
case_8fb22eed7816a777,1182,Mistral-7B-Instruct-v0.3,3,1,0,0.0091705322265625,0.12000000000000001,max_entail,1,False
case_724f61fba72ee33e,389,Mistral-7B-Instruct-v0.1,2,0,1,0.92578125,0.12000000000000001,max_entail,1,False
case_ebfb93c393ccaaab,389,Mistral-7B-Instruct-v0.1,2,1,0,0.000362396240234375,0.12000000000000001,max_entail,1,False
case_eb6e5d4fee0fae8b,81,Llama-2-7b-chat-hf,0,1,0,0.00626373291015625,0.12000000000000001,max_entail,1,False
case_387b24c1d98dd079,81,Llama-3.1-8B-Instruct,1,1,0,0.003261566162109375,0.12000000000000001,max_entail,1,False
case_0f465c9abebe875a,81,Mistral-7B-Instruct-v0.3,3,1,0,0.029998779296875,0.12000000000000001,max_entail,1,False
case_dfd3b6976dae7167,81,Mistral-7B-Instruct-v0.1,2,1,0,0.028289794921875,0.12000000000000001,max_entail,1,False
case_fa72bfd922300e60,473,Llama-2-7b-chat-hf,0,1,0,0.0731201171875,0.12000000000000001,max_entail,1,False
case_e2ad9c1166e8cc24,473,Llama-3.1-8B-Instruct,1,1,0,0.06591796875,0.12000000000000001,max_entail,1,False
case_bb523eb6347b4822,473,Llama-3.1-8B-Instruct,1,1,0,0.0093536376953125,0.12000000000000001,max_entail,1,False
case_7ff31b7f63d17af6,473,Mistral-7B-Instruct-v0.1,2,1,0,0.004528045654296875,0.12000000000000001,max_entail,1,False
case_9171a8fe56a26530,473,Mistral-7B-Instruct-v0.3,3,1,0,0.0033416748046875,0.12000000000000001,max_entail,1,False
case_8a81883b57d9702e,43,Llama-3.1-8B-Instruct,1,1,0,0.0107269287109375,0.12000000000000001,max_entail,1,False
case_1c5238bbbaa50760,43,Mistral-7B-Instruct-v0.3,3,1,0,0.0076751708984375,0.12000000000000001,max_entail,1,False
case_6e0522f504b22da5,43,Mistral-7B-Instruct-v0.1,2,1,0,0.09735107421875,0.12000000000000001,max_entail,1,False
case_9ac0d35cfc7d2bec,43,Mistral-7B-Instruct-v0.3,3,1,0,0.015625,0.12000000000000001,max_entail,1,False
case_e91d41042051bca9,1238,Llama-2-7b-chat-hf,0,0,1,0.2064208984375,0.12000000000000001,max_entail,1,False
case_c0c430a0c23c7ec5,1238,Mistral-7B-Instruct-v0.1,2,0,1,0.402099609375,0.12000000000000001,max_entail,1,False
case_dd2a6b73644d5781,1238,Llama-3.1-8B-Instruct,1,1,0,0.0015840530395507812,0.12000000000000001,max_entail,1,False
case_b9d0e0f1a03f1c92,1238,Mistral-7B-Instruct-v0.1,2,1,0,0.0016374588012695312,0.12000000000000001,max_entail,1,False
case_67f52b48af42cf42,1238,Mistral-7B-Instruct-v0.3,3,1,0,0.0185394287109375,0.12000000000000001,max_entail,1,False
case_2f77bc328a100d8c,569,Mistral-7B-Instruct-v0.1,2,1,0,0.052337646484375,0.12000000000000001,max_entail,1,False
case_f5d9997fcc339022,569,Llama-2-7b-chat-hf,0,0,1,0.191650390625,0.12000000000000001,max_entail,1,False
case_37df2588d91ec50a,569,Llama-3.1-8B-Instruct,1,1,0,0.0301055908203125,0.12000000000000001,max_entail,1,False
case_b4eb3a09f5d193db,569,Mistral-7B-Instruct-v0.1,2,1,0,0.003795623779296875,0.12000000000000001,max_entail,1,False
case_d99c343ca0adb095,569,Mistral-7B-Instruct-v0.3,3,1,0,0.0027942657470703125,0.12000000000000001,max_entail,2,False
case_6c5b3e9fc22b5010,514,Mistral-7B-Instruct-v0.3,3,1,0,0.043426513671875,0.12000000000000001,max_entail,1,False
case_f48a2a4e315961eb,514,Mistral-7B-Instruct-v0.1,2,0,1,0.66943359375,0.12000000000000001,max_entail,2,False
case_40ccf23b8598f29a,514,Mistral-7B-Instruct-v0.3,3,1,0,0.008056640625,0.12000000000000001,max_entail,1,False
case_4e206cf659fb2192,1579,Llama-2-7b-chat-hf,0,0,1,0.261474609375,0.12000000000000001,max_entail,1,False
case_241395841a818cf9,1579,Llama-3.1-8B-Instruct,1,1,0,0.03936767578125,0.12000000000000001,max_entail,1,False
case_a6c141a4707fd425,1579,Mistral-7B-Instruct-v0.1,2,1,0,0.0165863037109375,0.12000000000000001,max_entail,1,False
case_6cb7893f55eca11b,1579,Mistral-7B-Instruct-v0.3,3,1,0,0.027069091796875,0.12000000000000001,max_entail,1,False
case_08060a17b4e0ed80,1579,Llama-3.1-8B-Instruct,1,1,0,0.000408172607421875,0.12000000000000001,max_entail,1,False
case_b114ff78f71be1a8,1579,Mistral-7B-Instruct-v0.3,3,1,0,0.012939453125,0.12000000000000001,max_entail,1,False
case_92f54ec512847f72,39,Llama-3.1-8B-Instruct,1,1,0,0.0299530029296875,0.12000000000000001,max_entail,1,False
case_a5688b2f21d92c19,39,Mistral-7B-Instruct-v0.1,2,1,0,0.005329132080078125,0.12000000000000001,max_entail,1,False
case_832c0fb54126f107,39,Mistral-7B-Instruct-v0.3,3,1,0,0.004230499267578125,0.12000000000000001,max_entail,1,False
case_2d35f68109b03d11,198,Llama-2-7b-chat-hf,0,1,0,0.043121337890625,0.12000000000000001,max_entail,1,False
case_3da66fac4d54413c,198,Llama-2-7b-chat-hf,0,0,1,0.73095703125,0.12000000000000001,max_entail,1,False
case_6017b21f5c8d3a33,198,Llama-3.1-8B-Instruct,1,1,0,0.019378662109375,0.12000000000000001,max_entail,1,False
case_5cd4fc6a41f643e6,198,Mistral-7B-Instruct-v0.1,2,0,1,0.391357421875,0.12000000000000001,max_entail,5,False
case_13a9259d3aacd53d,198,Mistral-7B-Instruct-v0.3,3,0,1,0.2076416015625,0.12000000000000001,max_entail,3,False
case_f6349304002b397f,1374,Llama-3.1-8B-Instruct,1,1,0,0.0618896484375,0.12000000000000001,max_entail,1,False
case_722cb01ffe423027,1374,Llama-2-7b-chat-hf,0,0,1,0.1845703125,0.12000000000000001,max_entail,2,False
case_f8dabdf57eb08036,1374,Llama-3.1-8B-Instruct,1,1,0,0.0007638931274414062,0.12000000000000001,max_entail,1,False
case_fc988ee06975dbe4,613,Llama-3.1-8B-Instruct,1,1,0,0.042449951171875,0.12000000000000001,max_entail,1,False
case_d2df38815efa2122,613,Mistral-7B-Instruct-v0.1,2,1,0,0.0206298828125,0.12000000000000001,max_entail,1,False
case_e9662139ee8776e2,613,Mistral-7B-Instruct-v0.3,3,1,0,0.01183319091796875,0.12000000000000001,max_entail,1,False
case_a33b965cd00d0741,613,Llama-2-7b-chat-hf,0,1,0,0.01328277587890625,0.12000000000000001,max_entail,1,False
case_26fea19fc779472e,613,Llama-3.1-8B-Instruct,1,1,0,0.005641937255859375,0.12000000000000001,max_entail,1,False
case_a094f2f1843e83fd,613,Mistral-7B-Instruct-v0.1,2,1,0,0.003116607666015625,0.12000000000000001,max_entail,1,False
case_989d65169e61baf2,613,Mistral-7B-Instruct-v0.3,3,1,0,0.020263671875,0.12000000000000001,max_entail,1,False
case_21f4a7bcf8258ab5,994,Mistral-7B-Instruct-v0.1,2,1,0,0.0008902549743652344,0.12000000000000001,max_entail,1,False
case_9d1d145f2f0304ca,994,Mistral-7B-Instruct-v0.3,3,1,0,0.0008673667907714844,0.12000000000000001,max_entail,1,False
case_51bc313140d6699c,994,Llama-2-7b-chat-hf,0,0,1,0.59228515625,0.12000000000000001,max_entail,1,False
case_c8718e49736ef292,994,Mistral-7B-Instruct-v0.1,2,1,0,0.00628662109375,0.12000000000000001,max_entail,1,False
case_76021a5f795b24cd,994,Mistral-7B-Instruct-v0.3,3,1,0,0.064453125,0.12000000000000001,max_entail,2,False
case_e9888c1a25f29255,181,Llama-2-7b-chat-hf,0,1,0,0.03631591796875,0.12000000000000001,max_entail,1,False
case_ee38456325c3384b,181,Mistral-7B-Instruct-v0.1,2,1,0,0.01264190673828125,0.12000000000000001,max_entail,1,False
case_8d440f89d695c6ec,181,Mistral-7B-Instruct-v0.3,3,1,0,0.021636962890625,0.12000000000000001,max_entail,1,False
case_b4ec479f34e959c6,181,Llama-3.1-8B-Instruct,1,1,0,0.00041103363037109375,0.12000000000000001,max_entail,1,False
case_ed99bd3d7fc7acf7,181,Mistral-7B-Instruct-v0.1,2,1,0,0.003108978271484375,0.12000000000000001,max_entail,2,False
case_c924fa49523096e2,181,Mistral-7B-Instruct-v0.3,3,1,0,0.059234619140625,0.12000000000000001,max_entail,2,False
case_ee1562d833bc4d79,1673,Llama-2-7b-chat-hf,0,0,1,0.1778564453125,0.12000000000000001,max_entail,1,False
case_21e89e3332e0a479,1673,Llama-3.1-8B-Instruct,1,1,0,0.056488037109375,0.12000000000000001,max_entail,1,False
case_4c1b3ce48040a6c8,1673,Llama-2-7b-chat-hf,0,0,1,0.2371826171875,0.12000000000000001,max_entail,1,False
case_36cba31defbf22fa,1673,Mistral-7B-Instruct-v0.3,3,1,0,0.004474639892578125,0.12000000000000001,max_entail,1,False
case_b8eeb02e055e3e56,468,Llama-2-7b-chat-hf,0,1,0,0.020721435546875,0.12000000000000001,max_entail,2,False
case_b5d297411423860b,468,Llama-3.1-8B-Instruct,1,1,0,0.0080413818359375,0.12000000000000001,max_entail,2,False
case_234c766ec3e380d0,144,Llama-3.1-8B-Instruct,1,1,0,0.0423583984375,0.12000000000000001,max_entail,1,False
case_1f88a0d32be67482,144,Mistral-7B-Instruct-v0.3,3,1,0,0.0416259765625,0.12000000000000001,max_entail,2,False
case_3f4424b1497767b3,2097,Llama-2-7b-chat-hf,0,0,1,0.359619140625,0.12000000000000001,max_entail,2,False
case_d52fff09ad790e81,2097,Mistral-7B-Instruct-v0.3,3,1,0,0.010528564453125,0.12000000000000001,max_entail,1,False
case_dbc98ba26bef02e2,2097,Llama-3.1-8B-Instruct,1,1,0,0.0732421875,0.12000000000000001,max_entail,1,False
case_5012e4789c5cefe6,2097,Mistral-7B-Instruct-v0.1,2,1,0,0.02032470703125,0.12000000000000001,max_entail,1,False
case_751bbc6efb077994,1766,Llama-3.1-8B-Instruct,1,1,0,0.00707244873046875,0.12000000000000001,max_entail,1,False
case_4b7e6866858cea02,1766,Mistral-7B-Instruct-v0.1,2,0,1,0.5703125,0.12000000000000001,max_entail,3,False
case_8d1c3c4e923bcaae,1834,Llama-2-7b-chat-hf,0,1,0,0.00443267822265625,0.12000000000000001,max_entail,2,False
case_3c93f9108fae8528,1834,Llama-3.1-8B-Instruct,1,1,0,0.005130767822265625,0.12000000000000001,max_entail,1,False
case_105c2b4c31155638,1834,Mistral-7B-Instruct-v0.1,2,1,0,0.004596710205078125,0.12000000000000001,max_entail,2,False
case_d35446c2816caf73,1834,Mistral-7B-Instruct-v0.3,3,1,0,0.0081787109375,0.12000000000000001,max_entail,1,False
case_b3ed26935c205c11,519,Llama-2-7b-chat-hf,0,0,1,0.96923828125,0.12000000000000001,max_entail,4,False
case_9abfcc5051a3f142,519,Llama-3.1-8B-Instruct,1,1,0,0.02740478515625,0.12000000000000001,max_entail,1,False
case_4738008c2ee4a58a,519,Mistral-7B-Instruct-v0.1,2,0,1,0.127685546875,0.12000000000000001,max_entail,1,False
case_fe86f04656d1dfe9,519,Mistral-7B-Instruct-v0.3,3,1,0,0.0255279541015625,0.12000000000000001,max_entail,1,False
case_53f8747dec5a0ee5,519,Llama-3.1-8B-Instruct,1,1,0,0.00661468505859375,0.12000000000000001,max_entail,2,False
case_c07a50bc28bbb78b,519,Mistral-7B-Instruct-v0.3,3,1,0,0.00506591796875,0.12000000000000001,max_entail,2,False
case_03519e648e58bec1,1628,Llama-2-7b-chat-hf,0,0,1,0.401611328125,0.12000000000000001,max_entail,3,False
case_5ffc543bece5c5d0,1628,Llama-2-7b-chat-hf,0,1,0,0.031982421875,0.12000000000000001,max_entail,2,False
case_67580ca8a7fba5c9,1628,Llama-3.1-8B-Instruct,1,1,0,0.013214111328125,0.12000000000000001,max_entail,1,False
case_572268987088358e,1628,Mistral-7B-Instruct-v0.1,2,0,1,0.1583251953125,0.12000000000000001,max_entail,1,False
case_3bf44534c7796c95,1628,Mistral-7B-Instruct-v0.3,3,1,0,0.0018606185913085938,0.12000000000000001,max_entail,1,False
case_9e86c23973cb12e3,945,Llama-3.1-8B-Instruct,1,1,0,0.01035308837890625,0.12000000000000001,max_entail,2,False
case_091ce792d47e296d,945,Mistral-7B-Instruct-v0.1,2,1,0,0.0002925395965576172,0.12000000000000001,max_entail,1,False
case_58c0f634147a7202,945,Mistral-7B-Instruct-v0.3,3,1,0,0.005275726318359375,0.12000000000000001,max_entail,1,False
case_30817528f02ed9f5,1639,Llama-3.1-8B-Instruct,1,1,0,0.0191192626953125,0.12000000000000001,max_entail,1,False
case_bd6f1cef0eb30ad3,1639,Mistral-7B-Instruct-v0.3,3,1,0,0.067138671875,0.12000000000000001,max_entail,1,False
case_007906fcf55e7bf3,1639,Llama-2-7b-chat-hf,0,0,1,0.5400390625,0.12000000000000001,max_entail,1,False
case_9e195cda58a3fb07,1639,Llama-3.1-8B-Instruct,1,1,0,0.01436614990234375,0.12000000000000001,max_entail,1,False
case_be492a3c53e26807,1639,Mistral-7B-Instruct-v0.1,2,1,0,0.00713348388671875,0.12000000000000001,max_entail,1,False
case_04f70af022e17546,1639,Mistral-7B-Instruct-v0.3,3,1,0,0.007659912109375,0.12000000000000001,max_entail,1,False
case_5390eccea4b686c9,1110,Llama-2-7b-chat-hf,0,0,1,0.25390625,0.12000000000000001,max_entail,1,False
case_d7ceb56cc79deae0,1110,Llama-3.1-8B-Instruct,1,1,0,0.07342529296875,0.12000000000000001,max_entail,1,False
case_6ee7c1ccde2f3385,1110,Mistral-7B-Instruct-v0.3,3,1,0,0.00904083251953125,0.12000000000000001,max_entail,1,False
case_7d20bdc4785ab99c,1488,Llama-2-7b-chat-hf,0,0,1,0.280517578125,0.12000000000000001,max_entail,2,False
case_423da9e6c7ab2836,1488,Llama-3.1-8B-Instruct,1,1,0,0.005260467529296875,0.12000000000000001,max_entail,1,False
case_7509702632381c5b,1488,Mistral-7B-Instruct-v0.1,2,0,1,0.8984375,0.12000000000000001,max_entail,2,False
case_552fed647c5ba486,1488,Mistral-7B-Instruct-v0.3,3,1,0,0.004642486572265625,0.12000000000000001,max_entail,1,False
case_56c91dc55a51995e,636,Llama-2-7b-chat-hf,0,0,1,0.93994140625,0.12000000000000001,max_entail,4,False
case_9cdff7b57da5510d,636,Mistral-7B-Instruct-v0.1,2,1,0,0.017181396484375,0.12000000000000001,max_entail,2,False
case_d65975798e9d1554,636,Llama-3.1-8B-Instruct,1,1,0,0.0017347335815429688,0.12000000000000001,max_entail,1,False
case_566debb9ad7faf4c,636,Mistral-7B-Instruct-v0.3,3,1,0,0.00913238525390625,0.12000000000000001,max_entail,2,False
case_143692780f287b0c,1511,Llama-2-7b-chat-hf,0,1,0,0.0299835205078125,0.12000000000000001,max_entail,3,False
case_8fe45ef73bd1d3d7,1511,Mistral-7B-Instruct-v0.1,2,1,0,0.0304107666015625,0.12000000000000001,max_entail,1,False
case_4ebc14bf2d6be973,1511,Mistral-7B-Instruct-v0.3,3,1,0,0.0242462158203125,0.12000000000000001,max_entail,1,False
case_75c4663a9edca98c,1466,Llama-2-7b-chat-hf,0,0,1,0.671875,0.12000000000000001,max_entail,2,False
case_8d7faf0de387c8c7,1466,Llama-3.1-8B-Instruct,1,1,0,0.0086669921875,0.12000000000000001,max_entail,2,False
case_122c54f2ca78dbc3,1466,Mistral-7B-Instruct-v0.1,2,0,1,0.52734375,0.12000000000000001,max_entail,2,False
case_1b1a0abdd40cedec,1466,Llama-3.1-8B-Instruct,1,1,0,0.004974365234375,0.12000000000000001,max_entail,2,False
case_633649e65a75a180,479,Llama-3.1-8B-Instruct,1,1,0,0.073974609375,0.12000000000000001,max_entail,2,False
case_36e255913df5019e,479,Llama-2-7b-chat-hf,0,0,1,0.5517578125,0.12000000000000001,max_entail,4,False
case_aea500ad5a6d7181,479,Llama-3.1-8B-Instruct,1,1,0,0.0010328292846679688,0.12000000000000001,max_entail,1,False
case_3782b9a0805a5a84,479,Mistral-7B-Instruct-v0.1,2,1,0,0.00281524658203125,0.12000000000000001,max_entail,2,False
case_3a9d926786ba4426,479,Mistral-7B-Instruct-v0.3,3,1,0,0.004669189453125,0.12000000000000001,max_entail,1,False
case_417bb5a7a152dbd0,447,Llama-2-7b-chat-hf,0,1,0,0.051727294921875,0.12000000000000001,max_entail,2,False
case_833eb427b8738fdd,447,Mistral-7B-Instruct-v0.3,3,1,0,0.0665283203125,0.12000000000000001,max_entail,1,False
case_1c19ded2f725d49f,447,Mistral-7B-Instruct-v0.1,2,0,1,0.2578125,0.12000000000000001,max_entail,1,False
case_8c34a60a84c85942,907,Llama-3.1-8B-Instruct,1,1,0,0.00861358642578125,0.12000000000000001,max_entail,1,False
case_3d783ed3590d9876,907,Llama-2-7b-chat-hf,0,0,1,0.97216796875,0.12000000000000001,max_entail,3,False
case_09c8e2e5abafa2c6,907,Llama-3.1-8B-Instruct,1,1,0,0.01410675048828125,0.12000000000000001,max_entail,2,False
case_9867c2cf1fcf9bac,907,Mistral-7B-Instruct-v0.3,3,1,0,0.046142578125,0.12000000000000001,max_entail,2,False
case_839b63beaa393fc4,1533,Llama-3.1-8B-Instruct,1,1,0,0.01143646240234375,0.12000000000000001,max_entail,2,False
case_1d3a800d0b1dce12,1533,Mistral-7B-Instruct-v0.3,3,1,0,0.00893402099609375,0.12000000000000001,max_entail,1,False
case_c40cb4551d1a48fa,1533,Llama-3.1-8B-Instruct,1,1,0,0.002330780029296875,0.12000000000000001,max_entail,2,False
case_95001257cc8a3321,1792,Llama-2-7b-chat-hf,0,1,0,0.010406494140625,0.12000000000000001,max_entail,1,False
case_2bc0f94db83274b3,1792,Llama-2-7b-chat-hf,0,1,0,0.0003235340118408203,0.12000000000000001,max_entail,1,False
case_3ac0cf5cd5df55c4,1792,Llama-3.1-8B-Instruct,1,1,0,0.005283355712890625,0.12000000000000001,max_entail,1,False
case_655b6ab08e2b9301,1792,Mistral-7B-Instruct-v0.1,2,1,0,0.003452301025390625,0.12000000000000001,max_entail,1,False
case_f45ad33fdb570d9e,1792,Mistral-7B-Instruct-v0.3,3,1,0,0.0016193389892578125,0.12000000000000001,max_entail,1,False
case_2013c011af6ca98f,1008,Llama-2-7b-chat-hf,0,0,1,0.376708984375,0.12000000000000001,max_entail,4,False
case_8ac869f7bc7ebba2,1008,Llama-3.1-8B-Instruct,1,1,0,0.0005698204040527344,0.12000000000000001,max_entail,2,False
case_85196d84ae2271b1,1008,Mistral-7B-Instruct-v0.3,3,1,0,0.0032749176025390625,0.12000000000000001,max_entail,2,False
case_7398297a7fccbe2d,1546,Llama-2-7b-chat-hf,0,1,0,0.006717681884765625,0.12000000000000001,max_entail,2,False
case_946ed4bea2ab356e,1546,Llama-3.1-8B-Instruct,1,1,0,0.0308380126953125,0.12000000000000001,max_entail,1,False
case_cbbde197ed44f4f8,1546,Mistral-7B-Instruct-v0.1,2,1,0,0.0294647216796875,0.12000000000000001,max_entail,1,False
case_0e2c06d6a694d6d3,1546,Llama-2-7b-chat-hf,0,1,0,0.01303863525390625,0.12000000000000001,max_entail,3,False
case_95c6cbd412a80c51,1546,Llama-3.1-8B-Instruct,1,1,0,0.0072784423828125,0.12000000000000001,max_entail,2,False
case_50bfc4b67dd5cdff,1546,Mistral-7B-Instruct-v0.1,2,1,0,0.025787353515625,0.12000000000000001,max_entail,2,False
case_fc2e2f0ca07fea0a,1546,Mistral-7B-Instruct-v0.3,3,1,0,0.0092010498046875,0.12000000000000001,max_entail,2,False
case_46902ec03047530b,1978,Llama-3.1-8B-Instruct,1,0,1,0.1494140625,0.12000000000000001,max_entail,5,False
case_f37c15e27d9e8bee,1978,Mistral-7B-Instruct-v0.3,3,0,1,0.95947265625,0.12000000000000001,max_entail,1,False
case_e056fee2cea8eb06,1978,Llama-2-7b-chat-hf,0,1,0,0.0110931396484375,0.12000000000000001,max_entail,1,False
case_744c1df8a7126ca9,1978,Mistral-7B-Instruct-v0.3,3,1,0,0.0975341796875,0.12000000000000001,max_entail,1,False
case_26a0e42a397bf7cf,903,Llama-2-7b-chat-hf,0,0,1,0.179443359375,0.12000000000000001,max_entail,3,False
case_61c20cb690ebc678,903,Llama-3.1-8B-Instruct,1,1,0,0.0002918243408203125,0.12000000000000001,max_entail,1,False
case_dbbe5803c1e8bee7,903,Mistral-7B-Instruct-v0.1,2,1,0,0.0002503395080566406,0.12000000000000001,max_entail,1,False
case_8b90a3cb20467f23,903,Mistral-7B-Instruct-v0.3,3,1,0,0.0013828277587890625,0.12000000000000001,max_entail,1,False
case_0069444b11f88e6b,2282,Mistral-7B-Instruct-v0.3,3,1,0,0.0195465087890625,0.12000000000000001,max_entail,1,False
case_f427e6bc98c4fb51,2282,Mistral-7B-Instruct-v0.1,2,1,0,0.0445556640625,0.12000000000000001,max_entail,1,False
case_000d498a9b9470bc,1041,Llama-2-7b-chat-hf,0,1,0,0.016510009765625,0.12000000000000001,max_entail,2,False
case_3679353cd3ab7f55,1872,Llama-2-7b-chat-hf,0,1,0,0.00913238525390625,0.12000000000000001,max_entail,1,False
case_c168620e96ccd1c5,1872,Llama-3.1-8B-Instruct,1,1,0,0.10150146484375,0.12000000000000001,max_entail,1,False
case_7816d7f92e85c80d,1872,Mistral-7B-Instruct-v0.1,2,1,0,0.053314208984375,0.12000000000000001,max_entail,1,False
case_034623db3e5ce495,1872,Mistral-7B-Instruct-v0.3,3,1,0,0.029815673828125,0.12000000000000001,max_entail,1,False
case_93ab03e508b2b0a6,1409,Mistral-7B-Instruct-v0.1,2,1,0,0.0145721435546875,0.12000000000000001,max_entail,1,False
case_7fb49cf689971826,1409,Mistral-7B-Instruct-v0.3,3,1,0,0.106201171875,0.12000000000000001,max_entail,1,False
case_6bcd0109e0c36101,1409,Llama-3.1-8B-Instruct,1,1,0,0.00377655029296875,0.12000000000000001,max_entail,1,False
case_53a307698c860f0d,1409,Mistral-7B-Instruct-v0.1,2,1,0,0.0014181137084960938,0.12000000000000001,max_entail,2,False
case_a6610b126b4243f1,1409,Mistral-7B-Instruct-v0.3,3,1,0,0.008392333984375,0.12000000000000001,max_entail,2,False
case_6697885b5f30d768,1206,Llama-3.1-8B-Instruct,1,1,0,0.004604339599609375,0.12000000000000001,max_entail,1,False
case_0d7f0af5e5ce49c9,1206,Mistral-7B-Instruct-v0.1,2,1,0,0.0037631988525390625,0.12000000000000001,max_entail,1,False
case_ed4671f199c78bdd,1206,Mistral-7B-Instruct-v0.3,3,1,0,0.018096923828125,0.12000000000000001,max_entail,1,False
case_8295289728c98594,1333,Llama-3.1-8B-Instruct,1,1,0,0.022918701171875,0.12000000000000001,max_entail,2,False
case_c95d3123db82d29d,1333,Llama-3.1-8B-Instruct,1,1,0,0.0031337738037109375,0.12000000000000001,max_entail,2,False
case_92694d80780f6a18,1333,Mistral-7B-Instruct-v0.3,3,1,0,0.0209808349609375,0.12000000000000001,max_entail,1,False
case_c8a048689c19c7fc,2266,Llama-3.1-8B-Instruct,1,0,1,0.98291015625,0.12000000000000001,max_entail,5,False
case_fe27f86bb0fbb5fb,2266,Llama-2-7b-chat-hf,0,1,0,0.0211029052734375,0.12000000000000001,max_entail,6,False
case_103788fec3556a20,2266,Llama-3.1-8B-Instruct,1,1,0,0.0274810791015625,0.12000000000000001,max_entail,2,False
case_4b770c97e7255e2d,2266,Mistral-7B-Instruct-v0.1,2,1,0,0.007297515869140625,0.12000000000000001,max_entail,1,False
case_a377d4e9139904a2,2266,Mistral-7B-Instruct-v0.3,3,1,0,0.01708984375,0.12000000000000001,max_entail,1,False
case_5ead36972f5ec0a3,1998,Llama-3.1-8B-Instruct,1,1,0,0.01678466796875,0.12000000000000001,max_entail,1,False
case_f32234e19f49e04a,1998,Mistral-7B-Instruct-v0.3,3,0,1,0.78271484375,0.12000000000000001,max_entail,1,False
case_17fab474a82b6025,1998,Llama-3.1-8B-Instruct,1,1,0,0.048431396484375,0.12000000000000001,max_entail,1,False
case_428a28f141720a26,1998,Mistral-7B-Instruct-v0.1,2,1,0,0.0015230178833007812,0.12000000000000001,max_entail,1,False
case_97d0b927d2fd0511,1522,Llama-2-7b-chat-hf,0,1,0,0.0804443359375,0.12000000000000001,max_entail,1,False
case_a705d8381ae7e2e2,1522,Llama-3.1-8B-Instruct,1,1,0,0.00537872314453125,0.12000000000000001,max_entail,1,False
case_b170eb0a7d12eed0,1522,Mistral-7B-Instruct-v0.1,2,1,0,0.021514892578125,0.12000000000000001,max_entail,1,False
case_61662dcb96193e63,1522,Mistral-7B-Instruct-v0.3,3,1,0,0.00836181640625,0.12000000000000001,max_entail,1,False
case_6304990cb374e01b,83,Llama-2-7b-chat-hf,0,0,1,0.12353515625,0.12000000000000001,max_entail,2,False
case_0f7a929b299d8dc5,83,Llama-3.1-8B-Instruct,1,1,0,0.0254974365234375,0.12000000000000001,max_entail,1,False
case_a37d6444f4ec6281,83,Mistral-7B-Instruct-v0.1,2,1,0,0.005840301513671875,0.12000000000000001,max_entail,1,False
case_3510fc1a206fc730,83,Mistral-7B-Instruct-v0.3,3,1,0,0.02374267578125,0.12000000000000001,max_entail,1,False
case_f9bcd3be6197dc30,83,Llama-2-7b-chat-hf,0,0,1,0.1202392578125,0.12000000000000001,max_entail,1,False
case_4874e28ed55a5553,83,Mistral-7B-Instruct-v0.1,2,1,0,0.003345489501953125,0.12000000000000001,max_entail,1,False
case_7a3c27c28333621d,83,Mistral-7B-Instruct-v0.3,3,1,0,0.0101165771484375,0.12000000000000001,max_entail,1,False
case_134d8d5e3122de8b,2212,Llama-2-7b-chat-hf,0,1,0,0.0192718505859375,0.12000000000000001,max_entail,1,False
case_1b7a17852ef9ee42,2212,Llama-3.1-8B-Instruct,1,1,0,0.0106964111328125,0.12000000000000001,max_entail,1,False
case_ebea19c7a4a721c2,2212,Mistral-7B-Instruct-v0.1,2,1,0,0.0019130706787109375,0.12000000000000001,max_entail,1,False
case_57af02f5f787d051,1068,Llama-2-7b-chat-hf,0,1,0,0.0579833984375,0.12000000000000001,max_entail,3,False
case_84869c370b413fd4,1068,Llama-3.1-8B-Instruct,1,1,0,0.033294677734375,0.12000000000000001,max_entail,1,False
case_4dad21f65d159cc0,1068,Mistral-7B-Instruct-v0.3,3,1,0,0.04736328125,0.12000000000000001,max_entail,1,False
case_8e24c2a7d15ca494,1068,Llama-2-7b-chat-hf,0,1,0,0.0157470703125,0.12000000000000001,max_entail,2,False
case_99242b6b3ba81fea,1068,Mistral-7B-Instruct-v0.1,2,1,0,0.0164031982421875,0.12000000000000001,max_entail,1,False
case_c501fd95b57c1370,1068,Mistral-7B-Instruct-v0.3,3,1,0,0.0026092529296875,0.12000000000000001,max_entail,1,False
case_762e922e3fc34007,1430,Llama-3.1-8B-Instruct,1,1,0,0.0028514862060546875,0.12000000000000001,max_entail,1,False
case_92e02e5451a6553e,1430,Mistral-7B-Instruct-v0.1,2,1,0,0.007659912109375,0.12000000000000001,max_entail,1,False
case_94ebb7b62b304b35,1430,Mistral-7B-Instruct-v0.3,3,1,0,0.004306793212890625,0.12000000000000001,max_entail,1,False
case_e23147b155f07617,694,Llama-2-7b-chat-hf,0,0,1,0.25732421875,0.12000000000000001,max_entail,2,False
case_8a221af7ed0d1a5a,694,Llama-3.1-8B-Instruct,1,1,0,0.051788330078125,0.12000000000000001,max_entail,1,False
case_b8ff5fbc9745a946,694,Mistral-7B-Instruct-v0.1,2,0,1,0.51953125,0.12000000000000001,max_entail,1,False
case_93c250cd67c8b886,694,Llama-2-7b-chat-hf,0,1,0,0.00970458984375,0.12000000000000001,max_entail,2,False
case_a4c0131e67644c03,694,Llama-3.1-8B-Instruct,1,1,0,0.0055389404296875,0.12000000000000001,max_entail,1,False
case_24c1c065a595acb9,694,Mistral-7B-Instruct-v0.1,2,1,0,0.02325439453125,0.12000000000000001,max_entail,1,False
case_3af88f3608f12611,694,Mistral-7B-Instruct-v0.3,3,1,0,0.00807952880859375,0.12000000000000001,max_entail,1,False
case_ee870939722c702b,933,Llama-3.1-8B-Instruct,1,1,0,0.002437591552734375,0.12000000000000001,max_entail,1,False
case_e01e70fc83b85946,933,Mistral-7B-Instruct-v0.3,3,1,0,0.0017557144165039062,0.12000000000000001,max_entail,2,False
case_e527e27570c1215f,1293,Mistral-7B-Instruct-v0.3,3,1,0,0.048004150390625,0.12000000000000001,max_entail,1,False
case_cf719cec56f7d002,1293,Llama-2-7b-chat-hf,0,1,0,0.01070404052734375,0.12000000000000001,max_entail,2,False
case_0a768033593e449f,1293,Llama-3.1-8B-Instruct,1,1,0,0.004138946533203125,0.12000000000000001,max_entail,1,False
case_58cca00c919b0c45,1293,Mistral-7B-Instruct-v0.1,2,1,0,0.0015459060668945312,0.12000000000000001,max_entail,1,False
case_dc6328699808ad4d,1293,Mistral-7B-Instruct-v0.3,3,1,0,0.018768310546875,0.12000000000000001,max_entail,2,False
case_789ba813fc1c9577,860,Llama-3.1-8B-Instruct,1,1,0,0.00817108154296875,0.12000000000000001,max_entail,1,False
case_fb74b9af2315b2c5,860,Mistral-7B-Instruct-v0.1,2,1,0,0.0083160400390625,0.12000000000000001,max_entail,1,False
case_db68b3995bc2b3a8,860,Mistral-7B-Instruct-v0.3,3,1,0,0.0205841064453125,0.12000000000000001,max_entail,1,False
case_184cbdbcded5fb0a,860,Llama-3.1-8B-Instruct,1,1,0,0.0009608268737792969,0.12000000000000001,max_entail,2,False
case_8678ab408194b9fa,860,Mistral-7B-Instruct-v0.3,3,1,0,0.0011663436889648438,0.12000000000000001,max_entail,1,False
case_140675de31fb09d0,390,Llama-2-7b-chat-hf,0,1,0,0.01261138916015625,0.12000000000000001,max_entail,1,False
case_b8dc60750f659264,390,Llama-3.1-8B-Instruct,1,1,0,0.0006952285766601562,0.12000000000000001,max_entail,1,False
case_9809d3c2ca8da531,390,Mistral-7B-Instruct-v0.1,2,1,0,0.0008344650268554688,0.12000000000000001,max_entail,1,False
case_d087e0f9a8e2f1d2,390,Mistral-7B-Instruct-v0.3,3,1,0,0.007518768310546875,0.12000000000000001,max_entail,1,False
case_7cfacc495308694d,2360,Llama-2-7b-chat-hf,0,1,0,0.0826416015625,0.12000000000000001,max_entail,1,False
case_1a9b744d764d5a80,2360,Llama-2-7b-chat-hf,0,1,0,0.004611968994140625,0.12000000000000001,max_entail,2,False
case_285552c6d6845de3,2360,Llama-3.1-8B-Instruct,1,1,0,0.0013322830200195312,0.12000000000000001,max_entail,1,False
case_bc9a573abe230378,2360,Mistral-7B-Instruct-v0.3,3,1,0,0.01313018798828125,0.12000000000000001,max_entail,1,False
case_1cdcd88363559463,1025,Llama-3.1-8B-Instruct,1,1,0,0.00493621826171875,0.12000000000000001,max_entail,2,False
case_198548f50e4a3d92,1025,Mistral-7B-Instruct-v0.1,2,1,0,0.00040912628173828125,0.12000000000000001,max_entail,1,False
case_c93a0ecf7304fc46,1025,Mistral-7B-Instruct-v0.3,3,1,0,0.001964569091796875,0.12000000000000001,max_entail,1,False
case_e26291934f3d1ab8,1523,Llama-2-7b-chat-hf,0,1,0,0.0070343017578125,0.12000000000000001,max_entail,2,False
case_2f68f3f96ed90d9e,1523,Llama-2-7b-chat-hf,0,1,0,0.004364013671875,0.12000000000000001,max_entail,1,False
case_fc9f7e9231a362eb,1523,Llama-3.1-8B-Instruct,1,1,0,0.0020046234130859375,0.12000000000000001,max_entail,1,False
case_bdd800a0ecfae907,1523,Mistral-7B-Instruct-v0.1,2,1,0,0.00206756591796875,0.12000000000000001,max_entail,1,False
case_728b1be7dc3d511a,1523,Mistral-7B-Instruct-v0.3,3,1,0,0.0012006759643554688,0.12000000000000001,max_entail,2,False
case_3b49cdbab97aa614,40,Llama-3.1-8B-Instruct,1,1,0,0.0020847320556640625,0.12000000000000001,max_entail,1,False
case_e0c37784d5a02d11,1683,Llama-2-7b-chat-hf,0,1,0,0.00543212890625,0.12000000000000001,max_entail,1,False
case_21ede1e38873b30f,1683,Llama-3.1-8B-Instruct,1,1,0,0.00659942626953125,0.12000000000000001,max_entail,1,False
case_fd6abd19de819476,1683,Mistral-7B-Instruct-v0.1,2,0,1,0.5380859375,0.12000000000000001,max_entail,1,False
case_aeac7b3b9c9ead09,1683,Mistral-7B-Instruct-v0.3,3,1,0,0.0119781494140625,0.12000000000000001,max_entail,1,False
case_63cd8d83b0c5f2c2,1683,Llama-3.1-8B-Instruct,1,1,0,0.005428314208984375,0.12000000000000001,max_entail,1,False
case_5080903f70136da9,1683,Mistral-7B-Instruct-v0.3,3,0,1,0.94580078125,0.12000000000000001,max_entail,1,False
case_d3f7ae42fba490f0,1505,Llama-2-7b-chat-hf,0,0,1,0.85888671875,0.12000000000000001,max_entail,2,False
case_0e4bdf8e9319ac0a,1505,Llama-3.1-8B-Instruct,1,1,0,0.0016679763793945312,0.12000000000000001,max_entail,1,False
case_e60d0f7e2b66f93d,1505,Mistral-7B-Instruct-v0.1,2,1,0,0.0128173828125,0.12000000000000001,max_entail,1,False
case_5e93dd54a19a238c,1505,Mistral-7B-Instruct-v0.3,3,1,0,0.004917144775390625,0.12000000000000001,max_entail,1,False
case_6646fd79706cea33,1505,Llama-2-7b-chat-hf,0,1,0,0.0301513671875,0.12000000000000001,max_entail,2,False
case_c21d6b72eeee711d,1505,Llama-3.1-8B-Instruct,1,1,0,0.0007758140563964844,0.12000000000000001,max_entail,1,False
case_793add5669efe54c,1505,Mistral-7B-Instruct-v0.3,3,1,0,0.004291534423828125,0.12000000000000001,max_entail,1,False
case_864e08987f25b8dd,2254,Llama-3.1-8B-Instruct,1,1,0,0.004261016845703125,0.12000000000000001,max_entail,1,False
case_63873e55c3e0be98,2254,Mistral-7B-Instruct-v0.1,2,1,0,0.0082855224609375,0.12000000000000001,max_entail,1,False
case_c984a1868bbaad2b,2254,Mistral-7B-Instruct-v0.3,3,1,0,0.00650787353515625,0.12000000000000001,max_entail,1,False
case_53f73dc415231a7e,2254,Llama-2-7b-chat-hf,0,0,1,0.128173828125,0.12000000000000001,max_entail,2,False
case_0b8ff8c52dc02892,2254,Llama-3.1-8B-Instruct,1,1,0,0.01617431640625,0.12000000000000001,max_entail,2,False
case_8b4b3c811256ef64,2254,Mistral-7B-Instruct-v0.3,3,1,0,0.042205810546875,0.12000000000000001,max_entail,1,False
case_431189de7851c080,1150,Mistral-7B-Instruct-v0.1,2,1,0,0.046722412109375,0.12000000000000001,max_entail,1,False
case_cd1920165a4506d1,1150,Llama-3.1-8B-Instruct,1,1,0,0.04486083984375,0.12000000000000001,max_entail,2,False
case_fbf31e8ee5fd2ac0,1150,Mistral-7B-Instruct-v0.1,2,1,0,0.023406982421875,0.12000000000000001,max_entail,1,False
case_d7c013c6d64a47c6,1150,Mistral-7B-Instruct-v0.3,3,1,0,0.038909912109375,0.12000000000000001,max_entail,1,False
case_ae7f968feee39612,307,Llama-3.1-8B-Instruct,1,1,0,0.0010251998901367188,0.12000000000000001,max_entail,1,False
case_9971472fe4b3d114,307,Mistral-7B-Instruct-v0.3,3,1,0,0.003040313720703125,0.12000000000000001,max_entail,1,False
case_b58f0ff8a1c1a508,379,Llama-2-7b-chat-hf,0,1,0,0.0064849853515625,0.12000000000000001,max_entail,2,False
case_18453d466d483965,379,Llama-3.1-8B-Instruct,1,1,0,0.0731201171875,0.12000000000000001,max_entail,2,False
case_450a15c153f145ef,379,Mistral-7B-Instruct-v0.1,2,1,0,0.035308837890625,0.12000000000000001,max_entail,2,False
case_695170845a3cb744,379,Mistral-7B-Instruct-v0.3,3,1,0,0.012603759765625,0.12000000000000001,max_entail,1,False
case_b83e93e0fb1d605c,379,Llama-2-7b-chat-hf,0,1,0,0.01059722900390625,0.12000000000000001,max_entail,2,False
case_5e97a1528611f615,379,Mistral-7B-Instruct-v0.3,3,1,0,0.004352569580078125,0.12000000000000001,max_entail,2,False
case_586c731cd3c4b156,446,Llama-2-7b-chat-hf,0,0,1,0.9267578125,0.12000000000000001,max_entail,3,False
case_0794a7f9a39e60f2,446,Llama-3.1-8B-Instruct,1,1,0,0.0014467239379882812,0.12000000000000001,max_entail,1,False
case_5114057918e24b4f,446,Mistral-7B-Instruct-v0.3,3,1,0,0.00258636474609375,0.12000000000000001,max_entail,1,False
case_b81316bacdb39779,822,Llama-2-7b-chat-hf,0,1,0,0.0318603515625,0.12000000000000001,max_entail,1,False
case_ff7ffd2118da5f86,822,Llama-3.1-8B-Instruct,1,1,0,0.0258331298828125,0.12000000000000001,max_entail,3,False
case_65be1a46205a7142,822,Mistral-7B-Instruct-v0.3,3,1,0,0.0179443359375,0.12000000000000001,max_entail,1,False
case_0087a7ec6aa78408,822,Llama-2-7b-chat-hf,0,0,1,0.95947265625,0.12000000000000001,max_entail,1,False
case_fa38fae76a3bfb49,822,Llama-3.1-8B-Instruct,1,1,0,0.002857208251953125,0.12000000000000001,max_entail,1,False
case_28c2eb69ceea5fc1,822,Mistral-7B-Instruct-v0.1,2,1,0,0.00505828857421875,0.12000000000000001,max_entail,1,False
case_e1c272699b5ca76e,822,Mistral-7B-Instruct-v0.3,3,1,0,0.00357818603515625,0.12000000000000001,max_entail,1,False
case_df4077c561978ea7,2255,Llama-2-7b-chat-hf,0,1,0,0.0196533203125,0.12000000000000001,max_entail,1,False
case_beeedf01e90db63f,2255,Llama-2-7b-chat-hf,0,1,0,0.0107421875,0.12000000000000001,max_entail,1,False
case_5823d9fd4ed3720c,2255,Llama-3.1-8B-Instruct,1,1,0,0.001300811767578125,0.12000000000000001,max_entail,1,False
case_30a7b17ccf0f88b9,2255,Mistral-7B-Instruct-v0.1,2,0,1,0.98681640625,0.12000000000000001,max_entail,3,False
case_cab3171c42c1e7ef,2255,Mistral-7B-Instruct-v0.3,3,1,0,0.022552490234375,0.12000000000000001,max_entail,3,False
case_78874e5e35188674,1214,Mistral-7B-Instruct-v0.1,2,1,0,0.0518798828125,0.12000000000000001,max_entail,1,False
case_bac761a5b38a26e1,1214,Llama-3.1-8B-Instruct,1,1,0,0.01641845703125,0.12000000000000001,max_entail,2,False
case_a58373c606d0b49e,1214,Mistral-7B-Instruct-v0.3,3,1,0,0.039031982421875,0.12000000000000001,max_entail,2,False
case_dcfe4e3d48401d1f,134,Llama-3.1-8B-Instruct,1,1,0,0.0013933181762695312,0.12000000000000001,max_entail,1,False
case_2bdca1cc702b6b52,134,Mistral-7B-Instruct-v0.1,2,1,0,0.0030269622802734375,0.12000000000000001,max_entail,1,False
case_5577a13d60face44,134,Mistral-7B-Instruct-v0.3,3,1,0,0.002117156982421875,0.12000000000000001,max_entail,1,False
case_452a8b577dbb1e0a,1429,Llama-2-7b-chat-hf,0,0,1,0.8994140625,0.12000000000000001,max_entail,1,False
case_884001dfa33b06cf,1429,Llama-3.1-8B-Instruct,1,1,0,0.006565093994140625,0.12000000000000001,max_entail,1,False
case_0316bbf27cda06f3,1429,Mistral-7B-Instruct-v0.1,2,1,0,0.080078125,0.12000000000000001,max_entail,1,False
case_0df51467e1a1fc8f,1429,Mistral-7B-Instruct-v0.3,3,0,1,0.253662109375,0.12000000000000001,max_entail,1,False
case_62ecd74e50b7fe6c,518,Llama-3.1-8B-Instruct,1,1,0,0.0015697479248046875,0.12000000000000001,max_entail,1,False
case_4eb140b1dcebf559,518,Mistral-7B-Instruct-v0.1,2,1,0,0.00814056396484375,0.12000000000000001,max_entail,1,False
case_7af90a4938e38e78,518,Mistral-7B-Instruct-v0.3,3,1,0,0.008453369140625,0.12000000000000001,max_entail,1,False
case_345b52690c76346c,518,Llama-2-7b-chat-hf,0,1,0,0.0025501251220703125,0.12000000000000001,max_entail,1,False
case_75dfa28a0a9824b8,518,Llama-3.1-8B-Instruct,1,1,0,0.0029048919677734375,0.12000000000000001,max_entail,1,False
case_2afdfe0b347faad3,518,Mistral-7B-Instruct-v0.1,2,1,0,0.0037250518798828125,0.12000000000000001,max_entail,1,False
case_f9902209e37cb941,518,Mistral-7B-Instruct-v0.3,3,1,0,0.003795623779296875,0.12000000000000001,max_entail,1,False
case_d44b15441298b878,1273,Llama-3.1-8B-Instruct,1,0,1,0.313232421875,0.12000000000000001,max_entail,1,False
case_fd8ff16e1bcfbff0,1273,Mistral-7B-Instruct-v0.1,2,1,0,0.002758026123046875,0.12000000000000001,max_entail,1,False
case_76833e5e99d6bce5,1273,Llama-2-7b-chat-hf,0,0,1,0.79931640625,0.12000000000000001,max_entail,2,False
case_50cee10e9c254626,1273,Llama-3.1-8B-Instruct,1,1,0,0.0091094970703125,0.12000000000000001,max_entail,1,False
case_79d6666714eb17c5,1273,Mistral-7B-Instruct-v0.1,2,1,0,0.002971649169921875,0.12000000000000001,max_entail,1,False
case_91a973c89890c1ef,1273,Mistral-7B-Instruct-v0.3,3,1,0,0.0038127899169921875,0.12000000000000001,max_entail,2,False
case_a36d0bebf84599ce,1171,Llama-2-7b-chat-hf,0,1,0,0.01334381103515625,0.12000000000000001,max_entail,1,False
case_e8725800cf90fb91,1171,Llama-3.1-8B-Instruct,1,1,0,0.000518798828125,0.12000000000000001,max_entail,1,False
case_329d22500dff739d,1171,Mistral-7B-Instruct-v0.3,3,1,0,0.00363922119140625,0.12000000000000001,max_entail,1,False
case_c9507057cca9d47f,1773,Llama-2-7b-chat-hf,0,1,0,0.08514404296875,0.12000000000000001,max_entail,1,False
case_326fdc916aeedaba,1773,Llama-2-7b-chat-hf,0,1,0,0.040496826171875,0.12000000000000001,max_entail,1,False
case_5016cfc4fa59592b,1773,Llama-3.1-8B-Instruct,1,1,0,0.002231597900390625,0.12000000000000001,max_entail,1,False
case_2858c5df5e7010b7,1773,Mistral-7B-Instruct-v0.1,2,1,0,0.0016527175903320312,0.12000000000000001,max_entail,1,False
case_10a2fac6565053cb,606,Llama-3.1-8B-Instruct,1,1,0,0.061126708984375,0.12000000000000001,max_entail,1,False
case_8d3dcd20302ce393,606,Mistral-7B-Instruct-v0.1,2,0,1,0.40869140625,0.12000000000000001,max_entail,1,False
case_105c3417434b3491,606,Llama-3.1-8B-Instruct,1,1,0,0.01337432861328125,0.12000000000000001,max_entail,1,False
case_92a2302562afae0d,246,Llama-2-7b-chat-hf,0,1,0,0.006717681884765625,0.12000000000000001,max_entail,1,False
case_604fd13b687085aa,246,Llama-3.1-8B-Instruct,1,1,0,0.0011930465698242188,0.12000000000000001,max_entail,1,False
case_18614ba63e66b94f,246,Mistral-7B-Instruct-v0.1,2,1,0,0.0008845329284667969,0.12000000000000001,max_entail,1,False
case_0171a36488fbb85c,246,Mistral-7B-Instruct-v0.3,3,1,0,0.006656646728515625,0.12000000000000001,max_entail,1,False
case_4108db1a6b36e428,1550,Llama-3.1-8B-Instruct,1,1,0,0.0052490234375,0.12000000000000001,max_entail,1,False
case_61e96764c2c28b13,1550,Mistral-7B-Instruct-v0.1,2,1,0,0.007080078125,0.12000000000000001,max_entail,1,False
case_f27ca8b150192d68,1550,Mistral-7B-Instruct-v0.3,3,1,0,0.013427734375,0.12000000000000001,max_entail,1,False
case_0c388f8f56565ab5,738,Llama-2-7b-chat-hf,0,1,0,0.004276275634765625,0.12000000000000001,max_entail,3,False
case_009839a55b2924c5,738,Mistral-7B-Instruct-v0.3,3,1,0,0.08782958984375,0.12000000000000001,max_entail,1,False
case_982d7b4fd52c69f3,738,Llama-2-7b-chat-hf,0,1,0,0.0036716461181640625,0.12000000000000001,max_entail,2,False
case_9e8d141c554c808f,738,Llama-3.1-8B-Instruct,1,1,0,0.00902557373046875,0.12000000000000001,max_entail,1,False
case_99ed08ef58507460,738,Mistral-7B-Instruct-v0.1,2,1,0,0.0093231201171875,0.12000000000000001,max_entail,1,False
case_dad7cc7b37eb1365,443,Llama-2-7b-chat-hf,0,0,1,0.96875,0.12000000000000001,max_entail,2,False
case_6d037d44ca5c61ec,443,Mistral-7B-Instruct-v0.3,3,1,0,0.0032863616943359375,0.12000000000000001,max_entail,1,False
case_65c86468c85d88e2,443,Llama-3.1-8B-Instruct,1,1,0,0.005916595458984375,0.12000000000000001,max_entail,1,False
case_809ca0f36678c235,443,Mistral-7B-Instruct-v0.3,3,1,0,0.0125885009765625,0.12000000000000001,max_entail,1,False
case_e93a2b3793322cfb,646,Llama-2-7b-chat-hf,0,1,0,0.034912109375,0.12000000000000001,max_entail,1,False
case_2751c912c7cae9a5,646,Llama-3.1-8B-Instruct,1,1,0,0.022552490234375,0.12000000000000001,max_entail,1,False
case_880581277ccf1cff,646,Mistral-7B-Instruct-v0.1,2,1,0,0.0083465576171875,0.12000000000000001,max_entail,1,False
case_121d9f8c1bf0e4ba,646,Mistral-7B-Instruct-v0.3,3,1,0,0.032073974609375,0.12000000000000001,max_entail,1,False
case_b7073e48fe6b4491,646,Llama-3.1-8B-Instruct,1,1,0,0.00769805908203125,0.12000000000000001,max_entail,1,False
case_80ee430d86ef7ae3,646,Mistral-7B-Instruct-v0.1,2,1,0,0.005474090576171875,0.12000000000000001,max_entail,1,False
case_cb8036c79048b306,2258,Llama-2-7b-chat-hf,0,1,0,0.0130462646484375,0.12000000000000001,max_entail,1,False
case_034b31391f6c1112,2258,Llama-2-7b-chat-hf,0,1,0,0.005260467529296875,0.12000000000000001,max_entail,2,False
case_0c4eb57c585c96c4,2258,Mistral-7B-Instruct-v0.1,2,1,0,0.004909515380859375,0.12000000000000001,max_entail,2,False
case_b0accfc52e58d69b,876,Llama-2-7b-chat-hf,0,1,0,0.0017242431640625,0.12000000000000001,max_entail,1,False
case_50c482f798bfe49e,876,Mistral-7B-Instruct-v0.1,2,1,0,0.0135650634765625,0.12000000000000001,max_entail,1,False
case_f41dfe407dac06ad,876,Llama-2-7b-chat-hf,0,1,0,0.06195068359375,0.12000000000000001,max_entail,3,False
case_7b6d5e3e4aaba553,876,Mistral-7B-Instruct-v0.1,2,1,0,0.005802154541015625,0.12000000000000001,max_entail,1,False
case_194e2a60d9e29d95,1426,Llama-2-7b-chat-hf,0,0,1,0.12286376953125,0.12000000000000001,max_entail,2,False
case_221271f60bcdd7d9,1426,Llama-3.1-8B-Instruct,1,1,0,0.027435302734375,0.12000000000000001,max_entail,2,False
case_7ea1d72821331e10,1426,Llama-3.1-8B-Instruct,1,1,0,0.003314971923828125,0.12000000000000001,max_entail,1,False
case_617413f545580e3f,1426,Mistral-7B-Instruct-v0.1,2,1,0,0.00579071044921875,0.12000000000000001,max_entail,1,False
case_d39521e3921a5609,1426,Mistral-7B-Instruct-v0.3,3,1,0,0.0063629150390625,0.12000000000000001,max_entail,2,False
case_0360f7a17ad36688,1931,Mistral-7B-Instruct-v0.1,2,1,0,0.010101318359375,0.12000000000000001,max_entail,1,False
case_84795164bf3a82d2,1931,Mistral-7B-Instruct-v0.3,3,1,0,0.0036792755126953125,0.12000000000000001,max_entail,1,False
case_b72c2d4748423c0a,306,Llama-2-7b-chat-hf,0,1,0,0.01125335693359375,0.12000000000000001,max_entail,2,False
case_54587f09c9873793,306,Llama-3.1-8B-Instruct,1,1,0,0.0163421630859375,0.12000000000000001,max_entail,1,False
case_44d6c2bf7285d391,1542,Mistral-7B-Instruct-v0.3,3,0,1,0.9287109375,0.12000000000000001,max_entail,1,False
case_dcc5c41af0553454,1542,Llama-3.1-8B-Instruct,1,1,0,0.0002982616424560547,0.12000000000000001,max_entail,1,False
case_b858a769a7ac9e8c,2208,Mistral-7B-Instruct-v0.1,2,1,0,0.0191802978515625,0.12000000000000001,max_entail,1,False
case_edada87d8ffb402c,2208,Mistral-7B-Instruct-v0.3,3,1,0,0.055633544921875,0.12000000000000001,max_entail,3,False
case_2a689418a8bfd686,781,Llama-3.1-8B-Instruct,1,1,0,0.08966064453125,0.12000000000000001,max_entail,1,False
case_2d8706cdc210beb8,781,Mistral-7B-Instruct-v0.1,2,1,0,0.0845947265625,0.12000000000000001,max_entail,1,False
case_e0840b7a95f2f7e2,781,Mistral-7B-Instruct-v0.3,3,1,0,0.035675048828125,0.12000000000000001,max_entail,1,False
case_0bf7f3f3d4b0ed3e,781,Llama-3.1-8B-Instruct,1,1,0,0.0027942657470703125,0.12000000000000001,max_entail,2,False
case_36a9c816e808c73a,573,Llama-2-7b-chat-hf,0,0,1,0.436279296875,0.12000000000000001,max_entail,2,False
case_268e4d94ad473017,573,Mistral-7B-Instruct-v0.1,2,0,1,0.8115234375,0.12000000000000001,max_entail,1,False
case_b9bd1e93942f2af5,573,Mistral-7B-Instruct-v0.3,3,0,1,0.76953125,0.12000000000000001,max_entail,2,False
case_7f264210ae8cd57a,573,Llama-3.1-8B-Instruct,1,1,0,0.029205322265625,0.12000000000000001,max_entail,1,False
case_085f9aff3ac668e5,1254,Llama-3.1-8B-Instruct,1,1,0,0.0230712890625,0.12000000000000001,max_entail,1,False
case_a99d5bd67d34666d,1254,Mistral-7B-Instruct-v0.3,3,1,0,0.047515869140625,0.12000000000000001,max_entail,1,False
case_0e0446a66edb05a9,1254,Llama-2-7b-chat-hf,0,0,1,0.164794921875,0.12000000000000001,max_entail,2,False
case_11dfb28c0aea0e35,1254,Llama-3.1-8B-Instruct,1,1,0,0.0141448974609375,0.12000000000000001,max_entail,1,False
case_c4a562a17ba3a30b,1254,Mistral-7B-Instruct-v0.3,3,1,0,0.00971221923828125,0.12000000000000001,max_entail,1,False
case_80572e01e72b39c9,1401,Mistral-7B-Instruct-v0.3,3,1,0,0.00829315185546875,0.12000000000000001,max_entail,1,False
case_2d95311582a8b132,1401,Llama-2-7b-chat-hf,0,1,0,0.009674072265625,0.12000000000000001,max_entail,2,False
case_1df61b11e8125d31,1401,Llama-3.1-8B-Instruct,1,1,0,0.0019102096557617188,0.12000000000000001,max_entail,2,False
case_b48b5e24cfa72989,1401,Mistral-7B-Instruct-v0.3,3,1,0,0.001377105712890625,0.12000000000000001,max_entail,2,False
case_efeabbf3c3260b8c,1983,Llama-2-7b-chat-hf,0,1,0,0.0015087127685546875,0.12000000000000001,max_entail,1,False
case_9b3e1071263092de,1983,Llama-3.1-8B-Instruct,1,1,0,0.052734375,0.12000000000000001,max_entail,1,False
case_03dc17b7db73846a,1983,Mistral-7B-Instruct-v0.3,3,1,0,0.024993896484375,0.12000000000000001,max_entail,1,False
case_533b89935f74640c,1983,Mistral-7B-Instruct-v0.3,3,1,0,0.0168914794921875,0.12000000000000001,max_entail,1,False
case_abe41f1669a5eab9,300,Llama-3.1-8B-Instruct,1,1,0,0.07354736328125,0.12000000000000001,max_entail,1,False
case_6904b683a4c9539e,300,Llama-2-7b-chat-hf,0,1,0,0.028076171875,0.12000000000000001,max_entail,1,False
case_375a7b8bd6d84952,300,Mistral-7B-Instruct-v0.1,2,1,0,0.0026683807373046875,0.12000000000000001,max_entail,1,False
case_8beceb5092417e44,300,Mistral-7B-Instruct-v0.3,3,1,0,0.0279388427734375,0.12000000000000001,max_entail,1,False
case_59ab0466d58e3daa,2022,Llama-2-7b-chat-hf,0,1,0,0.00861358642578125,0.12000000000000001,max_entail,1,False
case_05a656c4ab5f372d,2022,Llama-3.1-8B-Instruct,1,1,0,0.00533294677734375,0.12000000000000001,max_entail,1,False
case_bba6c090e6974de8,2022,Llama-3.1-8B-Instruct,1,1,0,0.001285552978515625,0.12000000000000001,max_entail,1,False
case_7586e603b02fe21f,1772,Mistral-7B-Instruct-v0.1,2,0,1,0.2274169921875,0.12000000000000001,max_entail,2,False
case_ec3d5252c2028445,1772,Llama-2-7b-chat-hf,0,0,1,0.96337890625,0.12000000000000001,max_entail,2,False
case_d9e731b4e7df0110,1772,Mistral-7B-Instruct-v0.3,3,0,1,0.970703125,0.12000000000000001,max_entail,3,False
case_625eaf4c8e91f9a9,1213,Llama-2-7b-chat-hf,0,0,1,0.98193359375,0.12000000000000001,max_entail,1,False
case_2ac0d1900c1fc0d1,1213,Mistral-7B-Instruct-v0.3,3,1,0,0.06622314453125,0.12000000000000001,max_entail,1,False
case_20a8b6cddaa90bfd,1213,Llama-2-7b-chat-hf,0,1,0,0.00954437255859375,0.12000000000000001,max_entail,2,False
case_cc7259537ee15b73,1213,Mistral-7B-Instruct-v0.1,2,1,0,0.021514892578125,0.12000000000000001,max_entail,1,False
case_ded5af7beefe379a,1213,Mistral-7B-Instruct-v0.3,3,1,0,0.0051116943359375,0.12000000000000001,max_entail,1,False
case_15d2e646a8557c13,282,Llama-3.1-8B-Instruct,1,1,0,0.07196044921875,0.12000000000000001,max_entail,1,False
case_9ccc3605e1f79a08,282,Llama-2-7b-chat-hf,0,0,1,0.99658203125,0.12000000000000001,max_entail,4,False
case_c4f3909c88d271df,282,Llama-3.1-8B-Instruct,1,1,0,0.00665283203125,0.12000000000000001,max_entail,1,False
case_831c94da6ce11297,282,Mistral-7B-Instruct-v0.3,3,0,1,0.96728515625,0.12000000000000001,max_entail,4,False
case_516754d1f589163d,710,Llama-3.1-8B-Instruct,1,0,1,0.18798828125,0.12000000000000001,max_entail,3,False
case_38027cd8c57ddc2e,710,Llama-2-7b-chat-hf,0,1,0,0.10797119140625,0.12000000000000001,max_entail,4,False
case_686094ba3437bca5,710,Llama-3.1-8B-Instruct,1,1,0,0.00266265869140625,0.12000000000000001,max_entail,1,False
case_54c12f31cd05ed12,710,Mistral-7B-Instruct-v0.1,2,1,0,0.00519561767578125,0.12000000000000001,max_entail,1,False
case_06aa68b013a00ccb,710,Mistral-7B-Instruct-v0.3,3,1,0,0.00754547119140625,0.12000000000000001,max_entail,1,False
case_ca19be747a3c0508,773,Llama-2-7b-chat-hf,0,1,0,0.00617218017578125,0.12000000000000001,max_entail,1,False
case_c19a8e97ee13b898,773,Mistral-7B-Instruct-v0.3,3,1,0,0.008819580078125,0.12000000000000001,max_entail,1,False
case_4cb0334d4de90374,773,Llama-3.1-8B-Instruct,1,1,0,0.0029926300048828125,0.12000000000000001,max_entail,1,False
case_089d12692d9bbe44,773,Mistral-7B-Instruct-v0.1,2,1,0,0.00359344482421875,0.12000000000000001,max_entail,1,False
case_8c6f1b20e12f9f48,855,Llama-2-7b-chat-hf,0,1,0,0.0789794921875,0.12000000000000001,max_entail,2,False
case_ed88a3988c2c59ce,855,Llama-3.1-8B-Instruct,1,1,0,0.061859130859375,0.12000000000000001,max_entail,1,False
case_0df8bfc6c51bae28,855,Mistral-7B-Instruct-v0.1,2,1,0,0.061859130859375,0.12000000000000001,max_entail,1,False
case_5cb8749329b56cd8,855,Mistral-7B-Instruct-v0.3,3,1,0,0.03369140625,0.12000000000000001,max_entail,1,False
case_eaa302ca64e7b1c8,855,Llama-3.1-8B-Instruct,1,1,0,0.0012063980102539062,0.12000000000000001,max_entail,1,False
case_43e86d226acdedb5,855,Mistral-7B-Instruct-v0.1,2,1,0,0.0010356903076171875,0.12000000000000001,max_entail,1,False
case_70bff1456d8f1cbd,855,Mistral-7B-Instruct-v0.3,3,1,0,0.00916290283203125,0.12000000000000001,max_entail,2,False
case_1505d06e20d6f76f,407,Mistral-7B-Instruct-v0.1,2,1,0,0.050689697265625,0.12000000000000001,max_entail,1,False
case_dbb3376f90414159,407,Llama-3.1-8B-Instruct,1,1,0,0.0562744140625,0.12000000000000001,max_entail,2,False
case_17e130c4c21896d0,407,Mistral-7B-Instruct-v0.3,3,1,0,0.00455474853515625,0.12000000000000001,max_entail,1,False
case_248cd30491d119f1,2191,Llama-3.1-8B-Instruct,1,1,0,0.03875732421875,0.12000000000000001,max_entail,1,False
case_0f3e4dd1a3118bc3,2191,Mistral-7B-Instruct-v0.3,3,0,1,0.6416015625,0.12000000000000001,max_entail,1,False
case_dd3da0ff2f4d95a6,2037,Llama-3.1-8B-Instruct,1,1,0,0.029815673828125,0.12000000000000001,max_entail,1,False
case_3921db76d4cbf74b,2037,Mistral-7B-Instruct-v0.3,3,1,0,0.1107177734375,0.12000000000000001,max_entail,1,False
case_c41cd7a830419b08,2037,Llama-2-7b-chat-hf,0,1,0,0.01751708984375,0.12000000000000001,max_entail,1,False
case_f164302d0bceddf2,2037,Llama-3.1-8B-Instruct,1,1,0,0.0191650390625,0.12000000000000001,max_entail,1,False
case_cfa9730e45eab459,2037,Mistral-7B-Instruct-v0.1,2,0,1,0.56494140625,0.12000000000000001,max_entail,1,False
case_b8f9bfe9f1b0bb02,1226,Mistral-7B-Instruct-v0.1,2,1,0,0.06787109375,0.12000000000000001,max_entail,1,False
case_5130b6b74502c9db,1226,Mistral-7B-Instruct-v0.1,2,1,0,0.001220703125,0.12000000000000001,max_entail,1,False
case_652305f874e259fe,1107,Llama-2-7b-chat-hf,0,0,1,0.40673828125,0.12000000000000001,max_entail,4,False
case_d2ec8267295c541c,1107,Mistral-7B-Instruct-v0.3,3,1,0,0.005603790283203125,0.12000000000000001,max_entail,1,False
case_72e573143a9b682d,2228,Llama-2-7b-chat-hf,0,0,1,0.60693359375,0.12000000000000001,max_entail,1,False
case_0bb01f208bcaac62,2228,Llama-3.1-8B-Instruct,1,1,0,0.0455322265625,0.12000000000000001,max_entail,1,False
case_57f7c5551ee99eca,926,Mistral-7B-Instruct-v0.1,2,1,0,0.00807952880859375,0.12000000000000001,max_entail,1,False
case_b599e82a45c9f89a,2298,Llama-2-7b-chat-hf,0,1,0,0.007556915283203125,0.12000000000000001,max_entail,1,False
case_27f5cb877352ce9f,2298,Llama-3.1-8B-Instruct,1,1,0,0.006206512451171875,0.12000000000000001,max_entail,1,False
case_e704dbe022283f35,2298,Mistral-7B-Instruct-v0.3,3,1,0,0.004245758056640625,0.12000000000000001,max_entail,1,False
case_450efcb529db3308,2062,Llama-2-7b-chat-hf,0,1,0,0.0679931640625,0.12000000000000001,max_entail,1,False
case_c9cbdc4055578be2,2062,Llama-3.1-8B-Instruct,1,1,0,0.006626129150390625,0.12000000000000001,max_entail,1,False
case_7a6dd19d33c82486,2062,Mistral-7B-Instruct-v0.1,2,1,0,0.00913238525390625,0.12000000000000001,max_entail,1,False
case_8de888fe49b3bde8,808,Mistral-7B-Instruct-v0.1,2,1,0,0.006927490234375,0.12000000000000001,max_entail,1,False
case_a0cc64454a1279f5,808,Mistral-7B-Instruct-v0.3,3,1,0,0.00991058349609375,0.12000000000000001,max_entail,1,False
case_a2f254969cfc73c1,183,Mistral-7B-Instruct-v0.1,2,0,1,0.18603515625,0.12000000000000001,max_entail,1,False
case_9c3523e255c1fb22,183,Llama-2-7b-chat-hf,0,0,1,0.283447265625,0.12000000000000001,max_entail,1,False
case_834da3abb93ca4ea,183,Llama-3.1-8B-Instruct,1,1,0,0.00970458984375,0.12000000000000001,max_entail,1,False
case_28836932e5ff4e58,183,Mistral-7B-Instruct-v0.1,2,1,0,0.0020389556884765625,0.12000000000000001,max_entail,1,False
case_9e226d7f7213f310,183,Mistral-7B-Instruct-v0.3,3,1,0,0.010223388671875,0.12000000000000001,max_entail,1,False
case_75fd672b861afc39,1159,Mistral-7B-Instruct-v0.1,2,0,1,0.9453125,0.12000000000000001,max_entail,1,False
case_0d645adc75029cf1,1159,Llama-2-7b-chat-hf,0,1,0,0.0019855499267578125,0.12000000000000001,max_entail,1,False
case_04bcdf4e95a5961f,1159,Llama-3.1-8B-Instruct,1,1,0,0.0009560585021972656,0.12000000000000001,max_entail,1,False
case_2486f4f906363031,1159,Mistral-7B-Instruct-v0.1,2,1,0,0.003631591796875,0.12000000000000001,max_entail,1,False
case_396e51993dc6d2bf,439,Llama-2-7b-chat-hf,0,1,0,0.0034046173095703125,0.12000000000000001,max_entail,1,False
case_4f0d9f81217daa4a,439,Llama-3.1-8B-Instruct,1,1,0,0.0112762451171875,0.12000000000000001,max_entail,1,False
case_b753ed08963b1ab4,439,Mistral-7B-Instruct-v0.1,2,1,0,0.007518768310546875,0.12000000000000001,max_entail,1,False
case_b7aea8b71b66a62a,439,Mistral-7B-Instruct-v0.3,3,1,0,0.0050048828125,0.12000000000000001,max_entail,1,False
case_cad827b09f4fb1c1,641,Llama-2-7b-chat-hf,0,0,1,0.304931640625,0.12000000000000001,max_entail,1,False
case_947614fc3b0f97b8,641,Llama-3.1-8B-Instruct,1,1,0,0.02374267578125,0.12000000000000001,max_entail,3,False
case_01b9f5bc2e6e99d2,641,Mistral-7B-Instruct-v0.1,2,1,0,0.0430908203125,0.12000000000000001,max_entail,1,False
case_21b07407ae032700,434,Llama-2-7b-chat-hf,0,1,0,0.0626220703125,0.12000000000000001,max_entail,2,False
case_c2608a10e2baca17,434,Llama-3.1-8B-Instruct,1,1,0,0.021942138671875,0.12000000000000001,max_entail,1,False
case_9c7009942b68ebf2,434,Mistral-7B-Instruct-v0.1,2,1,0,0.023162841796875,0.12000000000000001,max_entail,1,False
case_dfedbab26b630eb3,434,Mistral-7B-Instruct-v0.3,3,1,0,0.021697998046875,0.12000000000000001,max_entail,1,False
case_390ac7d6af634b6f,434,Llama-3.1-8B-Instruct,1,1,0,0.036224365234375,0.12000000000000001,max_entail,1,False
case_0b8e9d78fe7390ba,434,Mistral-7B-Instruct-v0.1,2,1,0,0.001567840576171875,0.12000000000000001,max_entail,1,False
case_4f81bd9c932a3d0d,434,Mistral-7B-Instruct-v0.3,3,1,0,0.00858306884765625,0.12000000000000001,max_entail,1,False
case_4002b997c6ad47f3,93,Llama-2-7b-chat-hf,0,0,1,0.307861328125,0.12000000000000001,max_entail,2,False
case_639bb5a7e3f9b5e6,93,Mistral-7B-Instruct-v0.1,2,0,1,0.802734375,0.12000000000000001,max_entail,1,False
case_22f6629f2f0275eb,93,Mistral-7B-Instruct-v0.3,3,0,1,0.1273193359375,0.12000000000000001,max_entail,2,False
case_329eb7e2caa3fddd,93,Llama-3.1-8B-Instruct,1,1,0,0.0187530517578125,0.12000000000000001,max_entail,1,False
case_85c3df0e610c32f6,93,Mistral-7B-Instruct-v0.3,3,1,0,0.002819061279296875,0.12000000000000001,max_entail,1,False
case_863b9b9fca328473,486,Llama-2-7b-chat-hf,0,0,1,0.8154296875,0.12000000000000001,max_entail,1,False
case_69d4287922d09fe6,486,Mistral-7B-Instruct-v0.1,2,0,1,0.479248046875,0.12000000000000001,max_entail,1,False
case_f11745b0d7d0b588,486,Mistral-7B-Instruct-v0.3,3,0,1,0.287109375,0.12000000000000001,max_entail,1,False
case_f449613422809b1c,486,Llama-2-7b-chat-hf,0,0,1,0.376953125,0.12000000000000001,max_entail,1,False
case_1366acbc88f46a83,486,Llama-3.1-8B-Instruct,1,1,0,0.029998779296875,0.12000000000000001,max_entail,1,False
case_3ffcc693112f0917,486,Mistral-7B-Instruct-v0.1,2,0,1,0.2308349609375,0.12000000000000001,max_entail,1,False
case_d0339ed21cef655d,486,Mistral-7B-Instruct-v0.3,3,0,1,0.64892578125,0.12000000000000001,max_entail,1,False
case_c80888f6cf7af583,1534,Llama-2-7b-chat-hf,0,1,0,0.0167694091796875,0.12000000000000001,max_entail,1,False
case_8a8b12c2f6e5e617,1534,Llama-2-7b-chat-hf,0,0,1,0.92626953125,0.12000000000000001,max_entail,2,False
case_3cc821aff791131f,1534,Llama-3.1-8B-Instruct,1,1,0,0.031768798828125,0.12000000000000001,max_entail,1,False
case_e61507eae0c1de98,1397,Llama-3.1-8B-Instruct,1,1,0,0.01415252685546875,0.12000000000000001,max_entail,1,False
case_b16c3ad2a5d7427d,1397,Mistral-7B-Instruct-v0.3,3,1,0,0.0162353515625,0.12000000000000001,max_entail,1,False
case_0f062e178ca16db7,1397,Llama-2-7b-chat-hf,0,0,1,0.140869140625,0.12000000000000001,max_entail,2,False
case_6fccd7ac43aeb21c,1397,Llama-3.1-8B-Instruct,1,1,0,0.01560211181640625,0.12000000000000001,max_entail,2,False
case_4cefa0927e709235,1397,Mistral-7B-Instruct-v0.1,2,1,0,0.007965087890625,0.12000000000000001,max_entail,1,False
case_0877e366d59a8af0,1397,Mistral-7B-Instruct-v0.3,3,1,0,0.00390625,0.12000000000000001,max_entail,1,False
case_ae1accd5e553345e,1096,Mistral-7B-Instruct-v0.3,3,0,1,0.91796875,0.12000000000000001,max_entail,2,False
case_08179e39c97e9a87,1096,Llama-2-7b-chat-hf,0,0,1,0.9326171875,0.12000000000000001,max_entail,2,False
case_c594b9f08aeec0e2,1096,Llama-3.1-8B-Instruct,1,1,0,0.0166473388671875,0.12000000000000001,max_entail,1,False
case_52fe31438c11641f,1096,Mistral-7B-Instruct-v0.1,2,1,0,0.01207733154296875,0.12000000000000001,max_entail,1,False
case_700535dfc7491f80,1096,Mistral-7B-Instruct-v0.3,3,1,0,0.035308837890625,0.12000000000000001,max_entail,1,False
case_354178f4e75a4767,1007,Llama-2-7b-chat-hf,0,0,1,0.360595703125,0.12000000000000001,max_entail,1,False
case_c2b3a9188c9ccd45,1007,Llama-3.1-8B-Instruct,1,1,0,0.057281494140625,0.12000000000000001,max_entail,1,False
case_9ed10e3b93963e5b,1007,Mistral-7B-Instruct-v0.3,3,1,0,0.00792694091796875,0.12000000000000001,max_entail,1,False
case_3ddb163aad55bb58,1007,Llama-3.1-8B-Instruct,1,1,0,0.023773193359375,0.12000000000000001,max_entail,1,False
