sample_id,source_model,gold_label,gate_prob_lr,gate_prob_hg,max_prob,answer_len
case_9d13fb8e70c896be,Llama-2-7b-chat-hf,0,0.965546,0.987786,0.454841,1081
case_06b9302eb2351e38,Llama-3.1-8B-Instruct,0,0.579447,0.563026,0.394284,388
case_c78fe197bdf1673d,Mistral-7B-Instruct-v0.1,1,0.90956,0.911432,0.444678,854
case_c805ae50fb187572,Mistral-7B-Instruct-v0.3,1,0.695519,0.785856,0.40346,471
case_012586be59a1b883,Llama-2-7b-chat-hf,0,0.943178,0.94707,0.489987,1121
case_b0ac0c32f598c3b7,Llama-3.1-8B-Instruct,0,0.541011,0.569395,0.181949,373
case_ed3ce65690f738a1,Mistral-7B-Instruct-v0.1,0,0.875437,0.819887,0.488098,812
case_991f51d1dcd352b9,Mistral-7B-Instruct-v0.3,0,0.950232,0.928327,0.457073,1452
case_7edc4a142af5efae,Llama-2-7b-chat-hf,0,0.372018,0.239961,0.358732,169
case_7b0371402c775a63,Llama-3.1-8B-Instruct,0,0.53905,0.414279,0.441783,143
case_e98c89df017f5306,Mistral-7B-Instruct-v0.1,0,0.323797,0.386754,0.354366,82
case_ac0c4b0b9ac49721,Mistral-7B-Instruct-v0.3,0,0.343548,0.181855,0.375286,94
case_79c2e88ed82c2381,Llama-2-7b-chat-hf,1,0.702366,0.540654,0.425809,382
case_fc8f3823a494a1fa,Llama-3.1-8B-Instruct,0,0.256757,0.200758,0.059967,189
case_83f6bba04c6a714a,Mistral-7B-Instruct-v0.1,0,0.226694,0.04562,0.048787,184
case_f2ea22d3d28d8117,Mistral-7B-Instruct-v0.3,0,0.597099,0.555398,0.171048,395
case_19ef47667da22bae,Llama-2-7b-chat-hf,1,0.384767,0.400517,0.104215,442
case_6d8a83ccbb8897ea,Llama-3.1-8B-Instruct,1,0.2198,0.016906,0.029757,134
case_cd28205cd60a9614,Mistral-7B-Instruct-v0.1,1,0.356895,0.543558,0.098991,98
case_01152df54446869c,Mistral-7B-Instruct-v0.3,1,0.222752,0.025859,0.032025,194
case_fe0b0120b91dc0ea,Llama-2-7b-chat-hf,0,0.406113,0.57351,0.115759,469
case_e2e658440b57c948,Llama-3.1-8B-Instruct,0,0.236152,0.022008,0.041741,109
case_4caf0d24d4b81338,Mistral-7B-Instruct-v0.1,0,0.232872,0.019704,0.046228,136
case_d9cee511d276f7e4,Mistral-7B-Instruct-v0.3,0,0.233557,0.085806,0.054061,115
case_07aa6c090ff32696,Llama-2-7b-chat-hf,1,0.936174,0.706541,0.505755,1106
case_2448fbdbbebe85d5,Llama-3.1-8B-Instruct,0,0.862996,0.842847,0.322724,784
case_85aee8f3b517cabe,Mistral-7B-Instruct-v0.1,0,0.522214,0.49587,0.219945,223
case_48f030d356becc1f,Mistral-7B-Instruct-v0.3,1,0.717619,0.663859,0.330182,633
case_1483412ce24e3039,Llama-2-7b-chat-hf,1,0.965156,0.881025,0.542423,1152
case_054eb5bfcab0ebce,Llama-3.1-8B-Instruct,0,0.260368,0.423744,0.055355,432
case_a2295e53466ba448,Mistral-7B-Instruct-v0.1,1,0.831954,0.730651,0.311696,568
case_e0459f2663a24f29,Mistral-7B-Instruct-v0.3,0,0.514548,0.565722,0.131378,340
case_ad0a14a3b28234f3,Llama-2-7b-chat-hf,1,0.781935,0.849197,0.48882,557
case_81e5830f06cc1d6e,Llama-3.1-8B-Instruct,0,0.548141,0.513952,0.453912,147
case_6c965fde23fbcca0,Mistral-7B-Instruct-v0.1,1,0.776848,0.829387,0.53214,375
case_8298e3b8dc3c70a6,Mistral-7B-Instruct-v0.3,1,0.763373,0.851048,0.542383,258
case_18785aa4bb9e649a,Llama-2-7b-chat-hf,1,0.931924,0.967462,0.593805,841
case_09385c87c9fad8c5,Llama-3.1-8B-Instruct,0,0.324087,0.656023,0.109094,328
case_bedac069091c5bae,Mistral-7B-Instruct-v0.1,0,0.219506,0.125151,0.051429,207
case_41157cd086b1e397,Mistral-7B-Instruct-v0.3,1,0.748601,0.773424,0.476213,433
case_7aa8bd86a6ec6c1e,Llama-2-7b-chat-hf,1,0.701584,0.679083,0.493393,331
case_6590ed58a6c302a7,Llama-3.1-8B-Instruct,0,0.235351,0.12914,0.045205,266
case_7c01b60670d2e638,Mistral-7B-Instruct-v0.1,1,0.428358,0.414238,0.389086,136
case_00242925b8ba6e99,Mistral-7B-Instruct-v0.3,0,0.310432,0.477574,0.063827,465
case_b530c93524c1176f,Llama-2-7b-chat-hf,0,0.304106,0.068516,0.298082,105
case_a3d7e2f30312b2fa,Llama-3.1-8B-Instruct,0,0.411158,0.227241,0.321411,225
case_bbacdb216ee837a1,Mistral-7B-Instruct-v0.1,0,0.280298,0.209748,0.299126,43
case_d03ccd0117c7eb20,Mistral-7B-Instruct-v0.3,0,0.305689,0.072363,0.313476,80
case_880ddeff79b54535,Llama-2-7b-chat-hf,1,0.610388,0.380754,0.432578,272
case_87e9810bfbfe599a,Llama-3.1-8B-Instruct,0,0.226227,0.036416,0.035605,182
case_1cd5595e2650ebe0,Mistral-7B-Instruct-v0.1,1,0.718392,0.646561,0.477558,271
case_df9270ab7bda8e26,Mistral-7B-Instruct-v0.3,1,0.465572,0.221885,0.339539,221
case_fd4615f8906ff302,Llama-2-7b-chat-hf,1,0.648352,0.638889,0.271656,420
case_a865ea51ebb0d1d2,Llama-3.1-8B-Instruct,0,0.302964,0.480788,0.077683,296
case_402f7f53e5c11faf,Mistral-7B-Instruct-v0.1,1,0.553453,0.499267,0.175001,219
case_b16c532741bed369,Mistral-7B-Instruct-v0.3,0,0.256637,0.306647,0.207773,88
case_7ab6963ec3e12fcf,Llama-2-7b-chat-hf,0,0.70168,0.637355,0.265248,439
case_57838c1ad9242549,Llama-3.1-8B-Instruct,1,0.206151,0.021196,0.049516,124
case_1b75b6764d70f16f,Mistral-7B-Instruct-v0.1,0,0.226588,0.032914,0.051843,313
case_5d7d5adaff4664cb,Mistral-7B-Instruct-v0.3,0,0.216532,0.054913,0.049848,340
case_b9b609a3350558ad,Llama-2-7b-chat-hf,1,0.969809,0.976396,0.559969,1480
case_e58f9ad5226affba,Llama-3.1-8B-Instruct,0,0.696891,0.62614,0.447847,400
case_8dbcf54644d5606e,Mistral-7B-Instruct-v0.1,0,0.916147,0.949244,0.516414,607
case_0236fd7d74a854c4,Mistral-7B-Instruct-v0.3,0,0.801757,0.856448,0.495067,568
case_c699c797bb7d5d0e,Llama-2-7b-chat-hf,1,0.93891,0.929123,0.515714,1620
case_455918ff3755a42b,Llama-3.1-8B-Instruct,0,0.439386,0.648882,0.111068,262
case_d8b1801c4b09c47c,Mistral-7B-Instruct-v0.1,0,0.825237,0.867735,0.307582,444
case_c4d9af14ee1f321f,Mistral-7B-Instruct-v0.3,0,0.684721,0.636173,0.198007,397
case_b2b08f6b66dc200f,Llama-2-7b-chat-hf,1,0.293505,0.359716,0.313107,125
case_43b4caf709782b01,Llama-3.1-8B-Instruct,0,0.465294,0.370584,0.185766,132
case_5ceb82fe8c40a96e,Mistral-7B-Instruct-v0.1,1,0.298101,0.464291,0.337185,89
case_1a508591dfc3e5ce,Mistral-7B-Instruct-v0.3,0,0.624157,0.638627,0.388402,353
case_bd8c27323f43dfc3,Llama-2-7b-chat-hf,1,0.270903,0.248788,0.301855,123
case_21e2888f2eb19cb9,Llama-3.1-8B-Instruct,0,0.205085,0.0278,0.031444,212
case_45a8841f1c0fa9a4,Mistral-7B-Instruct-v0.1,0,0.414473,0.508356,0.111427,340
case_e6be8c4712009390,Mistral-7B-Instruct-v0.3,0,0.328163,0.334188,0.087163,425
case_fa380df1a10c9d0c,Llama-2-7b-chat-hf,0,0.54303,0.497629,0.393767,157
case_7d0569ce781ffdb2,Llama-3.1-8B-Instruct,0,0.250938,0.266963,0.305165,90
case_19fc00e1d60a4a7c,Mistral-7B-Instruct-v0.1,0,0.332646,0.311406,0.377836,83
case_514d82205830eb3e,Mistral-7B-Instruct-v0.3,0,0.25094,0.266963,0.305166,90
case_7aca3c621e57b5bf,Llama-2-7b-chat-hf,1,0.819348,0.386739,0.447243,430
case_231d692b2e2206c4,Llama-3.1-8B-Instruct,0,0.191305,0.065081,0.027188,120
case_7ddbfe7fe5044819,Mistral-7B-Instruct-v0.1,1,0.231247,0.13529,0.298911,83
case_81b5b656d3b9cfc0,Mistral-7B-Instruct-v0.3,1,0.682265,0.298086,0.431035,266
case_88e0eec66d1f8f43,Llama-2-7b-chat-hf,0,0.645117,0.60143,0.40828,343
case_a34eef9f9a5b6bc1,Llama-3.1-8B-Instruct,0,0.517648,0.429477,0.335099,186
case_1ab8aad23005a3ae,Mistral-7B-Instruct-v0.1,0,0.544368,0.39823,0.368454,168
case_85f98fa5fe3c2e7c,Mistral-7B-Instruct-v0.3,0,0.607882,0.570627,0.390606,203
case_7c5260e6fdeaa944,Llama-2-7b-chat-hf,1,0.698579,0.863016,0.392734,444
case_dd0552e6867f4f94,Llama-3.1-8B-Instruct,0,0.465805,0.542322,0.139374,303
case_6c98ae1d58807a2e,Mistral-7B-Instruct-v0.1,1,0.681891,0.780033,0.383754,489
case_c761098001b3a7f4,Mistral-7B-Instruct-v0.3,1,0.499451,0.709577,0.333449,276
case_ced5301afeae832f,Llama-2-7b-chat-hf,0,0.859663,0.697668,0.515546,494
case_0405478868452c6a,Llama-3.1-8B-Instruct,0,0.402192,0.400214,0.410392,131
case_097681844b927b09,Mistral-7B-Instruct-v0.1,0,0.393778,0.38584,0.419697,73
case_c60c42cabe697afb,Mistral-7B-Instruct-v0.3,0,0.386049,0.352611,0.396807,110
case_40747ccd7deda67f,Llama-2-7b-chat-hf,1,0.9047,0.959006,0.530367,727
case_1b12f777a4d85a52,Llama-3.1-8B-Instruct,0,0.211737,0.029871,0.040369,118
case_8912651bcf0a7ee9,Mistral-7B-Instruct-v0.1,0,0.207219,0.117138,0.043791,92
case_f67942903a2b9f57,Mistral-7B-Instruct-v0.3,0,0.429258,0.409258,0.113006,420
case_af6c64ee0aa80704,Llama-2-7b-chat-hf,0,0.513254,0.313909,0.203369,177
case_4f3689c5e1623103,Llama-3.1-8B-Instruct,0,0.318926,0.405417,0.072752,80
case_f256af43797d27af,Mistral-7B-Instruct-v0.1,0,0.315213,0.353976,0.07277,79
case_50232b15e685785d,Mistral-7B-Instruct-v0.3,0,0.315213,0.353976,0.07277,79
case_090f0641fff83517,Llama-2-7b-chat-hf,0,0.826881,0.720628,0.228661,929
case_a7069eaab343fc6f,Llama-3.1-8B-Instruct,0,0.222,0.084297,0.040307,270
case_cb7d9a83a69e5be4,Mistral-7B-Instruct-v0.1,0,0.228272,0.175558,0.040932,94
case_561235ccfbf62b61,Mistral-7B-Instruct-v0.3,0,0.219858,0.237764,0.037448,205
case_e5e24bc885201d59,Llama-2-7b-chat-hf,0,0.334701,0.363396,0.310441,118
case_62c0eeb1460d5214,Llama-3.1-8B-Instruct,0,0.413348,0.640306,0.379447,79
case_f1c51b2bb06c2706,Mistral-7B-Instruct-v0.1,0,0.491889,0.671643,0.402421,92
case_3ac1db9a7a518adc,Mistral-7B-Instruct-v0.3,0,0.404088,0.680264,0.368369,79
case_8eefd314cdf03269,Llama-2-7b-chat-hf,1,0.532382,0.610401,0.426961,124
case_f6175b8f8c40f12f,Llama-3.1-8B-Instruct,0,0.305891,0.429161,0.088958,362
case_36bab8ca7ff0741c,Mistral-7B-Instruct-v0.1,0,0.221365,0.036667,0.033924,184
case_d7ee2576daa1b4b7,Mistral-7B-Instruct-v0.3,0,0.217106,0.020768,0.029782,228
case_c0e5bc47620aa5c2,Llama-2-7b-chat-hf,0,0.490656,0.438493,0.205211,134
case_307faec99f4f903d,Llama-3.1-8B-Instruct,0,0.609433,0.794172,0.451283,218
case_51de5c3e91cc09b1,Mistral-7B-Instruct-v0.1,0,0.629937,0.719073,0.490483,188
case_cfe7c05c8d24cbc3,Mistral-7B-Instruct-v0.3,0,0.290465,0.28625,0.091287,211
case_2b3b15e975109c78,Llama-2-7b-chat-hf,1,0.402611,0.49974,0.350821,118
case_11cf91fe05373495,Llama-3.1-8B-Instruct,0,0.233884,0.279994,0.044585,192
case_cf7ac398d33d561b,Mistral-7B-Instruct-v0.1,1,0.607747,0.773368,0.318087,170
case_0889ebd14141272f,Mistral-7B-Instruct-v0.3,0,0.413281,0.692632,0.107621,283
case_9500fa67cf07c793,Llama-2-7b-chat-hf,0,0.688946,0.622069,0.436049,348
case_47aa9f6d6552ab96,Llama-3.1-8B-Instruct,0,0.306858,0.228775,0.323339,121
case_4e37e0abdf5f6817,Mistral-7B-Instruct-v0.1,0,0.446969,0.289627,0.380199,116
case_a5588f29c80da29f,Mistral-7B-Instruct-v0.3,0,0.42479,0.352919,0.371506,115
case_94ab1c1df83be7d0,Llama-2-7b-chat-hf,0,0.432779,0.374398,0.103754,504
case_0f9c6f6b717531ef,Llama-3.1-8B-Instruct,0,0.234005,0.066275,0.048664,228
case_57581627fd19cfe9,Mistral-7B-Instruct-v0.1,1,0.627522,0.439624,0.20332,334
case_f4e66a9f2064dea7,Mistral-7B-Instruct-v0.3,0,0.214784,0.025998,0.032942,201
case_91563ddc6b9a6958,Llama-2-7b-chat-hf,0,0.68616,0.801775,0.465201,360
case_5403cceb44f01a4a,Llama-3.1-8B-Instruct,0,0.221439,0.121344,0.239172,140
case_1ea9e3dda8c1d6ff,Mistral-7B-Instruct-v0.1,0,0.666675,0.616511,0.480926,306
case_293cc3bc39490da3,Mistral-7B-Instruct-v0.3,0,0.24818,0.225201,0.265125,146
case_9ff94b675dfc32f2,Llama-2-7b-chat-hf,0,0.414486,0.48366,0.137407,394
case_2aef678aaf4b314c,Llama-3.1-8B-Instruct,0,0.196957,0.0184,0.027321,105
case_69575e15c3d63333,Mistral-7B-Instruct-v0.1,0,0.201423,0.081241,0.037017,95
case_6f9b9858ee3edd6d,Mistral-7B-Instruct-v0.3,0,0.255336,0.083649,0.071343,326
case_6acd997cd6af6221,Llama-2-7b-chat-hf,1,0.691091,0.817365,0.282315,483
case_b8619a1e5914221f,Llama-3.1-8B-Instruct,0,0.371922,0.239562,0.340379,135
case_227b3bdcbad23401,Mistral-7B-Instruct-v0.1,0,0.419768,0.222833,0.339634,167
case_f7257d4065e12ac3,Mistral-7B-Instruct-v0.3,0,0.411817,0.234741,0.365789,144
case_40f6f7a6d6941402,Llama-2-7b-chat-hf,0,0.390506,0.572098,0.102499,526
case_8e8a5350713ce64b,Llama-3.1-8B-Instruct,0,0.21684,0.034437,0.028956,176
case_1ac405dbddb8c3e2,Mistral-7B-Instruct-v0.1,1,0.326647,0.349038,0.193235,112
case_a2d83c925331bbeb,Mistral-7B-Instruct-v0.3,0,0.223352,0.02652,0.033938,187
case_ccaa6b2dcc4fc152,Llama-2-7b-chat-hf,1,0.532811,0.451434,0.39758,328
case_99176068d2d61339,Llama-3.1-8B-Instruct,0,0.241635,0.411298,0.066129,252
case_adcd0588e045af01,Mistral-7B-Instruct-v0.1,1,0.373003,0.354984,0.359837,147
case_4267209daa9d7db4,Mistral-7B-Instruct-v0.3,0,0.347618,0.332041,0.237538,182
case_d2ad4c75f124ba28,Llama-2-7b-chat-hf,0,0.259337,0.588277,0.061783,601
case_b8238f08875f0497,Llama-3.1-8B-Instruct,0,0.196371,0.103909,0.034979,185
case_859fffa95bd76f69,Mistral-7B-Instruct-v0.1,0,0.262771,0.422358,0.063073,575
case_c69e82367095bed6,Mistral-7B-Instruct-v0.3,0,0.195867,0.075636,0.034061,281
case_6590c9099b7f4738,Llama-2-7b-chat-hf,0,0.525122,0.626452,0.417775,226
case_8115e8f735a7d64f,Llama-3.1-8B-Instruct,0,0.479535,0.468184,0.469426,87
case_fc8bc027fedcb3d7,Mistral-7B-Instruct-v0.1,0,0.561504,0.448163,0.517549,92
case_49a98863d2b5f164,Mistral-7B-Instruct-v0.3,0,0.436932,0.205633,0.412763,128
case_3ed07e884155b750,Llama-2-7b-chat-hf,1,0.404028,0.239156,0.396752,162
case_6216f523a215f453,Llama-3.1-8B-Instruct,0,0.231849,0.367109,0.049998,193
case_14fb64e0b4832610,Mistral-7B-Instruct-v0.1,1,0.525381,0.696707,0.447571,92
case_ce211879c6047568,Mistral-7B-Instruct-v0.3,0,0.750193,0.733883,0.327503,495
case_a8975b1d763a47c8,Llama-2-7b-chat-hf,1,0.385034,0.3021,0.397596,120
case_f733fe303da935fe,Llama-3.1-8B-Instruct,0,0.384255,0.357323,0.385369,110
case_f9f40ec79ba24c99,Mistral-7B-Instruct-v0.1,1,0.265784,0.192589,0.346241,73
case_6a71b74e5bfb35a5,Mistral-7B-Instruct-v0.3,1,0.25181,0.0394,0.351658,83
case_6942bff60239f2ed,Llama-2-7b-chat-hf,1,0.453236,0.192163,0.372263,143
case_f23b648c3f0274e2,Llama-3.1-8B-Instruct,0,0.212744,0.063773,0.036966,286
case_44afd89ca16bc36a,Mistral-7B-Instruct-v0.1,0,0.218304,0.112027,0.044458,153
case_d535280ea139ce34,Mistral-7B-Instruct-v0.3,0,0.222787,0.08593,0.048765,234
case_59c578962462b040,Llama-2-7b-chat-hf,0,0.705412,0.477721,0.488498,374
case_3e97bbcececec131,Llama-3.1-8B-Instruct,0,0.174963,0.200069,0.23682,67
case_3a01e231267a1b26,Mistral-7B-Instruct-v0.1,0,0.316772,0.243777,0.324344,122
case_ed6862cacbbf12a0,Mistral-7B-Instruct-v0.3,0,0.320624,0.172006,0.325472,126
case_ac9f7e5c6454e0e3,Llama-2-7b-chat-hf,0,0.249554,0.15827,0.075718,307
case_08cf42eb108b0214,Llama-3.1-8B-Instruct,0,0.189189,0.000593,0.023333,102
case_1aa5203841bc4754,Mistral-7B-Instruct-v0.1,0,0.195665,0.048068,0.030593,170
case_ecdfd7f93fbe0cad,Mistral-7B-Instruct-v0.3,0,0.190231,0.001876,0.023862,247
case_63fe4f96d36af506,Llama-2-7b-chat-hf,1,0.979176,0.888453,0.525371,1167
case_df644d6fdca78452,Llama-3.1-8B-Instruct,0,0.425946,0.302527,0.380185,163
case_a537477dd5e89f8d,Mistral-7B-Instruct-v0.1,0,0.595213,0.845473,0.38321,262
case_b4967bfd2d24c0c6,Mistral-7B-Instruct-v0.3,1,0.530766,0.424278,0.403386,239
case_0a5018a45729f6b0,Llama-2-7b-chat-hf,1,0.953864,0.925133,0.404309,860
case_91a2dee93cb264cc,Llama-3.1-8B-Instruct,0,0.909555,0.929266,0.481818,641
case_f69371fb3ffb6739,Mistral-7B-Instruct-v0.1,1,0.954044,0.828778,0.479722,741
case_d8bd9b439a0b8f80,Mistral-7B-Instruct-v0.3,1,0.935231,0.817403,0.52878,581
case_a814a43cb907569c,Llama-2-7b-chat-hf,0,0.693731,0.279619,0.450286,425
case_d5c411a9dacde15b,Llama-3.1-8B-Instruct,0,0.230648,0.115599,0.245989,135
case_b47bdb004a2c6a9e,Mistral-7B-Instruct-v0.1,0,0.503796,0.297422,0.419786,173
case_3c3071e3a52f210b,Mistral-7B-Instruct-v0.3,0,0.431751,0.159074,0.375545,184
case_fd2e9737facd7dda,Llama-2-7b-chat-hf,0,0.84469,0.887173,0.476536,644
case_c49944cf825a5e39,Llama-3.1-8B-Instruct,0,0.192479,0.007707,0.029662,152
case_6b1099bd957a1052,Mistral-7B-Instruct-v0.1,0,0.205542,0.105426,0.041005,269
case_5958360f6325109b,Mistral-7B-Instruct-v0.3,0,0.239511,0.564924,0.058757,331
case_fcd8e71fcd0cc611,Llama-2-7b-chat-hf,1,0.845138,0.908777,0.566035,474
case_898a26b139f64b3a,Llama-3.1-8B-Instruct,0,0.534773,0.314789,0.422128,244
case_9b7a35737e3f1ece,Mistral-7B-Instruct-v0.1,1,0.732366,0.911088,0.48755,425
case_cb2e29c49340298e,Mistral-7B-Instruct-v0.3,0,0.816458,0.862012,0.452016,747
case_42b51dc2267198d3,Llama-2-7b-chat-hf,1,0.866803,0.886177,0.426311,696
case_da256a46e9eb821c,Llama-3.1-8B-Instruct,0,0.762209,0.508795,0.188741,418
case_0993e438b75ddd84,Mistral-7B-Instruct-v0.1,1,0.300738,0.21388,0.322888,107
case_fd0c9705f4e2ade1,Mistral-7B-Instruct-v0.3,0,0.491398,0.524215,0.132367,522
case_78b1dd79358747c6,Llama-2-7b-chat-hf,0,0.417557,0.33958,0.355157,160
case_ade11c874d723d68,Llama-3.1-8B-Instruct,0,0.435189,0.398771,0.368859,145
case_37d031885d376e84,Mistral-7B-Instruct-v0.1,0,0.292533,0.327968,0.318526,122
case_500da4f44ecafd27,Mistral-7B-Instruct-v0.3,0,0.328942,0.460405,0.341097,123
case_546415850d293b63,Llama-2-7b-chat-hf,1,0.651859,0.635521,0.374432,387
case_18b33c20ac826ec1,Llama-3.1-8B-Instruct,0,0.21137,0.018571,0.038825,146
case_9de29132049f9402,Mistral-7B-Instruct-v0.1,0,0.211283,0.008684,0.035504,130
case_38d108f30dc8b786,Mistral-7B-Instruct-v0.3,0,0.259532,0.220369,0.062056,341
case_1cd64cbca7181c89,Llama-2-7b-chat-hf,0,0.760377,0.83751,0.452708,536
case_2b0aaae19c924804,Llama-3.1-8B-Instruct,0,0.275122,0.220342,0.323997,112
case_df9494caa0521bf8,Mistral-7B-Instruct-v0.1,0,0.275124,0.220342,0.323999,112
case_44275ec7042b6507,Mistral-7B-Instruct-v0.3,0,0.301476,0.32694,0.314117,148
case_38e42e877ba791ae,Llama-2-7b-chat-hf,0,0.375136,0.54763,0.098406,605
case_acddf2c31f02f6ce,Llama-3.1-8B-Instruct,0,0.204522,0.009489,0.029899,162
case_d001fa321b238aa6,Mistral-7B-Instruct-v0.1,0,0.206429,0.008606,0.034831,174
case_e49686b405ba5f46,Mistral-7B-Instruct-v0.3,0,0.209056,0.037631,0.03243,209
case_f74bd70b133cdd5b,Llama-2-7b-chat-hf,0,0.526183,0.284967,0.253238,165
case_28788b64aacc13cc,Llama-3.1-8B-Instruct,0,0.467278,0.226501,0.212798,118
case_3db60793aee8b3fa,Mistral-7B-Instruct-v0.1,0,0.380581,0.215573,0.222939,119
case_f0eba743be926a78,Mistral-7B-Instruct-v0.3,0,0.421188,0.256305,0.223318,119
case_61574c49743f48df,Llama-2-7b-chat-hf,0,0.214506,0.100854,0.031381,224
case_032d15bda3bca5fa,Llama-3.1-8B-Instruct,0,0.209512,0.035189,0.036561,75
case_d18234960d3ca3c0,Mistral-7B-Instruct-v0.1,0,0.211315,0.007376,0.033128,158
case_5f130c5ab60755cb,Mistral-7B-Instruct-v0.3,0,0.21874,0.047007,0.034339,231
case_1e80c3700a1d9ab0,Llama-2-7b-chat-hf,1,0.664121,0.615829,0.161786,370
case_0adaf9eea728a962,Llama-3.1-8B-Instruct,0,0.314632,0.134859,0.301624,133
case_52ece337f5b275c9,Mistral-7B-Instruct-v0.1,1,0.295395,0.175768,0.310642,96
case_f1d786dbd01dc73f,Mistral-7B-Instruct-v0.3,0,0.53634,0.385752,0.371211,325
case_4e69a4771e2d535b,Llama-2-7b-chat-hf,0,0.577695,0.626911,0.127704,357
case_d6df681b74dca596,Llama-3.1-8B-Instruct,0,0.221803,0.110261,0.037091,97
case_fbdb8f8d196d8c77,Mistral-7B-Instruct-v0.1,0,0.266575,0.241027,0.055547,191
case_a0650a029026cbdb,Mistral-7B-Instruct-v0.3,1,0.451898,0.529201,0.13144,397
case_79c3dafc608a46a6,Llama-2-7b-chat-hf,0,0.565936,0.721292,0.301369,328
case_ef7b062c32d84b84,Llama-3.1-8B-Instruct,1,0.323473,0.115467,0.213085,144
case_4ffcef73d7bcc89a,Mistral-7B-Instruct-v0.1,0,0.374629,0.352713,0.336927,130
case_2731ecc65865def6,Mistral-7B-Instruct-v0.3,0,0.305069,0.133424,0.305117,125
case_4d192eb1c9b3c948,Llama-2-7b-chat-hf,0,0.267331,0.193679,0.084483,475
case_76fc2a1879c49e9b,Llama-3.1-8B-Instruct,0,0.187437,0.030973,0.039972,45
case_7abf19723a2e4646,Mistral-7B-Instruct-v0.1,0,0.180375,0.004787,0.026996,251
case_186720c13068c30b,Mistral-7B-Instruct-v0.3,0,0.193134,0.074897,0.038065,269
case_4796d228416feee9,Llama-2-7b-chat-hf,0,0.790641,0.844184,0.415281,487
case_37fa89fa464df84d,Llama-3.1-8B-Instruct,0,0.333343,0.097534,0.216637,100
case_73afcd8dd7413b47,Mistral-7B-Instruct-v0.1,1,0.450981,0.528691,0.127014,149
case_1c242251172ea23d,Mistral-7B-Instruct-v0.3,1,0.72535,0.77689,0.305142,395
case_8513153474e0e1bc,Llama-2-7b-chat-hf,0,0.504941,0.379199,0.144007,636
case_81e139b59ca8d741,Llama-3.1-8B-Instruct,0,0.198557,0.021557,0.027083,182
case_5c6a159f5689ed36,Mistral-7B-Instruct-v0.1,1,0.403174,0.49348,0.136487,125
case_b68db3ec07119a8c,Mistral-7B-Instruct-v0.3,0,0.199759,0.34765,0.027522,261
case_9d3b3ca617fa3e80,Llama-2-7b-chat-hf,1,0.472708,0.524343,0.108941,365
case_e155dab0b7b7a5b3,Llama-3.1-8B-Instruct,0,0.319234,0.504002,0.348216,74
case_03dc5b8b7e916696,Mistral-7B-Instruct-v0.1,0,0.319234,0.504002,0.348215,74
case_00a3a81b82608f1b,Mistral-7B-Instruct-v0.3,0,0.348506,0.422855,0.370944,76
case_cc2147349c87407a,Llama-2-7b-chat-hf,0,0.874443,0.925065,0.312984,681
case_6f508eb343af2b6e,Llama-3.1-8B-Instruct,0,0.343452,0.295772,0.083333,180
case_51c94ce694e40cc4,Mistral-7B-Instruct-v0.1,1,0.435392,0.282201,0.415677,75
case_0f778a15a04e0155,Mistral-7B-Instruct-v0.3,1,0.533871,0.289971,0.443202,152
case_09c2b73784a3f811,Llama-2-7b-chat-hf,0,0.707693,0.907778,0.221275,525
case_8af956cc3cd1e514,Llama-3.1-8B-Instruct,0,0.491376,0.602125,0.339166,241
case_901ef9925522430e,Mistral-7B-Instruct-v0.1,0,0.774917,0.647982,0.393674,314
case_98f434282b3acaf6,Mistral-7B-Instruct-v0.3,0,0.364598,0.538374,0.118321,376
case_9598970b4e2e2b60,Llama-2-7b-chat-hf,0,0.831779,0.92837,0.311322,659
case_fa4a95afc25efb81,Llama-3.1-8B-Instruct,0,0.205193,0.023297,0.027737,75
case_9d8c31e8a6aed10a,Mistral-7B-Instruct-v0.1,1,0.422998,0.369168,0.258275,200
case_8e5d9250f1262862,Mistral-7B-Instruct-v0.3,0,0.221295,0.081123,0.04307,180
case_ae1a534b4e2a0838,Llama-2-7b-chat-hf,1,0.791983,0.771943,0.350127,594
case_2daf48497e3c67a5,Llama-3.1-8B-Instruct,0,0.229418,0.113423,0.047467,345
case_fd0faf24ee2b7828,Mistral-7B-Instruct-v0.1,1,0.545167,0.460707,0.359671,354
case_ac06aea9a63cd1cb,Mistral-7B-Instruct-v0.3,1,0.447756,0.218288,0.34986,216
case_062b5b6298436b5f,Llama-2-7b-chat-hf,1,0.392794,0.335019,0.101821,374
case_fdfe479d9468a054,Llama-3.1-8B-Instruct,0,0.218103,0.113618,0.036347,330
case_aabf229d1a6a8dc5,Mistral-7B-Instruct-v0.1,1,0.805927,0.749892,0.324098,469
case_6a6a509112049291,Mistral-7B-Instruct-v0.3,1,0.49769,0.215636,0.402871,178
case_436667649fdc827e,Llama-2-7b-chat-hf,1,0.708465,0.633193,0.458472,370
case_d9bdf562972dd221,Llama-3.1-8B-Instruct,0,0.738953,0.551919,0.355693,283
case_28220d59b33c6049,Mistral-7B-Instruct-v0.1,0,0.325129,0.120762,0.109023,200
case_6f84254e6aa3ac13,Mistral-7B-Instruct-v0.3,0,0.481117,0.609221,0.18618,294
case_c81dbe3d949c7c26,Llama-2-7b-chat-hf,1,0.724461,0.758805,0.122903,680
case_e1a1eabb7859833d,Llama-3.1-8B-Instruct,0,0.210394,0.354466,0.035356,165
case_5553bf8d0da6c306,Mistral-7B-Instruct-v0.1,0,0.216717,0.416873,0.038257,167
case_1be2c82e1a07e0be,Mistral-7B-Instruct-v0.3,0,0.214466,0.070163,0.035525,289
case_6bafac8c86daa217,Llama-2-7b-chat-hf,1,0.650452,0.664744,0.414378,420
case_a48e2162d6c5be13,Llama-3.1-8B-Instruct,0,0.521062,0.580001,0.336003,253
case_62245b725b8113e1,Mistral-7B-Instruct-v0.1,0,0.47489,0.400149,0.2126,241
case_4d71300124dfb072,Mistral-7B-Instruct-v0.3,0,0.576024,0.745219,0.183396,335
case_f235f6514c8fab65,Llama-2-7b-chat-hf,1,0.691862,0.639267,0.446445,435
case_99562eca1557b824,Llama-3.1-8B-Instruct,0,0.217633,0.232082,0.034134,382
case_36377d9fa2c8f688,Mistral-7B-Instruct-v0.1,1,0.594651,0.488827,0.140776,271
case_00fe7ed699f8e74c,Mistral-7B-Instruct-v0.3,0,0.518074,0.542022,0.117062,232
case_13e8239b8db486db,Llama-2-7b-chat-hf,0,0.499007,0.208404,0.415124,203
case_490bc38ea6030600,Llama-3.1-8B-Instruct,0,0.385421,0.12425,0.364878,82
case_3dbf1fc238fb58e2,Mistral-7B-Instruct-v0.1,0,0.445434,0.19792,0.331288,100
case_c70c8f2d7d8eca4e,Mistral-7B-Instruct-v0.3,0,0.348284,0.251442,0.308996,69
case_3d658854f0c847a2,Llama-2-7b-chat-hf,0,0.25385,0.073517,0.066713,363
case_42ff426da64b0fcd,Llama-3.1-8B-Instruct,0,0.210768,0.010649,0.03348,202
case_9566d34902643687,Mistral-7B-Instruct-v0.1,0,0.223961,0.288271,0.043525,147
case_0a693d0dc8e66bfd,Mistral-7B-Instruct-v0.3,0,0.224194,0.120371,0.047376,246
case_472b9aedef5bbb9a,Llama-2-7b-chat-hf,0,0.421906,0.196015,0.351384,193
case_7f63624670275df7,Llama-3.1-8B-Instruct,0,0.29852,0.263016,0.323558,92
case_142d1814ebc5fab7,Mistral-7B-Instruct-v0.1,0,0.28682,0.304552,0.320463,85
case_144252c72717624c,Mistral-7B-Instruct-v0.3,0,0.286821,0.304552,0.320464,85
case_03f0736b43ab35e4,Llama-2-7b-chat-hf,1,0.434961,0.116203,0.385103,137
case_5638b5407737716c,Llama-3.1-8B-Instruct,0,0.211391,0.19307,0.032042,140
case_baf232944ef5ad5b,Mistral-7B-Instruct-v0.1,1,0.303472,0.321941,0.334478,86
case_26563340650b46b7,Mistral-7B-Instruct-v0.3,0,0.25122,0.184159,0.059513,245
case_b0d3f8f2f5c96f92,Llama-2-7b-chat-hf,0,0.809782,0.907318,0.303017,690
case_03ffd8dd2cfda47e,Llama-3.1-8B-Instruct,0,0.545125,0.376794,0.399504,216
case_7ef478934e9b738f,Mistral-7B-Instruct-v0.1,1,0.211259,0.035494,0.032294,198
case_56e67651551832fb,Mistral-7B-Instruct-v0.3,1,0.748242,0.691946,0.305276,393
case_f70aadede4313e61,Llama-2-7b-chat-hf,1,0.911207,0.967971,0.485329,926
case_2140b30ae47495d2,Llama-3.1-8B-Instruct,0,0.204103,0.034856,0.025923,176
case_a6396405abec92a0,Mistral-7B-Instruct-v0.1,0,0.209172,0.007535,0.029704,203
case_fc0a4e3c3b38846c,Mistral-7B-Instruct-v0.3,0,0.267371,0.386127,0.059909,211
case_416dd68421f9089c,Llama-2-7b-chat-hf,1,0.931887,0.986108,0.582139,691
case_eac47d01f1b0d7a4,Llama-3.1-8B-Instruct,1,0.661347,0.755257,0.372192,390
case_e5c14373c4c03bca,Mistral-7B-Instruct-v0.1,1,0.755059,0.768914,0.370158,559
case_1d0dc79bc8257471,Mistral-7B-Instruct-v0.3,0,0.510237,0.814722,0.138981,418
case_46e49833f178c451,Llama-2-7b-chat-hf,0,0.589829,0.66707,0.245003,351
case_636565fe9eb40d0d,Llama-3.1-8B-Instruct,0,0.532589,0.594281,0.20924,283
case_3fa3fe2659f602e7,Mistral-7B-Instruct-v0.1,1,0.21333,0.103915,0.050634,133
case_8a712798e68dc1e3,Mistral-7B-Instruct-v0.3,0,0.612858,0.688989,0.319933,356
case_1b69823089ec4e9e,Llama-2-7b-chat-hf,1,0.821173,0.297949,0.369325,403
case_3492f005da3ca222,Llama-3.1-8B-Instruct,1,0.30719,0.190157,0.263142,141
case_beb2660be7382ebf,Mistral-7B-Instruct-v0.1,0,0.243108,0.178997,0.173599,88
case_1346db5cc747678b,Mistral-7B-Instruct-v0.3,0,0.484426,0.338261,0.1846,192
case_9c106d44dbea871a,Llama-2-7b-chat-hf,0,0.26878,0.195748,0.055896,389
case_3c0e45e8bcfc6be0,Llama-3.1-8B-Instruct,0,0.20337,0.027018,0.036309,75
case_78b17cc19d302d5f,Mistral-7B-Instruct-v0.1,0,0.219026,0.174841,0.053319,214
case_946c747043e55c2c,Mistral-7B-Instruct-v0.3,0,0.453047,0.330328,0.085351,370
case_390e75448c6e9abf,Llama-2-7b-chat-hf,0,0.660641,0.726851,0.400089,323
case_45c95f3cc8d59ee2,Llama-3.1-8B-Instruct,0,0.45541,0.089322,0.383694,147
case_f424bac58c0bb243,Mistral-7B-Instruct-v0.1,0,0.379956,0.217541,0.335641,83
case_d2d9dceee0b9b7e1,Mistral-7B-Instruct-v0.3,0,0.47025,0.232269,0.3273,143
case_90a294365ab5ac36,Llama-2-7b-chat-hf,0,0.640832,0.458589,0.183538,400
case_a2d53bb226811c04,Llama-3.1-8B-Instruct,0,0.204829,0.088965,0.032135,147
case_59d4da4bd58fd9e7,Mistral-7B-Instruct-v0.1,0,0.26168,0.264692,0.055975,108
case_41777f83c0f449cd,Mistral-7B-Instruct-v0.3,0,0.584811,0.529687,0.140367,309
case_3a75bb590c722f78,Llama-2-7b-chat-hf,1,0.866524,0.932701,0.512746,718
case_40829ae415818df9,Llama-3.1-8B-Instruct,0,0.867447,0.971035,0.573921,474
case_7846b832167a5808,Mistral-7B-Instruct-v0.1,0,0.471667,0.361019,0.373953,332
case_3262eaccb01845ff,Mistral-7B-Instruct-v0.3,1,0.347209,0.385438,0.299148,360
case_bd772fdbc51fb7c9,Llama-2-7b-chat-hf,1,0.780506,0.904167,0.504083,552
case_634946c01b261aee,Llama-3.1-8B-Instruct,0,0.219748,0.102716,0.051642,337
case_c34c951901ef4f86,Mistral-7B-Instruct-v0.1,1,0.394794,0.273702,0.337854,338
case_3a07e38ea881d098,Mistral-7B-Instruct-v0.3,1,0.790217,0.879304,0.495276,637
case_481375bccbec35a5,Llama-2-7b-chat-hf,0,0.86184,0.836171,0.483771,475
case_04169c389135f878,Llama-3.1-8B-Instruct,0,0.751154,0.749391,0.462285,404
case_0e56c85b9435a71f,Mistral-7B-Instruct-v0.1,0,0.722419,0.454188,0.447401,368
case_8fbdf3366279e36a,Mistral-7B-Instruct-v0.3,0,0.685875,0.354015,0.439395,338
case_f4d646431b7229f3,Llama-2-7b-chat-hf,1,0.984873,0.991862,0.494747,1226
case_695ae3d8c77cf2b5,Llama-3.1-8B-Instruct,0,0.317199,0.300528,0.09764,442
case_fe1867f9b5475e01,Mistral-7B-Instruct-v0.1,1,0.87861,0.974549,0.552286,1892
case_f5dac88a73a25c1d,Mistral-7B-Instruct-v0.3,0,0.972309,0.939393,0.442032,1069
case_80dc8ea1f160f3b6,Llama-2-7b-chat-hf,1,0.709485,0.829405,0.48576,363
case_3962159289f83d25,Llama-3.1-8B-Instruct,0,0.391626,0.193484,0.271459,121
case_5ca79a8248930921,Mistral-7B-Instruct-v0.1,1,0.758086,0.747025,0.497002,419
case_40c921e6818e4076,Mistral-7B-Instruct-v0.3,0,0.546104,0.387914,0.240927,181
case_9e80df2c7c2b039b,Llama-2-7b-chat-hf,1,0.875433,0.824498,0.47206,473
case_fa3b8a439c280fbd,Llama-3.1-8B-Instruct,0,0.266885,0.244337,0.068803,234
case_f9cfb69c9087e993,Mistral-7B-Instruct-v0.1,0,0.28361,0.519185,0.076028,308
case_49a73316a5276ec8,Mistral-7B-Instruct-v0.3,0,0.214457,0.107367,0.039805,376
case_d05c8076a26b48f6,Llama-2-7b-chat-hf,1,0.79011,0.946304,0.476487,551
case_28cca8baf2b749ca,Llama-3.1-8B-Instruct,0,0.299608,0.289589,0.287385,166
case_1773a20a172326f9,Mistral-7B-Instruct-v0.1,1,0.722841,0.76495,0.455963,435
case_be158c84f2e18401,Mistral-7B-Instruct-v0.3,0,0.591137,0.612271,0.426254,291
case_bf7bf47e943a5163,Llama-2-7b-chat-hf,1,0.703915,0.782748,0.436919,523
case_7cdcfc3cc721471e,Llama-3.1-8B-Instruct,0,0.20966,0.006233,0.033955,180
case_ead64c1ad914d997,Mistral-7B-Instruct-v0.1,0,0.217926,0.357206,0.039974,193
case_bf7aedc9ad24e1e5,Mistral-7B-Instruct-v0.3,1,0.670783,0.411701,0.291207,263
case_12c5826b565a2329,Llama-2-7b-chat-hf,0,0.680762,0.329089,0.445765,365
case_4607830376075877,Llama-3.1-8B-Instruct,0,0.316902,0.469621,0.333554,70
case_46a2f6d409a55e87,Mistral-7B-Instruct-v0.1,0,0.397106,0.527578,0.365924,106
case_74df7845de689cf1,Mistral-7B-Instruct-v0.3,0,0.318563,0.218909,0.332354,105
case_36213dfc1af8c084,Llama-2-7b-chat-hf,1,0.356658,0.154985,0.331549,130
case_33cac839b9be0143,Llama-3.1-8B-Instruct,0,0.202414,0.006683,0.032142,70
case_43ccb0b7d1cecd3d,Mistral-7B-Instruct-v0.1,1,0.311502,0.250241,0.317092,97
case_780863056677c1e3,Mistral-7B-Instruct-v0.3,0,0.219609,0.065198,0.038852,213
case_6597210d70d4f726,Llama-2-7b-chat-hf,0,0.309255,0.458695,0.322557,144
case_bbddd345399d9f95,Llama-3.1-8B-Instruct,0,0.229048,0.356923,0.268893,112
case_b6b80108bd4406bb,Mistral-7B-Instruct-v0.1,0,0.229048,0.356923,0.268893,112
case_c936d1c3f4f53ac7,Mistral-7B-Instruct-v0.3,0,0.210771,0.416306,0.255477,108
case_6575e93e9dc3752e,Llama-2-7b-chat-hf,1,0.331782,0.418307,0.340137,145
case_e098c8afb24ba38f,Llama-3.1-8B-Instruct,0,0.38224,0.621129,0.129508,268
case_3e58cd460a693c89,Mistral-7B-Instruct-v0.1,0,0.215805,0.298979,0.040365,133
case_030d5290428c6aeb,Mistral-7B-Instruct-v0.3,0,0.201299,0.008253,0.028133,223
case_e02e8d7495b80742,Llama-2-7b-chat-hf,0,0.638487,0.630744,0.39269,318
case_0acd4b4322a125bf,Llama-3.1-8B-Instruct,0,0.5575,0.43878,0.415534,186
case_bd48b4a61f65ccbc,Mistral-7B-Instruct-v0.1,0,0.740534,0.814244,0.462614,395
case_467a22929032feee,Mistral-7B-Instruct-v0.3,0,0.783904,0.859491,0.293426,493
case_76bb88370f14f5ca,Llama-2-7b-chat-hf,1,0.842688,0.81581,0.23504,607
case_c844dad93470b6ca,Llama-3.1-8B-Instruct,0,0.209219,0.092667,0.034345,86
case_f8d63606f21c2e93,Mistral-7B-Instruct-v0.1,1,0.416518,0.15094,0.295211,130
case_0a5356fab5190704,Mistral-7B-Instruct-v0.3,0,0.21612,0.287569,0.033,246
case_c3832a97058aa944,Llama-2-7b-chat-hf,1,0.663088,0.478523,0.446848,371
case_79f9c183e451a14a,Llama-3.1-8B-Instruct,0,0.334644,0.328379,0.322709,158
case_a6fad46a3f5c1507,Mistral-7B-Instruct-v0.1,0,0.251544,0.361967,0.312557,81
case_d6f124d7351dfdfa,Mistral-7B-Instruct-v0.3,0,0.293243,0.431426,0.323538,125
case_a8ce2927c083225f,Llama-2-7b-chat-hf,1,0.718747,0.781834,0.439933,378
case_bae0ae3decd55c59,Llama-3.1-8B-Instruct,0,0.218339,0.073694,0.037093,297
case_e6eb1832b902414c,Mistral-7B-Instruct-v0.1,1,0.318773,0.163566,0.278488,87
case_d0d60247c9ea30c8,Mistral-7B-Instruct-v0.3,0,0.749642,0.524585,0.181194,524
case_a930f3e5e87bbc0d,Llama-2-7b-chat-hf,0,0.745264,0.886341,0.318433,480
case_850860bb8f5625a4,Llama-3.1-8B-Instruct,0,0.43526,0.338172,0.179138,108
case_4ee75cfa3a601cdd,Mistral-7B-Instruct-v0.1,1,0.315221,0.329065,0.346301,96
case_8d301d7f1ad51b18,Mistral-7B-Instruct-v0.3,0,0.415085,0.472802,0.130856,230
case_f88179b656df7317,Llama-2-7b-chat-hf,1,0.842756,0.753708,0.306996,584
case_fc3756bb754efad8,Llama-3.1-8B-Instruct,0,0.216809,0.150316,0.036803,252
case_4d7796997be93cf4,Mistral-7B-Instruct-v0.1,1,0.874321,0.917649,0.487244,654
case_e0de894ed5496bb4,Mistral-7B-Instruct-v0.3,0,0.254151,0.169548,0.058052,523
case_93486881c874e22b,Llama-2-7b-chat-hf,1,0.683478,0.568086,0.337998,346
case_33fe639e59ef119d,Llama-3.1-8B-Instruct,0,0.296822,0.236954,0.109447,290
case_15bc9ed96dd2f075,Mistral-7B-Instruct-v0.1,1,0.503292,0.617686,0.245915,267
case_39bed4b7f79018fc,Mistral-7B-Instruct-v0.3,1,0.762865,0.464831,0.412364,326
case_76d8043347ab2ea0,Llama-2-7b-chat-hf,1,0.459084,0.503279,0.085125,572
case_ebccadb6b4064855,Llama-3.1-8B-Instruct,0,0.627981,0.737805,0.424144,250
case_190e7f24bc0e7c41,Mistral-7B-Instruct-v0.1,0,0.603964,0.663157,0.42175,251
case_609fac1419eb5615,Mistral-7B-Instruct-v0.3,0,0.637335,0.635206,0.457494,240
case_363b5b61d3c0bfd9,Llama-2-7b-chat-hf,1,0.908264,0.961933,0.423171,1146
case_5470027df9fbf79d,Llama-3.1-8B-Instruct,0,0.276811,0.333219,0.066138,300
case_1b04d2c56f3c4288,Mistral-7B-Instruct-v0.1,1,0.555461,0.432979,0.424591,207
case_1dd5d9d96510bbac,Mistral-7B-Instruct-v0.3,0,0.229267,0.299242,0.045962,389
case_6989f66abcf7ca22,Llama-2-7b-chat-hf,1,0.814726,0.878198,0.493721,600
case_bdfceca5214f7965,Llama-3.1-8B-Instruct,0,0.475603,0.424859,0.181331,90
case_3d9e489c4727dab3,Mistral-7B-Instruct-v0.1,1,0.703458,0.630602,0.439152,371
case_781dea5fc76af568,Mistral-7B-Instruct-v0.3,0,0.481001,0.389385,0.137543,159
case_e2697f3615dcb6e5,Llama-2-7b-chat-hf,0,0.613575,0.623849,0.104763,903
case_70fb2a064fd58d83,Llama-3.1-8B-Instruct,0,0.449767,0.352769,0.319302,155
case_d80fda9026df871c,Mistral-7B-Instruct-v0.1,0,0.797935,0.752951,0.383225,530
case_2eb0990966f9821f,Mistral-7B-Instruct-v0.3,0,0.798768,0.77102,0.37069,488
case_8eba113fb7afa771,Llama-2-7b-chat-hf,0,0.662777,0.846127,0.397906,396
case_71870f3a2a5820df,Llama-3.1-8B-Instruct,0,0.311696,0.333737,0.348353,172
case_c6bc6c490a088c06,Mistral-7B-Instruct-v0.1,1,0.622951,0.470223,0.234824,326
case_c9fc72d4d616cfff,Mistral-7B-Instruct-v0.3,0,0.411949,0.36134,0.379988,157
case_fcd4e9d8a9d74a70,Llama-2-7b-chat-hf,1,0.78896,0.869255,0.350495,563
case_e1d1e77eb76dc567,Llama-3.1-8B-Instruct,0,0.203882,0.012773,0.029917,181
case_de62dbe29302785d,Mistral-7B-Instruct-v0.1,1,0.375493,0.260968,0.09786,120
case_a25ee76ed386cfa3,Mistral-7B-Instruct-v0.3,0,0.226289,0.121908,0.049254,202
case_652edfd6c9f3ced1,Llama-2-7b-chat-hf,1,0.794427,0.881995,0.47808,563
case_f231abd72efbc9d4,Llama-3.1-8B-Instruct,0,0.329634,0.177067,0.296092,125
case_778578bab3d7610e,Mistral-7B-Instruct-v0.1,1,0.382706,0.300717,0.335063,181
case_cc9ca9d6dd1ac85e,Mistral-7B-Instruct-v0.3,1,0.331505,0.348592,0.32372,140
case_5d2f45e2c8386368,Llama-2-7b-chat-hf,1,0.337703,0.418898,0.084758,405
case_4618a0acfbc693df,Llama-3.1-8B-Instruct,1,0.205079,0.029162,0.043114,278
case_163d858b5d36bcd6,Mistral-7B-Instruct-v0.1,0,0.21289,0.055674,0.047717,271
case_d43b24a2d58e64c8,Mistral-7B-Instruct-v0.3,0,0.256201,0.247892,0.072178,480
case_671c73bff0c695f5,Llama-2-7b-chat-hf,0,0.817433,0.605883,0.538468,438
case_3bd7d712e603491b,Llama-3.1-8B-Instruct,0,0.719232,0.300078,0.502538,196
case_0d3a835e6853a70a,Mistral-7B-Instruct-v0.1,0,0.680528,0.498837,0.477116,302
case_848bc834d9fdfd0e,Mistral-7B-Instruct-v0.3,0,0.614117,0.189425,0.471974,146
case_6503b72080fdbdca,Llama-2-7b-chat-hf,1,0.969177,0.909862,0.538103,1384
case_5559c92c2eaeb760,Llama-3.1-8B-Instruct,0,0.222296,0.084828,0.047372,291
case_32192abd876c29ab,Mistral-7B-Instruct-v0.1,0,0.209495,0.15185,0.035361,308
case_6a3d27fc83c2ed3e,Mistral-7B-Instruct-v0.3,0,0.223857,0.102873,0.049739,276
case_c0c28848487bf002,Llama-2-7b-chat-hf,1,0.902784,0.886321,0.379131,968
case_9369cffb4f69ccb1,Llama-3.1-8B-Instruct,0,0.33772,0.383723,0.07107,350
case_be354549460d3997,Mistral-7B-Instruct-v0.1,1,0.295835,0.206086,0.278621,134
case_eb03d3218b2b75ef,Mistral-7B-Instruct-v0.3,1,0.527442,0.214195,0.411144,234
case_3d6ea7e2d8d9fec9,Llama-2-7b-chat-hf,1,0.93812,0.97574,0.453475,1195
case_d17009e23441ab38,Llama-3.1-8B-Instruct,0,0.18757,0.020854,0.025785,198
case_642d037146bf14c0,Mistral-7B-Instruct-v0.1,1,0.287511,0.275815,0.311744,143
case_c4e361edae9c6ec4,Mistral-7B-Instruct-v0.3,1,0.928766,0.788367,0.552022,819
case_ba57e5f73e0c155b,Llama-2-7b-chat-hf,1,0.755253,0.828422,0.503586,341
case_a2a0eab1489436ce,Llama-3.1-8B-Instruct,0,0.199501,0.171057,0.030926,193
case_3dd3202f9225fbc2,Mistral-7B-Instruct-v0.1,1,0.353317,0.564491,0.376763,110
case_45fc4e979e95036e,Mistral-7B-Instruct-v0.3,0,0.280305,0.313501,0.072607,448
case_048ef34d60f89a59,Llama-2-7b-chat-hf,0,0.357158,0.254342,0.344913,120
case_e5422a173dd00e23,Llama-3.1-8B-Instruct,0,0.256411,0.20213,0.315629,72
case_db2de3882ebf14d8,Mistral-7B-Instruct-v0.1,0,0.347602,0.233758,0.340337,106
case_5b491387fb4708b8,Mistral-7B-Instruct-v0.3,0,0.337625,0.274316,0.341471,108
case_fbe1e5a64a2e008c,Llama-2-7b-chat-hf,0,0.663526,0.463761,0.160121,483
case_3721add5bdce9216,Llama-3.1-8B-Instruct,0,0.202441,0.003345,0.036663,64
case_dd6b24b067ea81e9,Mistral-7B-Instruct-v0.1,0,0.204579,0.020789,0.035698,125
case_f02d7cf469f5153a,Mistral-7B-Instruct-v0.3,0,0.206399,0.007183,0.031562,179
case_c379a9afc44b20c3,Llama-2-7b-chat-hf,0,0.367614,0.300932,0.28309,77
case_52e6ea390c01d94c,Llama-3.1-8B-Instruct,0,0.23076,0.056838,0.282304,46
case_52e74f9cb85acc11,Mistral-7B-Instruct-v0.1,0,0.222797,0.042309,0.274842,46
case_ae5e5a218494330e,Mistral-7B-Instruct-v0.3,0,0.222797,0.042309,0.274841,46
case_f442981096ea5fff,Llama-2-7b-chat-hf,1,0.443356,0.403795,0.362301,88
case_372a9e547a7bd0bf,Llama-3.1-8B-Instruct,0,0.224824,0.517747,0.034912,96
case_eade422569145aca,Mistral-7B-Instruct-v0.1,0,0.233949,0.801848,0.048389,85
case_418072325b62dd43,Mistral-7B-Instruct-v0.3,0,0.230049,0.521876,0.044521,77
case_d8104c8afb492a76,Llama-2-7b-chat-hf,0,0.379945,0.47902,0.302891,129
case_8882c0817145e3bf,Llama-3.1-8B-Instruct,0,0.207643,0.211696,0.259128,63
case_e71e4c25b5c3da79,Mistral-7B-Instruct-v0.1,0,0.197674,0.233145,0.253162,64
case_a79023f8403f57c3,Mistral-7B-Instruct-v0.3,0,0.197781,0.233145,0.263476,61
case_c760e6982d66c7f2,Llama-2-7b-chat-hf,0,0.212688,0.020737,0.028926,191
case_eebb56afa3a5776e,Llama-3.1-8B-Instruct,0,0.21022,0.067541,0.027983,112
case_01755e9ec79b23c2,Mistral-7B-Instruct-v0.1,0,0.213615,0.009316,0.03348,125
case_5b1eecc6d1a8ffff,Mistral-7B-Instruct-v0.3,0,0.21708,0.021031,0.03323,202
case_a9012c0f1fb7fb74,Llama-2-7b-chat-hf,1,0.731536,0.698952,0.49907,284
case_2d1c81f4bed01155,Llama-3.1-8B-Instruct,1,0.416581,0.375353,0.372792,156
case_2bce5dd8e02691eb,Mistral-7B-Instruct-v0.1,1,0.546722,0.476495,0.433765,173
case_dcd4516a7a2b947d,Mistral-7B-Instruct-v0.3,1,0.732729,0.431242,0.527806,235
case_25ca1b2f2a1c0558,Llama-2-7b-chat-hf,1,0.742539,0.716637,0.524265,278
case_8d77fa37563469d5,Llama-3.1-8B-Instruct,0,0.295284,0.329071,0.073238,236
case_bc7f13c39785bf3a,Mistral-7B-Instruct-v0.1,1,0.780194,0.817017,0.539595,294
case_0c7de334ef3e32d9,Mistral-7B-Instruct-v0.3,0,0.626297,0.539536,0.148299,355
case_f3fdddaff208b8f6,Llama-2-7b-chat-hf,0,0.761717,0.80401,0.410148,681
case_b1508a532c278090,Llama-3.1-8B-Instruct,0,0.290709,0.170395,0.249609,227
case_e4f1466eabaa5535,Mistral-7B-Instruct-v0.1,0,0.511897,0.418521,0.208764,258
case_73326aa966b0f753,Mistral-7B-Instruct-v0.3,0,0.484305,0.374792,0.208899,288
case_98f779305b49d057,Llama-2-7b-chat-hf,1,0.901,0.839535,0.507861,801
case_dbbaa13164b81a85,Llama-3.1-8B-Instruct,0,0.185339,0.035879,0.028896,268
case_19ee7a29e880c694,Mistral-7B-Instruct-v0.1,0,0.182854,0.057111,0.027444,198
case_f197292ff70cce4d,Mistral-7B-Instruct-v0.3,0,0.1863,0.017549,0.032707,224
case_3e71f375fb81e251,Llama-2-7b-chat-hf,0,0.863457,0.928421,0.572808,434
case_790e3131f7a9a94d,Llama-3.1-8B-Instruct,0,0.681012,0.783794,0.477372,280
case_f50d9b98bbb1a948,Mistral-7B-Instruct-v0.1,0,0.632067,0.766154,0.481285,195
case_dbb6b3e9203bf461,Mistral-7B-Instruct-v0.3,0,0.266478,0.261691,0.287877,157
case_58a4efabd546a06a,Llama-2-7b-chat-hf,1,0.800586,0.871303,0.372529,551
case_4f91d620b8d3b13d,Llama-3.1-8B-Instruct,0,0.342429,0.416494,0.076379,413
case_7c899f3b19dbac94,Mistral-7B-Instruct-v0.1,0,0.406316,0.636058,0.113001,326
case_b88b8cfe8c02b1e3,Mistral-7B-Instruct-v0.3,0,0.205052,0.096693,0.035042,328
case_dcc55cc85630cb8e,Llama-2-7b-chat-hf,1,0.770391,0.863786,0.322384,573
case_2c081f1334fd0ecb,Llama-3.1-8B-Instruct,0,0.591986,0.443573,0.380078,301
case_e1499c2f771a734d,Mistral-7B-Instruct-v0.1,1,0.568151,0.851233,0.236155,402
case_0b33434c50724bd4,Mistral-7B-Instruct-v0.3,0,0.668978,0.692366,0.329667,402
case_5ff476bfe82b6c5a,Llama-2-7b-chat-hf,1,0.843496,0.861347,0.317968,859
case_0aa3d8b77f94d899,Llama-3.1-8B-Instruct,0,0.210002,0.042284,0.02833,171
case_06379040d06a78cd,Mistral-7B-Instruct-v0.1,1,0.543759,0.590329,0.131799,519
case_ec24fc20cd66c9c6,Mistral-7B-Instruct-v0.3,0,0.263504,0.29615,0.056386,323
case_cccfa5695797653f,Llama-2-7b-chat-hf,1,0.786798,0.633592,0.368752,395
case_f5d8f7dafded30b3,Llama-3.1-8B-Instruct,0,0.462196,0.166951,0.250198,192
case_130a3adc0cdcf1ef,Mistral-7B-Instruct-v0.1,1,0.536916,0.460648,0.42324,154
case_b53eb422b2cef403,Mistral-7B-Instruct-v0.3,1,0.427635,0.32857,0.263905,236
case_31957d39001d77e1,Llama-2-7b-chat-hf,1,0.825413,0.588224,0.198963,714
case_7b8b2355d9bf3c07,Llama-3.1-8B-Instruct,0,0.207535,0.013864,0.045042,233
case_2384527cacfef4e0,Mistral-7B-Instruct-v0.1,0,0.544167,0.308957,0.18256,228
case_5787837fc1eac427,Mistral-7B-Instruct-v0.3,0,0.198298,0.016513,0.033265,280
case_027f3ca22f4e63cd,Llama-2-7b-chat-hf,0,0.356544,0.302993,0.335271,134
case_f98a0ca95817e61f,Llama-3.1-8B-Instruct,1,0.222992,0.239087,0.039473,112
case_20e885bddd707080,Mistral-7B-Instruct-v0.1,0,0.228468,0.193165,0.280068,75
case_5572d69b03843266,Mistral-7B-Instruct-v0.3,0,0.246972,0.152395,0.289008,78
case_71a41fb055e58e4c,Llama-2-7b-chat-hf,0,0.3651,0.365707,0.334347,132
case_08c65b0d1736c1c6,Llama-3.1-8B-Instruct,0,0.210324,0.091997,0.032047,138
case_4256433e35b9b85c,Mistral-7B-Instruct-v0.1,0,0.21883,0.076046,0.243841,75
case_a88ddd78320503cf,Mistral-7B-Instruct-v0.3,0,0.583181,0.638595,0.156637,288
case_35177144a9efd8ef,Llama-2-7b-chat-hf,1,0.681066,0.854943,0.402138,379
case_61bd51fa2a2e54a6,Llama-3.1-8B-Instruct,0,0.306392,0.190381,0.310786,61
case_af946cb07053725a,Mistral-7B-Instruct-v0.1,1,0.22199,0.09649,0.035053,117
case_e81e7816a10076ed,Mistral-7B-Instruct-v0.3,0,0.357464,0.114878,0.343744,133
case_e07dfafdad4d955e,Llama-2-7b-chat-hf,1,0.500208,0.331134,0.347059,332
case_e544bb28c4af7ec6,Llama-3.1-8B-Instruct,0,0.231875,0.041781,0.045281,150
case_3db4efb3e4ba4fa6,Mistral-7B-Instruct-v0.1,1,0.33873,0.470567,0.319601,65
case_20962c5ccaf67afc,Mistral-7B-Instruct-v0.3,1,0.456715,0.697348,0.151423,193
case_e84669a60955f1d5,Llama-2-7b-chat-hf,0,0.193132,0.293484,0.218948,103
case_5018e925b2797581,Llama-3.1-8B-Instruct,0,0.311548,0.258041,0.308042,78
case_64de72bb2412b498,Mistral-7B-Instruct-v0.1,1,0.249997,0.229772,0.056666,78
case_7d2ce6ab3cae4816,Mistral-7B-Instruct-v0.3,0,0.230644,0.241274,0.262188,65
case_7efa5c7c71eebf20,Llama-2-7b-chat-hf,1,0.328544,0.437918,0.09806,238
case_8689c274dde87c34,Llama-3.1-8B-Instruct,0,0.283755,0.276276,0.07336,288
case_6017fdd826cdbb4b,Mistral-7B-Instruct-v0.1,0,0.222905,0.021755,0.039468,102
case_09974978e19f3bb2,Mistral-7B-Instruct-v0.3,0,0.326532,0.50967,0.089038,359
case_2d89115fc9747a99,Llama-2-7b-chat-hf,0,0.337698,0.28234,0.092605,371
case_7d0d24bfc627bb87,Llama-3.1-8B-Instruct,0,0.220956,0.074749,0.270529,110
case_a5d7ea7fcc46027c,Mistral-7B-Instruct-v0.1,0,0.394128,0.461251,0.111383,201
case_44f041a7d18ba47e,Mistral-7B-Instruct-v0.3,0,0.30416,0.207148,0.315399,106
case_7fb8167f55d229f0,Llama-2-7b-chat-hf,0,0.21792,0.057086,0.03499,347
case_86632918dabb96fb,Llama-3.1-8B-Instruct,0,0.204185,0.075312,0.027718,151
case_1e42cada8aab9a4f,Mistral-7B-Instruct-v0.1,0,0.221899,0.061096,0.047557,182
case_0bef1e6a297598a9,Mistral-7B-Instruct-v0.3,0,0.264273,0.254979,0.067954,357
case_51bcae3533fdc32c,Llama-2-7b-chat-hf,0,0.838439,0.852766,0.358721,513
case_60aa3eaa15137da9,Llama-3.1-8B-Instruct,0,0.540295,0.760147,0.454045,109
case_d2f00c37c5d4594e,Mistral-7B-Instruct-v0.1,0,0.577985,0.490983,0.475214,136
case_797081c025b769b4,Mistral-7B-Instruct-v0.3,0,0.40782,0.394462,0.38777,113
case_1573670e854902f9,Llama-2-7b-chat-hf,0,0.766788,0.698316,0.245339,462
case_cf855388dac67b74,Llama-3.1-8B-Instruct,0,0.199106,0.018375,0.033286,106
case_567ebdb0bedb9e6c,Mistral-7B-Instruct-v0.1,0,0.204486,0.078775,0.03932,133
case_e4b819c870f5d711,Mistral-7B-Instruct-v0.3,0,0.207887,0.070204,0.036056,263
case_5ea63a723c373e7a,Llama-2-7b-chat-hf,1,0.743269,0.740891,0.479402,466
case_53eec737d236f93b,Llama-3.1-8B-Instruct,0,0.213534,0.263275,0.290365,77
case_c1a5bff82e86a24b,Mistral-7B-Instruct-v0.1,0,0.24514,0.401187,0.31081,82
case_959c0cddbebb56e5,Mistral-7B-Instruct-v0.3,1,0.44095,0.576598,0.443042,114
case_95bd5799b10aa259,Llama-2-7b-chat-hf,1,0.508902,0.457818,0.41798,191
case_9ca472b10157d297,Llama-3.1-8B-Instruct,0,0.202019,0.051193,0.031216,134
case_38ebad9ec5e64535,Mistral-7B-Instruct-v0.1,1,0.251376,0.868258,0.310258,82
case_92706c98f4ff64f3,Mistral-7B-Instruct-v0.3,0,0.25421,0.119725,0.07707,245
case_ebcd1eeb889b3a0b,Llama-2-7b-chat-hf,1,0.982154,0.879111,0.684667,875
case_b418e909e6bb8ad0,Llama-3.1-8B-Instruct,0,0.366556,0.210288,0.361775,119
case_25a98cc8ebab3623,Mistral-7B-Instruct-v0.1,0,0.327432,0.236725,0.310771,120
case_2b6e7c33c1527ac5,Mistral-7B-Instruct-v0.3,0,0.227785,0.234105,0.268586,104
case_d5d75033cbffb8a3,Llama-2-7b-chat-hf,1,0.976731,0.936146,0.544455,1129
case_0d1d86eff47d09b3,Llama-3.1-8B-Instruct,0,0.203709,0.083163,0.03264,20
case_a243a0254a192ede,Mistral-7B-Instruct-v0.1,1,0.41064,0.154464,0.163615,77
case_bb9ded84a1205dd1,Mistral-7B-Instruct-v0.3,1,0.240465,0.1677,0.062808,210
case_722637692069aa30,Llama-2-7b-chat-hf,1,0.816995,0.905987,0.524923,422
case_54291980dbf842c9,Llama-3.1-8B-Instruct,0,0.401427,0.4568,0.37446,97
case_ef235d1bc38c33e4,Mistral-7B-Instruct-v0.1,1,0.346706,0.491915,0.347601,71
case_438386bbb136c565,Mistral-7B-Instruct-v0.3,0,0.474314,0.489359,0.392555,141
case_1dca2b944ab08220,Llama-2-7b-chat-hf,1,0.482522,0.4424,0.394363,207
case_20466df2469cbdf3,Llama-3.1-8B-Instruct,0,0.206957,0.023518,0.038632,96
case_6ede7089fd64dc00,Mistral-7B-Instruct-v0.1,0,0.20284,0.016371,0.028208,111
case_7cbed07a80ea0536,Mistral-7B-Instruct-v0.3,0,0.206453,0.050709,0.03131,192
case_f30d31e828cd8f1b,Llama-2-7b-chat-hf,0,0.529658,0.5478,0.346847,250
case_6b2b0729ccad89a1,Llama-3.1-8B-Instruct,0,0.453215,0.276219,0.219618,202
case_927703a169526261,Mistral-7B-Instruct-v0.1,0,0.399464,0.337829,0.294909,187
case_7185c715bcc3c7ad,Mistral-7B-Instruct-v0.3,0,0.412519,0.240214,0.26795,178
case_bc4a1dc5abbe77f4,Llama-2-7b-chat-hf,1,0.52372,0.485612,0.356614,241
case_082413dcc784c518,Llama-3.1-8B-Instruct,0,0.281192,0.292804,0.072933,276
case_3f360409c26bc87a,Mistral-7B-Instruct-v0.1,1,0.373047,0.236591,0.330702,178
case_36017427e24206bc,Mistral-7B-Instruct-v0.3,1,0.348836,0.311805,0.300132,139
case_caeb0d48afd452a3,Llama-2-7b-chat-hf,1,0.644275,0.588261,0.352114,377
case_9b2bbcd05dc6e75d,Llama-3.1-8B-Instruct,0,0.396987,0.191676,0.109286,139
case_e51d197e7d641b96,Mistral-7B-Instruct-v0.1,0,0.363981,0.492453,0.087887,211
case_93b9f13d9aa596a8,Mistral-7B-Instruct-v0.3,0,0.216134,0.038955,0.029884,281
case_2747681610897b8d,Llama-2-7b-chat-hf,0,0.297235,0.245332,0.070892,412
case_950367e0ea4c8f3e,Llama-3.1-8B-Instruct,0,0.215465,0.026153,0.035774,91
case_1237d58d7c954f5b,Mistral-7B-Instruct-v0.1,0,0.221938,0.027795,0.039037,166
case_dc9b5a81529af34e,Mistral-7B-Instruct-v0.3,0,0.214569,0.04005,0.028425,229
case_404b75d450667af8,Llama-2-7b-chat-hf,1,0.804347,0.744265,0.490533,603
case_24a4ad5f69480864,Llama-3.1-8B-Instruct,0,0.255464,0.382827,0.327381,90
case_45af3548e34fa894,Mistral-7B-Instruct-v0.1,0,0.33534,0.380422,0.35779,107
case_1fe676f55a61a142,Mistral-7B-Instruct-v0.3,0,0.499876,0.270003,0.435212,113
case_695021368b7f6798,Llama-2-7b-chat-hf,1,0.793553,0.864453,0.499772,491
case_4f2daf059f5daf40,Llama-3.1-8B-Instruct,0,0.495379,0.409925,0.184255,260
case_ddc902f0c5c4bc07,Mistral-7B-Instruct-v0.1,1,0.267507,0.476377,0.06524,167
case_e05685a85410481e,Mistral-7B-Instruct-v0.3,1,0.697782,0.300146,0.446979,311
case_cd8987280cb0a794,Llama-2-7b-chat-hf,0,0.805177,0.853011,0.493538,650
case_8376f3c5a73dccc6,Llama-3.1-8B-Instruct,0,0.518086,0.68711,0.432717,232
case_c3975828278bdb1f,Mistral-7B-Instruct-v0.1,0,0.853221,0.82767,0.528131,684
case_8b01dfd4e2421c65,Mistral-7B-Instruct-v0.3,0,0.597082,0.345916,0.448817,347
case_7bff7b131d8becb4,Llama-2-7b-chat-hf,0,0.925421,0.987383,0.57534,723
case_b594855151cbf7f1,Llama-3.1-8B-Instruct,0,0.819195,0.532911,0.539114,322
case_12ff61d5a1fe5cf0,Mistral-7B-Instruct-v0.1,0,0.706556,0.839617,0.500704,284
case_3ffeedc18a5cf0a4,Mistral-7B-Instruct-v0.3,0,0.723137,0.647416,0.509836,316
case_161e175f9533547e,Llama-2-7b-chat-hf,1,0.876095,0.875637,0.514732,676
case_7d98267d41e9e8ac,Llama-3.1-8B-Instruct,0,0.211719,0.037759,0.036276,252
case_1675aaa96e59a847,Mistral-7B-Instruct-v0.1,0,0.212335,0.037649,0.043262,126
case_e687fbdca17fd790,Mistral-7B-Instruct-v0.3,0,0.73941,0.672866,0.23494,414
case_63eeeb543b3c6bfe,Llama-2-7b-chat-hf,0,0.380008,0.194361,0.344649,162
case_b51309080401c74c,Llama-3.1-8B-Instruct,0,0.321417,0.339894,0.362649,95
case_6b5b45800e205b6d,Mistral-7B-Instruct-v0.1,0,0.321419,0.339894,0.36265,95
case_0d0ce559670c2802,Mistral-7B-Instruct-v0.3,0,0.370832,0.214193,0.383949,93
case_18b847091e530144,Llama-2-7b-chat-hf,1,0.331407,0.247272,0.314664,167
case_204a6816b4c09a90,Llama-3.1-8B-Instruct,0,0.202181,0.013459,0.032222,67
case_056788151c48a2bb,Mistral-7B-Instruct-v0.1,1,0.322471,0.163207,0.239906,90
case_e9c9513e2b02a04d,Mistral-7B-Instruct-v0.3,0,0.220644,0.42597,0.043319,150
case_79c348c793909659,Llama-2-7b-chat-hf,0,0.643619,0.838024,0.412979,499
case_c560e231a222bd3c,Llama-3.1-8B-Instruct,0,0.399762,0.27849,0.340496,315
case_221df9e3785acbab,Mistral-7B-Instruct-v0.1,0,0.724454,0.644466,0.385996,433
case_1db834f77368a4c1,Mistral-7B-Instruct-v0.3,0,0.43577,0.252693,0.393294,221
case_d369f8f17f4406c7,Llama-2-7b-chat-hf,1,0.99658,0.911795,0.600648,1930
case_8463559eb6d1503c,Llama-3.1-8B-Instruct,0,0.21581,0.133148,0.041022,293
case_af85f79d8f95f731,Mistral-7B-Instruct-v0.1,1,0.749931,0.824023,0.500464,493
case_0c37b02d62b3172d,Mistral-7B-Instruct-v0.3,0,0.245267,0.433828,0.053512,363
case_31d7a7e6d3e22789,Llama-2-7b-chat-hf,1,0.747398,0.74838,0.46245,482
case_00e3ee2b3b272f73,Llama-3.1-8B-Instruct,0,0.215894,0.119405,0.266099,90
case_430c1c27d438a09e,Mistral-7B-Instruct-v0.1,1,0.196843,0.007423,0.035576,114
case_b4066ac6e4896e43,Mistral-7B-Instruct-v0.3,0,0.337983,0.419942,0.341087,134
case_e661d515d8122cc3,Llama-2-7b-chat-hf,1,0.88687,0.718494,0.238826,774
case_83ee76547c96c0de,Llama-3.1-8B-Instruct,0,0.194611,0.01058,0.026072,198
case_29bc64784234b244,Mistral-7B-Instruct-v0.1,0,0.206643,0.020393,0.036417,214
case_1187329c9b722e0d,Mistral-7B-Instruct-v0.3,0,0.221162,0.161714,0.046417,322
case_d8bdfd25b84e3dd5,Llama-2-7b-chat-hf,1,0.560973,0.551434,0.12102,509
case_2c0313b210ed2773,Llama-3.1-8B-Instruct,0,0.265432,0.193267,0.068766,200
case_0f0dde2b042755aa,Mistral-7B-Instruct-v0.1,0,0.531809,0.316647,0.146729,200
case_867faa0cc33f3bf1,Mistral-7B-Instruct-v0.3,0,0.28491,0.119169,0.271486,125
case_0418820979d6e6a2,Llama-2-7b-chat-hf,1,0.270473,0.648494,0.057665,578
case_ba7e6f4b754077c2,Llama-3.1-8B-Instruct,0,0.196029,0.001242,0.023764,158
case_bb359f4a24dd4352,Mistral-7B-Instruct-v0.1,0,0.210983,0.299706,0.036097,271
case_2df252cb5704670f,Mistral-7B-Instruct-v0.3,0,0.203611,0.012375,0.029094,206
case_5b0f5f1fb0280839,Llama-2-7b-chat-hf,1,0.767272,0.545073,0.484315,422
case_e5576544c97f3484,Llama-3.1-8B-Instruct,0,0.409608,0.315445,0.278382,211
case_42a50e543ea8a0c8,Mistral-7B-Instruct-v0.1,0,0.297982,0.437255,0.074386,460
case_e5bddce739627d52,Mistral-7B-Instruct-v0.3,0,0.568157,0.558268,0.387969,273
case_84ba8b36bd445fe9,Llama-2-7b-chat-hf,1,0.711452,0.444754,0.225758,470
case_3316866177db3a18,Llama-3.1-8B-Instruct,0,0.475683,0.430296,0.11821,320
case_ed629033f6b661a2,Mistral-7B-Instruct-v0.1,1,0.495075,0.41178,0.175783,346
case_81df1be86ebe87aa,Mistral-7B-Instruct-v0.3,0,0.229695,0.076492,0.058834,386
case_6df4958db9009c14,Llama-2-7b-chat-hf,0,0.257332,0.335946,0.209873,122
case_72e65f2a5e1b082b,Llama-3.1-8B-Instruct,0,0.246502,0.427751,0.233315,119
case_831580ac7545694e,Mistral-7B-Instruct-v0.1,0,0.215164,0.384896,0.211341,84
case_980992059144b5ed,Mistral-7B-Instruct-v0.3,0,0.195083,0.254256,0.251456,85
case_c3e853417c8d9699,Llama-2-7b-chat-hf,1,0.516057,0.409981,0.455247,122
case_47edb1bf4aeac12c,Llama-3.1-8B-Instruct,0,0.201387,0.002884,0.031481,143
case_9272c6d7b5e61519,Mistral-7B-Instruct-v0.1,0,0.198554,0.002219,0.025622,154
case_f63a4fbe0a499fad,Mistral-7B-Instruct-v0.3,0,0.204916,0.01851,0.031184,278
case_542d9a1d20c8def1,Llama-2-7b-chat-hf,1,0.738375,0.329366,0.446473,394
case_f500570abd7c000c,Llama-3.1-8B-Instruct,0,0.338303,0.133775,0.289948,107
case_66284f9642ee8c2c,Mistral-7B-Instruct-v0.1,1,0.700529,0.169928,0.474711,229
case_f7b947234a771473,Mistral-7B-Instruct-v0.3,0,0.357235,0.182998,0.222838,108
case_c24ca7127a2afc24,Llama-2-7b-chat-hf,1,0.701711,0.669941,0.458111,277
case_cb18837b0369f740,Llama-3.1-8B-Instruct,0,0.213102,0.015365,0.02729,117
case_18d93ac07a45f230,Mistral-7B-Instruct-v0.1,0,0.220045,0.122957,0.038697,113
case_e3117796e8e8360b,Mistral-7B-Instruct-v0.3,0,0.376221,0.341017,0.092542,335
case_5e309390fe62a044,Llama-2-7b-chat-hf,1,0.966598,0.806134,0.535338,1240
case_4891074d2acf03f1,Llama-3.1-8B-Instruct,0,0.503251,0.223086,0.404636,199
case_b1e639765e0f91ec,Mistral-7B-Instruct-v0.1,1,0.713279,0.712426,0.463203,442
case_d82d9584c380e21b,Mistral-7B-Instruct-v0.3,1,0.783939,0.39609,0.518918,402
case_2e211b4e2497860c,Llama-2-7b-chat-hf,1,0.982697,0.974155,0.552556,1467
case_c0d80a5321439a12,Llama-3.1-8B-Instruct,0,0.226338,0.168817,0.049682,20
case_e8ffa9199756027b,Mistral-7B-Instruct-v0.1,1,0.787051,0.766297,0.513303,456
case_89c479c89b879cde,Mistral-7B-Instruct-v0.3,1,0.945379,0.964106,0.439162,1056
case_c4d37a2322a73e92,Llama-2-7b-chat-hf,0,0.655017,0.503689,0.459295,402
case_f2ba75778a4c2240,Llama-3.1-8B-Instruct,0,0.322355,0.543897,0.354953,185
case_ad96713278fc5238,Mistral-7B-Instruct-v0.1,0,0.264051,0.329668,0.338276,108
case_64ab36ab47bf32a1,Mistral-7B-Instruct-v0.3,0,0.317499,0.397295,0.358802,141
case_0d08d2fdc719010e,Llama-2-7b-chat-hf,1,0.534843,0.342725,0.415682,296
case_fb436995f4b8ff5c,Llama-3.1-8B-Instruct,0,0.533356,0.439912,0.154773,408
case_37c818971f3357a9,Mistral-7B-Instruct-v0.1,1,0.28477,0.212515,0.304389,158
case_00cdceeb5153d7f7,Mistral-7B-Instruct-v0.3,0,0.683525,0.490515,0.205216,392
case_f56c03f983c3f97b,Llama-2-7b-chat-hf,1,0.408348,0.165228,0.334938,121
case_766b75d36167ca02,Llama-3.1-8B-Instruct,0,0.311146,0.26493,0.310002,62
case_6ca7019840b3b858,Mistral-7B-Instruct-v0.1,0,0.327855,0.369753,0.315536,66
case_ea9943fbfd625962,Mistral-7B-Instruct-v0.3,0,0.327856,0.369753,0.315536,66
case_f4926dfa3079e497,Llama-2-7b-chat-hf,1,0.404945,0.733993,0.102326,340
case_66baadd3e231abb2,Llama-3.1-8B-Instruct,0,0.219307,0.071101,0.031066,92
case_d9f297fd5705f0fb,Mistral-7B-Instruct-v0.1,0,0.2247,0.087874,0.040971,86
case_80d5d9921b507e80,Mistral-7B-Instruct-v0.3,0,0.222977,0.301069,0.030875,192
case_a631ec2d099e0458,Llama-2-7b-chat-hf,1,0.880197,0.807334,0.465358,886
case_8e6329ca44666663,Llama-3.1-8B-Instruct,0,0.691974,0.53672,0.198876,529
case_aca16c46efe00dbf,Mistral-7B-Instruct-v0.1,1,0.41455,0.235871,0.376884,89
case_bd66a994e9e74d8d,Mistral-7B-Instruct-v0.3,1,0.775428,0.59181,0.24796,429
case_09b63cb399517fb5,Llama-2-7b-chat-hf,0,0.676301,0.786855,0.47006,297
case_d3a761163e8e31bd,Llama-3.1-8B-Instruct,0,0.531246,0.894926,0.457854,112
case_bb213ce6c9224c3b,Mistral-7B-Instruct-v0.1,0,0.46091,0.710612,0.426371,74
case_43e42639006bbbb1,Mistral-7B-Instruct-v0.3,1,0.510633,0.38783,0.428956,142
case_7f0344d42516195f,Llama-2-7b-chat-hf,0,0.353248,0.542629,0.087162,339
case_c43120ac363f8bb6,Llama-3.1-8B-Instruct,0,0.21285,0.253784,0.036813,224
case_22b0c876b90d0b5b,Mistral-7B-Instruct-v0.1,0,0.2025,0.109499,0.029794,172
case_8abe9fda72cfe8c6,Mistral-7B-Instruct-v0.3,0,0.245654,0.500353,0.056992,320
case_732be31a3071a3cb,Llama-2-7b-chat-hf,0,0.603356,0.377684,0.402513,377
case_c2350e0e0ae39b9b,Llama-3.1-8B-Instruct,1,0.335213,0.527024,0.12744,181
case_fc600ece3a55e99b,Mistral-7B-Instruct-v0.1,0,0.405124,0.086863,0.258989,118
case_bbdccc8060a0e277,Mistral-7B-Instruct-v0.3,0,0.330901,0.52238,0.106163,202
case_7368e8ae8b19cf0b,Llama-2-7b-chat-hf,0,0.472126,0.745928,0.130721,477
case_49cc17555c92293e,Llama-3.1-8B-Instruct,0,0.175857,0.003866,0.026455,123
case_ebbdb05fc978c725,Mistral-7B-Instruct-v0.1,1,0.408865,0.213243,0.326529,191
case_131c37da0a32b286,Mistral-7B-Instruct-v0.3,0,0.196958,0.115726,0.041087,282
case_4ecd161c579844f3,Llama-2-7b-chat-hf,0,0.720507,0.914781,0.488173,278
case_0ec178714836a91b,Llama-3.1-8B-Instruct,0,0.494597,0.43196,0.401817,147
case_cd5b03cc6c620415,Mistral-7B-Instruct-v0.1,0,0.481967,0.461707,0.390185,96
case_c29a1eb7b445af4d,Mistral-7B-Instruct-v0.3,0,0.620593,0.562003,0.462499,149
case_e7dc25079f533e37,Llama-2-7b-chat-hf,1,0.759862,0.890831,0.294439,691
case_52da56002f952cc3,Llama-3.1-8B-Instruct,0,0.219061,0.004442,0.036992,157
case_3bbf4f59d3b48f09,Mistral-7B-Instruct-v0.1,0,0.218026,0.008015,0.036726,130
case_0d61ef2be7abc080,Mistral-7B-Instruct-v0.3,0,0.224043,0.023376,0.043139,145
case_244100611f83d525,Llama-2-7b-chat-hf,0,0.348686,0.241856,0.340668,211
case_408285a038a580f5,Llama-3.1-8B-Instruct,0,0.66043,0.26256,0.311638,233
case_b0cf78580ca1772a,Mistral-7B-Instruct-v0.1,1,0.184414,0.105168,0.03715,201
case_b83178db4ba9aadf,Mistral-7B-Instruct-v0.3,0,0.224864,0.154143,0.06926,325
case_fbff093c0a1acef6,Llama-2-7b-chat-hf,1,0.629018,0.283191,0.447458,321
case_ee131f5ceb7a2127,Llama-3.1-8B-Instruct,0,0.191784,0.034723,0.03616,190
case_e9210b2d5cb3a5f9,Mistral-7B-Instruct-v0.1,1,0.244024,0.287352,0.0593,330
case_d8151537b43de39f,Mistral-7B-Instruct-v0.3,0,0.195375,0.087178,0.03914,278
case_c3b5e53ad4e705f7,Llama-2-7b-chat-hf,0,0.286082,0.189231,0.299949,135
case_bac244faf405b78c,Llama-3.1-8B-Instruct,0,0.2578,0.279198,0.291145,122
case_06780caf9dddc724,Mistral-7B-Instruct-v0.1,0,0.296734,0.397149,0.318924,125
case_4f23c15eace57895,Mistral-7B-Instruct-v0.3,0,0.305088,0.403785,0.337592,113
case_11626a45468ef724,Llama-2-7b-chat-hf,0,0.209789,0.078527,0.039453,218
case_eeaa71f53f0292e7,Llama-3.1-8B-Instruct,0,0.200211,0.007748,0.035057,121
case_7aa57f76f9cb09fa,Mistral-7B-Instruct-v0.1,0,0.197703,0.033768,0.028557,196
case_9940e55c276020d6,Mistral-7B-Instruct-v0.3,0,0.203803,0.034201,0.031462,224
case_b95399749713a655,Llama-2-7b-chat-hf,0,0.488904,0.335807,0.350852,298
case_8f9ace75feb09ce5,Llama-3.1-8B-Instruct,0,0.247762,0.227033,0.274757,149
case_f5d79869de6161bd,Mistral-7B-Instruct-v0.1,0,0.395251,0.21271,0.361935,146
case_2c3421b56792d9c9,Mistral-7B-Instruct-v0.3,0,0.287173,0.244129,0.302974,127
case_9eb56a7ba8971310,Llama-2-7b-chat-hf,0,0.589576,0.455536,0.115376,394
case_65becec7b83959a9,Llama-3.1-8B-Instruct,0,0.197902,0.026724,0.034859,135
case_5e6f50f23c667a2c,Mistral-7B-Instruct-v0.1,1,0.263385,0.160752,0.293545,130
case_102a874d21ef6d24,Mistral-7B-Instruct-v0.3,1,0.64408,0.713119,0.273988,332
case_1c51d5337b3d78a8,Llama-2-7b-chat-hf,1,0.90433,0.975924,0.56162,633
case_835dc88fe91524a8,Llama-3.1-8B-Instruct,0,0.446109,0.308657,0.372842,179
case_b0a766ece3b88a79,Mistral-7B-Instruct-v0.1,0,0.371635,0.39327,0.318628,123
case_8bbab7c7993e624c,Mistral-7B-Instruct-v0.3,0,0.53793,0.394125,0.395971,209
case_ab0f03f1087d2a7b,Llama-2-7b-chat-hf,1,0.951303,0.988862,0.649219,564
case_02f560fa2b11d86e,Llama-3.1-8B-Instruct,1,0.541551,0.622784,0.204221,420
case_0dcec8aa2adb1421,Mistral-7B-Instruct-v0.1,1,0.439021,0.458906,0.340173,158
case_dd9843a703e6ee5e,Mistral-7B-Instruct-v0.3,1,0.594106,0.274511,0.434214,365
case_a56263697feffd83,Llama-2-7b-chat-hf,0,0.600872,0.444671,0.423655,248
case_4e9a4c65d44df53a,Llama-3.1-8B-Instruct,0,0.523721,0.225536,0.439969,194
case_450a3ba7b0e107ca,Mistral-7B-Instruct-v0.1,0,0.458342,0.576698,0.39625,158
case_b3af64cd7ccf3040,Mistral-7B-Instruct-v0.3,0,0.452261,0.430529,0.392648,160
case_0b5263bda46800ec,Llama-2-7b-chat-hf,1,0.397301,0.331138,0.2965,159
case_28fa1e14a025767c,Llama-3.1-8B-Instruct,0,0.219626,0.164504,0.045134,139
case_999eb25d2947b98f,Mistral-7B-Instruct-v0.1,1,0.342094,0.530506,0.351093,92
case_ff23a9e012246526,Mistral-7B-Instruct-v0.3,1,0.559445,0.729828,0.300695,246
case_a143bb35201e700d,Llama-2-7b-chat-hf,1,0.749586,0.76803,0.233963,567
case_a6ce05220f50d4c9,Llama-3.1-8B-Instruct,0,0.508078,0.51228,0.345945,175
case_fe0742318a3c7659,Mistral-7B-Instruct-v0.1,1,0.559463,0.650852,0.451633,167
case_21582fde8cee137c,Mistral-7B-Instruct-v0.3,0,0.633117,0.333017,0.461908,205
case_2e96faf80ac4df31,Llama-2-7b-chat-hf,1,0.779976,0.832712,0.486227,415
case_268b453151222e06,Llama-3.1-8B-Instruct,0,0.208629,0.082701,0.040995,80
case_ae6a8caeaaa4f91c,Mistral-7B-Instruct-v0.1,0,0.215657,0.097479,0.035083,140
case_e30b1c7d6fd59a34,Mistral-7B-Instruct-v0.3,0,0.426374,0.54542,0.112531,402
case_c1e90057b99fb7d5,Llama-2-7b-chat-hf,1,0.660039,0.64837,0.469343,301
case_e08779f9a1e9b971,Llama-3.1-8B-Instruct,0,0.473945,0.474241,0.364876,187
case_6e9c615c05cc08f1,Mistral-7B-Instruct-v0.1,0,0.515294,0.422515,0.428655,156
case_67cfd94a33a58a6f,Mistral-7B-Instruct-v0.3,0,0.227692,0.128444,0.050672,257
case_04925e393f21f35e,Llama-2-7b-chat-hf,1,0.626895,0.425246,0.447857,301
case_e3cd5d37de98f5e7,Llama-3.1-8B-Instruct,0,0.207128,0.034089,0.030115,249
case_5520822012bed2f3,Mistral-7B-Instruct-v0.1,0,0.297114,0.142625,0.109326,242
case_bf656f4cf26dc0a7,Mistral-7B-Instruct-v0.3,0,0.226523,0.25399,0.049045,254
case_1b9cb6c16092d55e,Llama-2-7b-chat-hf,0,0.339542,0.206123,0.279253,185
case_ac3033bc99dabdd6,Llama-3.1-8B-Instruct,0,0.28465,0.212253,0.246432,136
case_cbf12acc5ede27e0,Mistral-7B-Instruct-v0.1,0,0.297891,0.26465,0.25595,126
case_25f5f68a158790d6,Mistral-7B-Instruct-v0.3,0,0.28905,0.204398,0.287562,121
case_3af316fa6321c00f,Llama-2-7b-chat-hf,1,0.452204,0.269896,0.352691,198
case_5e190ff0cfa4c691,Llama-3.1-8B-Instruct,0,0.299889,0.548522,0.067096,316
case_03a5bc8d8117485b,Mistral-7B-Instruct-v0.1,1,0.40116,0.458703,0.37069,128
case_88766812d90d13bb,Mistral-7B-Instruct-v0.3,0,0.223749,0.075337,0.039632,158
case_8f26fda7c29136c9,Llama-2-7b-chat-hf,0,0.375496,0.593553,0.365908,102
case_c28851aedf08a22a,Llama-3.1-8B-Instruct,0,0.245376,0.44855,0.299211,67
case_31d610aa2b7581df,Mistral-7B-Instruct-v0.1,0,0.231955,0.435676,0.288363,68
case_f06d5d24c2363c3b,Mistral-7B-Instruct-v0.3,0,0.245376,0.44855,0.299212,67
case_30a8c45fc2d001d2,Llama-2-7b-chat-hf,1,0.280974,0.402035,0.260618,196
case_f72ff2277140560d,Llama-3.1-8B-Instruct,1,0.253861,0.264849,0.330028,72
case_d5ef4d177ee520fb,Mistral-7B-Instruct-v0.1,1,0.208456,0.396234,0.270687,68
case_307abdecd67cfcd7,Mistral-7B-Instruct-v0.3,0,0.231127,0.338749,0.289665,71
case_60406bb9425bf80d,Llama-2-7b-chat-hf,0,0.259439,0.350209,0.311155,146
case_f9d691467fe7f859,Llama-3.1-8B-Instruct,0,0.191091,0.272812,0.264192,67
case_466ce3025a65ec32,Mistral-7B-Instruct-v0.1,0,0.480287,0.65328,0.427199,153
case_d414b8835c082446,Mistral-7B-Instruct-v0.3,0,0.230267,0.184874,0.275987,103
case_54373c619ae1c4b2,Llama-2-7b-chat-hf,0,0.74824,0.847199,0.46859,455
case_584069c2348887d5,Llama-3.1-8B-Instruct,1,0.306843,0.250848,0.335005,121
case_cd0a7b65949d5f69,Mistral-7B-Instruct-v0.1,1,0.994064,0.997799,0.601939,1783
case_b3408f89bd39c3b1,Mistral-7B-Instruct-v0.3,1,0.554699,0.414397,0.411617,342
case_2f13b79e765d51ad,Llama-2-7b-chat-hf,0,0.521993,0.336077,0.426894,259
case_0409ecd2fe593ce1,Llama-3.1-8B-Instruct,0,0.514408,0.162802,0.41039,196
case_0640e0dde6d6f0a0,Mistral-7B-Instruct-v0.1,0,0.627886,0.576427,0.46074,228
case_f7dcb77b5e76d0bb,Mistral-7B-Instruct-v0.3,0,0.597774,0.494761,0.460288,270
case_f246689b9ea655f9,Llama-2-7b-chat-hf,1,0.737586,0.77265,0.513281,370
case_350a4485694dde68,Llama-3.1-8B-Instruct,0,0.185399,0.027734,0.030416,142
case_e076a7a6c544d138,Mistral-7B-Instruct-v0.1,0,0.185386,0.035293,0.028271,162
case_f2ea49a0974f0310,Mistral-7B-Instruct-v0.3,0,0.290829,0.336776,0.073004,295
case_9d386d8a705863d0,Llama-2-7b-chat-hf,0,0.303367,0.506343,0.076583,348
case_57daa9c9a6d3cc35,Llama-3.1-8B-Instruct,0,0.194223,0.014139,0.025727,166
case_efce198623468711,Mistral-7B-Instruct-v0.1,0,0.198211,0.104709,0.030974,72
case_e23d5952dfe37029,Mistral-7B-Instruct-v0.3,0,0.203106,0.156561,0.033521,240
case_f90f09f14fb80125,Llama-2-7b-chat-hf,0,0.257835,0.200208,0.233942,191
case_9402f345a7ced62c,Llama-3.1-8B-Instruct,0,0.241615,0.123154,0.247905,117
case_7df5da383493c0af,Mistral-7B-Instruct-v0.1,0,0.21202,0.208274,0.226377,103
case_22dfdb41d2772a89,Mistral-7B-Instruct-v0.3,0,0.192123,0.133162,0.174778,78
case_1eb2a46a3c9c50ea,Llama-2-7b-chat-hf,1,0.62052,0.553331,0.287813,371
case_9960e492f69fe07f,Llama-3.1-8B-Instruct,0,0.226467,0.067075,0.055372,262
case_ecde953553ea444a,Mistral-7B-Instruct-v0.1,1,0.312164,0.279601,0.209344,103
case_fffc92414add8f12,Mistral-7B-Instruct-v0.3,0,0.526158,0.377459,0.154882,212
case_679b04fd94d1b482,Llama-2-7b-chat-hf,0,0.516339,0.25836,0.42207,174
case_022d221c900a052b,Llama-3.1-8B-Instruct,0,0.409334,0.115991,0.37492,101
case_77e6ec449dd3aadb,Mistral-7B-Instruct-v0.1,0,0.439303,0.099795,0.405231,102
case_141be9b578f9ee92,Mistral-7B-Instruct-v0.3,0,0.531088,0.227834,0.460917,130
case_4c8b82874d1794c6,Llama-2-7b-chat-hf,1,0.675399,0.664461,0.469789,282
case_e3037bb4c11feaf2,Llama-3.1-8B-Instruct,0,0.253931,0.406487,0.06388,153
case_bf848772b81ded92,Mistral-7B-Instruct-v0.1,1,0.436831,0.538112,0.390664,90
case_02f07e99aad9eb7a,Mistral-7B-Instruct-v0.3,0,0.490706,0.242589,0.290934,113
case_2c6eec0491b5e7c8,Llama-2-7b-chat-hf,1,0.758335,0.866379,0.395521,507
case_f8ffa54ad49a7ae8,Llama-3.1-8B-Instruct,0,0.882134,0.697506,0.440395,422
case_447f49fd0ff839c1,Mistral-7B-Instruct-v0.1,0,0.596351,0.343915,0.352255,246
case_013ecdf840183079,Mistral-7B-Instruct-v0.3,0,0.881782,0.756854,0.398472,477
case_dc05c9f8283f42c0,Llama-2-7b-chat-hf,1,0.65241,0.63326,0.428068,290
case_ce31b7ab7ddce94d,Llama-3.1-8B-Instruct,0,0.252188,0.07512,0.06107,346
case_172b31fe9d50d733,Mistral-7B-Instruct-v0.1,0,0.352476,0.402741,0.082118,307
case_279d96141f1ca3f0,Mistral-7B-Instruct-v0.3,0,0.689329,0.725391,0.206912,460
case_f2c5c0fce064f9ca,Llama-2-7b-chat-hf,0,0.815957,0.840537,0.513482,346
case_c45c275a3a5ba7bd,Llama-3.1-8B-Instruct,0,0.516738,0.291603,0.421394,194
case_f7282c79b7f9bc75,Mistral-7B-Instruct-v0.1,0,0.659291,0.726235,0.393821,347
case_55fa092d680ad82e,Mistral-7B-Instruct-v0.3,0,0.491348,0.496928,0.401865,154
case_0b44ab5f26e2d18e,Llama-2-7b-chat-hf,1,0.816664,0.865042,0.479958,487
case_0dff2550523a65f9,Llama-3.1-8B-Instruct,0,0.200016,0.004618,0.028345,261
case_be0bcf74e8d0e827,Mistral-7B-Instruct-v0.1,1,0.22403,0.231796,0.055217,139
case_893930cf8b4102ef,Mistral-7B-Instruct-v0.3,0,0.215686,0.267455,0.043709,257
case_493cbb8a7ce22421,Llama-2-7b-chat-hf,0,0.621769,0.466706,0.427675,281
case_e51475f718841ea3,Llama-3.1-8B-Instruct,0,0.469909,0.204558,0.370031,212
case_e2dc059f9a58f111,Mistral-7B-Instruct-v0.1,0,0.549461,0.372468,0.405127,206
case_29869f1e52ddba79,Mistral-7B-Instruct-v0.3,0,0.710891,0.663444,0.203174,411
case_b4a58bb24705e942,Llama-2-7b-chat-hf,0,0.22267,0.060818,0.048622,381
case_decf9b88b04b5ed3,Llama-3.1-8B-Instruct,0,0.19928,0.026023,0.037884,138
case_af367fd336bf1f09,Mistral-7B-Instruct-v0.1,0,0.226158,0.310158,0.052218,125
case_c4a3730bc8e8e807,Mistral-7B-Instruct-v0.3,0,0.2295,0.397005,0.050076,328
case_04cfa5b140e2b074,Llama-2-7b-chat-hf,0,0.363304,0.073052,0.242116,126
case_c4d049618266b6ef,Llama-3.1-8B-Instruct,0,0.302088,0.152561,0.185959,56
case_931a0b3c5f138747,Mistral-7B-Instruct-v0.1,0,0.235945,0.14066,0.247543,67
case_fa4b12a70cb5c6bc,Mistral-7B-Instruct-v0.3,0,0.326033,0.273296,0.191749,62
case_2e5edc297ae84a50,Llama-2-7b-chat-hf,0,0.248436,0.279751,0.055296,224
case_dd52f6f99f3affd9,Llama-3.1-8B-Instruct,0,0.208253,0.062561,0.031397,109
case_88037fd7923c5ba0,Mistral-7B-Instruct-v0.1,0,0.234113,0.03638,0.053867,208
case_78dbe04f90870751,Mistral-7B-Instruct-v0.3,0,0.214806,0.032039,0.032661,199
case_0889b70c939e5d3a,Llama-2-7b-chat-hf,1,0.966338,0.94532,0.510522,1407
case_fff8504eb64f2463,Llama-3.1-8B-Instruct,0,0.346563,0.318062,0.370115,104
case_80d418a5a88de0d0,Mistral-7B-Instruct-v0.1,1,0.941596,0.947777,0.449506,1130
case_1a3cd4107cab2c4f,Mistral-7B-Instruct-v0.3,0,0.345771,0.379631,0.359824,102
case_c7800e5a7d092597,Llama-2-7b-chat-hf,1,0.959158,0.979516,0.403632,1168
case_bd8c2fba3916ce4a,Llama-3.1-8B-Instruct,0,0.263372,0.319321,0.062438,380
case_51479aaa9a506718,Mistral-7B-Instruct-v0.1,0,0.436832,0.339934,0.136233,451
case_5c572b6a71a5f3d8,Mistral-7B-Instruct-v0.3,0,0.238835,0.098257,0.052898,110
case_ce5b18412dbd6692,Llama-2-7b-chat-hf,1,0.592852,0.335896,0.421774,254
case_24153236077d5605,Llama-3.1-8B-Instruct,1,0.330645,0.28183,0.329229,135
case_e5087554e71b8955,Mistral-7B-Instruct-v0.1,0,0.4079,0.398648,0.385702,134
case_bf4f71cee9e4a2d7,Mistral-7B-Instruct-v0.3,0,0.408782,0.335678,0.380399,188
case_ab62da33f894913f,Llama-2-7b-chat-hf,0,0.207155,0.080053,0.030974,356
case_11175d67e25fc1ca,Llama-3.1-8B-Instruct,0,0.207978,0.014916,0.035624,158
case_ff6dcbbd90dc6c07,Mistral-7B-Instruct-v0.1,0,0.208712,0.029711,0.04174,147
case_3347d25213bb9414,Mistral-7B-Instruct-v0.3,0,0.221707,0.059414,0.048027,239
case_b80305bcd249e634,Llama-2-7b-chat-hf,1,0.949885,0.99047,0.550478,939
case_6a15ddbead9d2000,Llama-3.1-8B-Instruct,0,0.633891,0.510242,0.231828,283
case_f775b2f30c366a6d,Mistral-7B-Instruct-v0.1,1,0.772528,0.815405,0.502522,396
case_2f14bcfa4712c588,Mistral-7B-Instruct-v0.3,0,0.725786,0.650968,0.371177,328
case_28feb1d39ae7470b,Llama-2-7b-chat-hf,1,0.946678,0.850721,0.506097,973
case_66714a0bd8c305d3,Llama-3.1-8B-Instruct,0,0.215696,0.025609,0.035398,214
case_8d59e84023f392cb,Mistral-7B-Instruct-v0.1,1,0.768755,0.833598,0.318066,667
case_e78562bb3245abec,Mistral-7B-Instruct-v0.3,0,0.253496,0.322179,0.060044,295
case_94b9b47b68457098,Llama-2-7b-chat-hf,0,0.680556,0.804773,0.330628,453
case_f1edd06af0f4fec7,Llama-3.1-8B-Instruct,0,0.589842,0.306138,0.182551,235
case_c9fdb4b9b214db45,Mistral-7B-Instruct-v0.1,0,0.617937,0.410979,0.232903,431
case_6839b2f66773b8d0,Mistral-7B-Instruct-v0.3,0,0.556787,0.625015,0.329372,321
case_687cf888c7dd14b0,Llama-2-7b-chat-hf,1,0.650081,0.351276,0.156,393
case_7b0f9c792da29247,Llama-3.1-8B-Instruct,0,0.240035,0.039636,0.047811,323
case_cdb3a749f4a39545,Mistral-7B-Instruct-v0.1,0,0.294395,0.107967,0.069183,225
case_aee8a408e5659671,Mistral-7B-Instruct-v0.3,0,0.22208,0.003604,0.036633,239
case_2c18afc3cd2984f2,Llama-2-7b-chat-hf,0,0.431251,0.291457,0.342244,178
case_cea642d78a46d938,Llama-3.1-8B-Instruct,0,0.271888,0.347132,0.081488,297
case_2755f5996bdf83b4,Mistral-7B-Instruct-v0.1,1,0.202505,0.011401,0.026404,242
case_b97fd31241df25ba,Mistral-7B-Instruct-v0.3,0,0.337114,0.286837,0.349328,134
case_dc66d0a66d1c674b,Llama-2-7b-chat-hf,1,0.605756,0.52858,0.405579,312
case_8dcc9b5172a23373,Llama-3.1-8B-Instruct,0,0.22742,0.173923,0.049371,260
case_ce846a99b050c13b,Mistral-7B-Instruct-v0.1,0,0.201661,0.015717,0.029707,195
case_43279c272180e727,Mistral-7B-Instruct-v0.3,1,0.671357,0.405444,0.247879,285
case_8716de1a1762959a,Llama-2-7b-chat-hf,1,0.365376,0.218595,0.231175,164
case_7ca188283f68f74b,Llama-3.1-8B-Instruct,0,0.350316,0.224807,0.335301,137
case_32d261953a122edd,Mistral-7B-Instruct-v0.1,1,0.678541,0.519695,0.149409,358
case_4341f9408be4d625,Mistral-7B-Instruct-v0.3,1,0.481324,0.406875,0.207035,130
case_48e59a08ca58ef1f,Llama-2-7b-chat-hf,1,0.588713,0.227909,0.225102,176
case_aea617d0c2b996bc,Llama-3.1-8B-Instruct,1,0.510446,0.359917,0.175813,156
case_4164b6e1b31b8bcf,Mistral-7B-Instruct-v0.1,0,0.223164,0.049519,0.034871,125
case_c1b5743d8a25b663,Mistral-7B-Instruct-v0.3,1,0.538066,0.312582,0.148687,185
case_11abc6e6e7ccc121,Llama-2-7b-chat-hf,0,0.573133,0.408197,0.418949,224
case_137e60e6c4acbf1e,Llama-3.1-8B-Instruct,0,0.363038,0.544797,0.19828,133
case_d5a5eac92f3bfe2c,Mistral-7B-Instruct-v0.1,1,0.380481,0.312905,0.36347,117
case_0b33331964773b6a,Mistral-7B-Instruct-v0.3,0,0.413032,0.352776,0.390551,134
case_9d35b149a6d36178,Llama-2-7b-chat-hf,1,0.717332,0.64657,0.409379,312
case_36399596a874dbe0,Llama-3.1-8B-Instruct,0,0.203345,0.04521,0.035357,94
case_5d1a4338610e728f,Mistral-7B-Instruct-v0.1,1,0.379813,0.494567,0.370133,92
case_5720c56c2e3788f9,Mistral-7B-Instruct-v0.3,0,0.505297,0.499711,0.147441,222
case_f2a305525d008ccf,Llama-2-7b-chat-hf,1,0.352071,0.128494,0.310044,140
case_d75498c63ed95654,Llama-3.1-8B-Instruct,0,0.403265,0.37701,0.392655,88
case_34b588a2efc3ef84,Mistral-7B-Instruct-v0.1,0,0.428075,0.227352,0.396886,93
case_e6adb74514606ebc,Mistral-7B-Instruct-v0.3,0,0.403264,0.37701,0.392655,88
case_bc311343698801eb,Llama-2-7b-chat-hf,1,0.580399,0.454686,0.433642,219
case_dbc4cc0065bbffcf,Llama-3.1-8B-Instruct,0,0.207391,0.018018,0.037992,89
case_9147ca5e6d0ff091,Mistral-7B-Instruct-v0.1,0,0.222354,0.041894,0.046639,171
case_9211db5705860ee6,Mistral-7B-Instruct-v0.3,1,0.534059,0.39464,0.221344,207
case_1c87315dba98293c,Llama-2-7b-chat-hf,0,0.456289,0.55428,0.13034,155
case_0f6139ef16372123,Llama-3.1-8B-Instruct,0,0.403785,0.294064,0.112583,134
case_73602f211acc64c5,Mistral-7B-Instruct-v0.1,0,0.465162,0.464225,0.131557,147
case_0a2cec1db84de69a,Mistral-7B-Instruct-v0.3,0,0.553319,0.293016,0.148644,196
case_043baa1960518584,Llama-2-7b-chat-hf,0,0.623158,0.778987,0.267488,328
case_365dbc5910fe95d7,Llama-3.1-8B-Instruct,0,0.201094,0.005501,0.027378,113
case_f49b16eb797466be,Mistral-7B-Instruct-v0.1,1,0.242268,0.520735,0.051958,136
case_aa3c74cbbb40e062,Mistral-7B-Instruct-v0.3,0,0.491591,0.509646,0.130066,225
case_92525ad6f8198a3b,Llama-2-7b-chat-hf,0,0.242324,0.160133,0.280521,112
case_271a429c3b977650,Llama-3.1-8B-Instruct,0,0.245881,0.229989,0.231286,85
case_88c5b5d13a55fa4d,Mistral-7B-Instruct-v0.1,0,0.200145,0.0601,0.238886,68
case_ce1d51d3b829f6ce,Mistral-7B-Instruct-v0.3,0,0.256547,0.191994,0.230168,74
case_79b6b8587523c4c1,Llama-2-7b-chat-hf,0,0.252307,0.205325,0.062745,237
case_57095b3cd0bae4e3,Llama-3.1-8B-Instruct,0,0.210883,0.082115,0.03364,171
case_c8135b394129ff4e,Mistral-7B-Instruct-v0.1,0,0.214058,0.023294,0.045143,213
case_70dc8f477c2c88d1,Mistral-7B-Instruct-v0.3,0,0.614394,0.453864,0.165729,399
case_f1be8e30aaa0e2d8,Llama-2-7b-chat-hf,0,0.775666,0.708875,0.489137,450
case_71c41d9071757c0f,Llama-3.1-8B-Instruct,0,0.372828,0.395106,0.36079,136
case_a476da90a4b00a09,Mistral-7B-Instruct-v0.1,0,0.516905,0.353367,0.458173,146
case_49a45d963afa41f5,Mistral-7B-Instruct-v0.3,0,0.739896,0.565711,0.516129,294
case_96f32830695e39ac,Llama-2-7b-chat-hf,1,0.940529,0.935257,0.563538,848
case_33d6ba41f36053f1,Llama-3.1-8B-Instruct,0,0.193725,0.011036,0.027445,97
case_f075363f37026950,Mistral-7B-Instruct-v0.1,1,0.850318,0.951825,0.535078,540
case_f1882be5e4ffe198,Mistral-7B-Instruct-v0.3,1,0.905696,0.890997,0.567866,646
case_5d18863f6464902a,Llama-2-7b-chat-hf,1,0.761579,0.899884,0.37279,559
case_c28a835ae4060b48,Llama-3.1-8B-Instruct,0,0.279586,0.130377,0.305033,157
case_9e572f5b67393c02,Mistral-7B-Instruct-v0.1,1,0.514596,0.409265,0.388251,268
case_b562b4a5ac82adf3,Mistral-7B-Instruct-v0.3,0,0.664341,0.859912,0.411773,411
case_5d063be19bfc3e96,Llama-2-7b-chat-hf,1,0.861443,0.879722,0.371135,820
case_b1807d80744c7879,Llama-3.1-8B-Instruct,0,0.195024,0.039104,0.033516,151
case_c688fc09030dafee,Mistral-7B-Instruct-v0.1,0,0.477603,0.499367,0.175816,185
case_ae4903c5eb257198,Mistral-7B-Instruct-v0.3,1,0.76271,0.803966,0.275243,560
case_8bee6230e8e5ea1f,Llama-2-7b-chat-hf,0,0.562226,0.730448,0.41525,305
case_807da3431d33be20,Llama-3.1-8B-Instruct,0,0.421468,0.696579,0.375508,201
case_4186ff8e1b1c1fc8,Mistral-7B-Instruct-v0.1,0,0.632862,0.836163,0.456809,362
case_cc94cabe31457523,Mistral-7B-Instruct-v0.3,0,0.270634,0.328622,0.308796,159
case_180ded1e086785dc,Llama-2-7b-chat-hf,1,0.773354,0.790158,0.509833,565
case_1c61181bb7daa545,Llama-3.1-8B-Instruct,0,0.190719,0.102132,0.047578,270
case_84977ee4e227a9e7,Mistral-7B-Instruct-v0.1,1,0.425558,0.589715,0.141324,252
case_4617decfa483213e,Mistral-7B-Instruct-v0.3,0,0.190639,0.037928,0.040487,322
case_3f755ad16a76409f,Llama-2-7b-chat-hf,1,0.641694,0.53783,0.45657,203
case_fbfb4509eb80e896,Llama-3.1-8B-Instruct,0,0.500753,0.305809,0.406691,131
case_5c0844a98375e37e,Mistral-7B-Instruct-v0.1,0,0.450213,0.468205,0.366273,186
case_ea7bc95a9b89f4de,Mistral-7B-Instruct-v0.3,0,0.372405,0.538215,0.367262,79
case_993e32afaaea8bac,Llama-2-7b-chat-hf,1,0.654212,0.192158,0.438399,313
case_f5a767408d467573,Llama-3.1-8B-Instruct,0,0.214773,0.022581,0.030495,116
case_0e052538f5f3708a,Mistral-7B-Instruct-v0.1,1,0.558645,0.455347,0.375431,270
case_e795b11f9162df3b,Mistral-7B-Instruct-v0.3,1,0.236624,0.150704,0.041604,329
case_98121fa0da5f775a,Llama-2-7b-chat-hf,1,0.501666,0.343226,0.266077,249
case_4c1a44998c76f3d6,Llama-3.1-8B-Instruct,0,0.626909,0.462674,0.445199,233
case_75eb14004bb927c3,Mistral-7B-Instruct-v0.1,0,0.312781,0.257488,0.335941,140
case_7c3fbf43c7cec8c9,Mistral-7B-Instruct-v0.3,0,0.318878,0.340837,0.345497,171
case_2547d65a300981e5,Llama-2-7b-chat-hf,0,0.497753,0.569773,0.099779,383
case_feabed9e2ea22845,Llama-3.1-8B-Instruct,0,0.216643,0.027553,0.048987,232
case_41e434a3661a6b22,Mistral-7B-Instruct-v0.1,0,0.262582,0.085071,0.089663,252
case_c3e29c8ae108a628,Mistral-7B-Instruct-v0.3,0,0.628907,0.401638,0.241269,382
case_823ea9214fdcf215,Llama-2-7b-chat-hf,1,0.947468,0.977128,0.476123,1076
case_6e572d1de5294f7a,Llama-3.1-8B-Instruct,0,0.612235,0.579016,0.390451,349
case_bed6442173df049b,Mistral-7B-Instruct-v0.1,0,0.621883,0.765136,0.342935,349
case_e7a35eb03e6be857,Mistral-7B-Instruct-v0.3,0,0.652468,0.828758,0.275961,375
case_d8a73318d2e655a7,Llama-2-7b-chat-hf,1,0.876769,0.607779,0.216225,894
case_6e53385c7e5e64f7,Llama-3.1-8B-Instruct,0,0.193738,0.001591,0.024406,99
case_e7fa419cf1612adb,Mistral-7B-Instruct-v0.1,0,0.262004,0.347195,0.063978,266
case_f8c25bcd97c4ab62,Mistral-7B-Instruct-v0.3,0,0.213038,0.055718,0.042277,394
case_5acc11230175d93b,Llama-2-7b-chat-hf,0,0.62713,0.540903,0.215888,364
case_0101d49c073d3e56,Llama-3.1-8B-Instruct,0,0.551729,0.318358,0.172828,177
case_cd76ef0a74dde023,Mistral-7B-Instruct-v0.1,1,0.513509,0.345556,0.431943,138
case_e68e7b476de862c8,Mistral-7B-Instruct-v0.3,0,0.494473,0.405985,0.14393,249
case_d3370c4bfa72de26,Llama-2-7b-chat-hf,0,0.345818,0.413259,0.069598,706
case_be08450d40348f4c,Llama-3.1-8B-Instruct,0,0.208775,0.006847,0.027903,181
case_1e3fc1cdda21b660,Mistral-7B-Instruct-v0.1,1,0.674043,0.537736,0.210208,280
case_46aee52e0047e09d,Mistral-7B-Instruct-v0.3,0,0.239691,0.090848,0.052116,233
case_75a75c791fa033cd,Llama-2-7b-chat-hf,0,0.684663,0.937405,0.4821,302
case_f7e3fb0017025e30,Llama-3.1-8B-Instruct,0,0.429038,0.647503,0.402877,120
case_7f646ebf2de4887a,Mistral-7B-Instruct-v0.1,0,0.650962,0.832838,0.501787,198
case_d08e4ecbc5df4838,Mistral-7B-Instruct-v0.3,0,0.373513,0.579338,0.374547,102
case_65bb8095a222406b,Llama-2-7b-chat-hf,1,0.553363,0.500946,0.4517,157
case_9dfc879e81f55bfe,Llama-3.1-8B-Instruct,0,0.213029,0.073113,0.043233,204
case_c0607cf0596fd710,Mistral-7B-Instruct-v0.1,1,0.581493,0.395287,0.479258,136
case_12e469fe19ba1d5a,Mistral-7B-Instruct-v0.3,0,0.200016,0.032295,0.031869,306
case_ded433c5b648d77d,Llama-2-7b-chat-hf,0,0.588103,0.457813,0.419235,275
case_9dd13bc31266beb1,Llama-3.1-8B-Instruct,0,0.343847,0.333287,0.298037,136
case_75f51fa3e453babb,Mistral-7B-Instruct-v0.1,1,0.212955,0.174912,0.035695,163
case_54cb6bd11e7d0b52,Mistral-7B-Instruct-v0.3,1,0.504551,0.561078,0.120643,247
case_0c0882c0b8275ee0,Llama-2-7b-chat-hf,0,0.255361,0.776803,0.061339,443
case_0c5ce6eca5e9e674,Llama-3.1-8B-Instruct,0,0.202136,0.007104,0.032109,71
case_73056ea4699145fa,Mistral-7B-Instruct-v0.1,0,0.201545,0.165957,0.028727,223
case_5e71bc8d888a9cab,Mistral-7B-Instruct-v0.3,0,0.204582,0.027073,0.030234,226
case_6e33a17bba0c6950,Llama-2-7b-chat-hf,0,0.774845,0.750539,0.445016,510
case_86852e92a8ac525a,Llama-3.1-8B-Instruct,0,0.374267,0.317934,0.329341,146
case_b53eb79fcd847cbc,Mistral-7B-Instruct-v0.1,0,0.416072,0.314036,0.331102,133
case_ffcccd7b98bc995d,Mistral-7B-Instruct-v0.3,0,0.265573,0.297821,0.300075,80
case_d58967d91bfc7dfb,Llama-2-7b-chat-hf,1,0.764881,0.700558,0.391452,416
case_dd7f0775667b3c75,Llama-3.1-8B-Instruct,0,0.195788,0.015547,0.033505,96
case_b0e94e90126a2197,Mistral-7B-Instruct-v0.1,0,0.19453,0.03188,0.026286,224
case_d8c9f093bb7cf388,Mistral-7B-Instruct-v0.3,0,0.208689,0.053297,0.039719,158
case_937197c763a7edf2,Llama-2-7b-chat-hf,0,0.384558,0.224033,0.303243,90
case_8817bef9c005d22f,Llama-3.1-8B-Instruct,0,0.350943,0.238827,0.345109,76
case_2b059d6c394b0cd3,Mistral-7B-Instruct-v0.1,0,0.345873,0.242704,0.289006,88
case_79ad7fd43b6ed3b6,Mistral-7B-Instruct-v0.3,0,0.345872,0.242704,0.289006,88
case_f5ed1a563778ebc9,Llama-2-7b-chat-hf,1,0.457451,0.24977,0.390132,140
case_fb6bb8cc0635455f,Llama-3.1-8B-Instruct,0,0.222553,0.020269,0.038114,123
case_618cbbc94e92cd22,Mistral-7B-Instruct-v0.1,0,0.266282,0.320757,0.069863,109
case_54d946b4303a7b30,Mistral-7B-Instruct-v0.3,0,0.326176,0.435044,0.07142,335
case_098e7629fa54f7d7,Llama-2-7b-chat-hf,1,0.725564,0.739439,0.468805,414
case_4b55e6c9bbc6c988,Llama-3.1-8B-Instruct,0,0.593885,0.438201,0.454705,205
case_3f635ecc5b1edcc8,Mistral-7B-Instruct-v0.1,0,0.503821,0.64331,0.438519,100
case_9171ff8d0b5e4ac1,Mistral-7B-Instruct-v0.3,0,0.483489,0.571227,0.42923,139
case_486d4b089fa69ea8,Llama-2-7b-chat-hf,1,0.810842,0.815482,0.285573,655
case_73d52e94ea1e2376,Llama-3.1-8B-Instruct,0,0.208498,0.043614,0.035108,169
case_838ba6002dfa6a51,Mistral-7B-Instruct-v0.1,1,0.5194,0.661624,0.446548,114
case_5c055cfbae633f9e,Mistral-7B-Instruct-v0.3,0,0.428068,0.516406,0.103648,419
case_29046bdc31d63f07,Llama-2-7b-chat-hf,1,0.571642,0.372456,0.2104,209
case_2d9dcf8d1ab67228,Llama-3.1-8B-Instruct,1,0.283234,0.264821,0.07144,76
case_3dcfb5a23e8cb63e,Mistral-7B-Instruct-v0.1,1,0.31213,0.333394,0.088575,155
case_042553d7e1950410,Mistral-7B-Instruct-v0.3,0,0.477261,0.356885,0.185324,107
case_d3d2117ae4d20f86,Llama-2-7b-chat-hf,0,0.298913,0.365377,0.083616,274
case_b2948547325c75f6,Llama-3.1-8B-Instruct,0,0.217969,0.030568,0.030596,148
case_a1d9a3ed4ac9908d,Mistral-7B-Instruct-v0.1,0,0.242024,0.220807,0.049691,133
case_fa3f9404c30c3a16,Mistral-7B-Instruct-v0.3,0,0.231377,0.338194,0.04482,163
case_36f26830d198ef4d,Llama-2-7b-chat-hf,1,0.796857,0.830461,0.379973,574
case_97475412332c2007,Llama-3.1-8B-Instruct,0,0.560831,0.57901,0.217614,289
case_7e59b79774f6bdcf,Mistral-7B-Instruct-v0.1,0,0.462663,0.272231,0.128698,104
case_aa3726d963fb5610,Mistral-7B-Instruct-v0.3,0,0.77565,0.767044,0.359927,321
case_5fa0888d8845dc76,Llama-2-7b-chat-hf,1,0.802251,0.843946,0.463886,503
case_8b9a85fa86031b46,Llama-3.1-8B-Instruct,0,0.217344,0.203239,0.027744,100
case_dce4f7497135e8d7,Mistral-7B-Instruct-v0.1,0,0.226192,0.051318,0.038671,102
case_d85b462512bd8b9e,Mistral-7B-Instruct-v0.3,0,0.430534,0.587613,0.106965,351
case_73da6067dfa1e7d4,Llama-2-7b-chat-hf,1,0.788821,0.618471,0.166937,773
case_6b4a2e81731e4b0d,Llama-3.1-8B-Instruct,0,0.243366,0.145645,0.267556,100
case_c39d4ce6d8aa6426,Mistral-7B-Instruct-v0.1,1,0.272177,0.349945,0.062103,599
case_b372340f6cd52201,Mistral-7B-Instruct-v0.3,0,0.691189,0.878884,0.362943,442
case_96fcd819a34ce550,Llama-2-7b-chat-hf,0,0.824601,0.903906,0.367003,827
case_6400b9f81bc462a5,Llama-3.1-8B-Instruct,0,0.222568,0.033767,0.037831,332
case_99d2bed221a20795,Mistral-7B-Instruct-v0.1,0,0.394811,0.601425,0.124117,473
case_da9806009b95f463,Mistral-7B-Instruct-v0.3,0,0.661164,0.642299,0.226969,357
case_bccf75212113f011,Llama-2-7b-chat-hf,0,0.825706,0.438436,0.540574,353
case_22c3b3d9e1d18393,Llama-3.1-8B-Instruct,0,0.856642,0.68555,0.551902,253
case_43934f7a1547312f,Mistral-7B-Instruct-v0.1,0,0.464842,0.197956,0.411958,147
case_1d612f94af4a67c2,Mistral-7B-Instruct-v0.3,0,0.477546,0.253008,0.415697,160
case_93e65469ec86f1f1,Llama-2-7b-chat-hf,1,0.875869,0.969541,0.580657,464
case_cd93cbdb26d66904,Llama-3.1-8B-Instruct,0,0.872558,0.596612,0.530548,374
case_646c70b945742cf1,Mistral-7B-Instruct-v0.1,1,0.571723,0.70761,0.466253,148
case_56b26b6fbfa240df,Mistral-7B-Instruct-v0.3,0,0.271344,0.212058,0.072254,374
case_486d5b0ad8d8002d,Llama-2-7b-chat-hf,1,0.865528,0.93858,0.495176,640
case_5caee1c98baa0233,Llama-3.1-8B-Instruct,0,0.238785,0.18096,0.250785,208
case_d002db524cee543e,Mistral-7B-Instruct-v0.1,0,0.285866,0.253211,0.267849,228
case_35d03746cf24cf58,Mistral-7B-Instruct-v0.3,0,0.258578,0.181735,0.243484,204
case_68e0979a215f236e,Llama-2-7b-chat-hf,0,0.620073,0.473387,0.120542,702
case_057c13006a03b727,Llama-3.1-8B-Instruct,0,0.197665,0.046681,0.030743,194
case_ce6650c8b2267695,Mistral-7B-Instruct-v0.1,0,0.212884,0.101195,0.044825,294
case_289069cbc5d3de0c,Mistral-7B-Instruct-v0.3,0,0.210647,0.065915,0.042249,341
case_2460c37b4412ab32,Llama-2-7b-chat-hf,1,0.655633,0.668959,0.196821,361
case_3229db101cae9bc8,Llama-3.1-8B-Instruct,0,0.605405,0.494122,0.220587,345
case_dba6764ee60c8c11,Mistral-7B-Instruct-v0.1,0,0.490334,0.471972,0.391565,223
case_296cccaa7271f207,Mistral-7B-Instruct-v0.3,1,0.506864,0.625046,0.182463,228
case_1b9ca5f887f9afb1,Llama-2-7b-chat-hf,0,0.935007,0.912197,0.490364,866
case_c95c8126b5f22deb,Llama-3.1-8B-Instruct,0,0.198761,0.071987,0.035677,325
case_7cb89425c1cf63de,Mistral-7B-Instruct-v0.1,0,0.202301,0.041039,0.041458,231
case_5af6edc3d4be51f1,Mistral-7B-Instruct-v0.3,0,0.202197,0.136708,0.042065,270
case_e702b3cfb92c5af4,Llama-2-7b-chat-hf,1,0.528779,0.410121,0.421668,222
case_6e27267edbbef6b4,Llama-3.1-8B-Instruct,0,0.228258,0.195841,0.275963,90
case_78d591e0a29f60e2,Mistral-7B-Instruct-v0.1,0,0.336637,0.27944,0.347165,73
case_de00b4da66732c32,Mistral-7B-Instruct-v0.3,0,0.293066,0.357026,0.319144,87
case_a06548d739668151,Llama-2-7b-chat-hf,1,0.611032,0.351189,0.143908,311
case_fa9c7cc390498d5c,Llama-3.1-8B-Instruct,0,0.206513,0.051438,0.033855,89
case_8890f564093a0be0,Mistral-7B-Instruct-v0.1,1,0.34655,0.331381,0.105987,260
case_51532890ec714267,Mistral-7B-Instruct-v0.3,1,0.634853,0.644508,0.217363,297
case_4d5d12fc1edd58e4,Llama-2-7b-chat-hf,1,0.742552,0.864805,0.479455,460
case_8fb6d23b7ec1afe3,Llama-3.1-8B-Instruct,1,0.627888,0.536267,0.282639,324
case_d0410176428b0f2c,Mistral-7B-Instruct-v0.1,1,0.568072,0.537399,0.220526,280
case_8e6849d69674f044,Mistral-7B-Instruct-v0.3,1,0.562245,0.551969,0.385188,214
case_31b73be0cbf9ea67,Llama-2-7b-chat-hf,1,0.651138,0.562611,0.192793,416
case_769c79f3122436e1,Llama-3.1-8B-Instruct,0,0.21699,0.031531,0.044884,273
case_95d20b182bc102f7,Mistral-7B-Instruct-v0.1,1,0.285036,0.057711,0.085535,403
case_e6be4b27b92df6c5,Mistral-7B-Instruct-v0.3,0,0.207675,0.075967,0.03951,265
case_53a20305643a66dc,Llama-2-7b-chat-hf,1,0.752159,0.912605,0.515924,312
case_1b5ee7837e22870e,Llama-3.1-8B-Instruct,0,0.602059,0.180104,0.284107,150
case_dd538b910e5648fe,Mistral-7B-Instruct-v0.1,1,0.487165,0.437978,0.451144,168
case_52f99036f8f8cff5,Mistral-7B-Instruct-v0.3,0,0.567275,0.540183,0.378632,211
case_55598ac085935784,Llama-2-7b-chat-hf,1,0.570105,0.660429,0.174145,411
case_4745d3d5e6e6b48c,Llama-3.1-8B-Instruct,0,0.196639,0.076549,0.035627,165
case_b2b3aff7f811d095,Mistral-7B-Instruct-v0.1,1,0.294834,0.358378,0.307805,145
case_4f3669880d24385c,Mistral-7B-Instruct-v0.3,0,0.285032,0.174562,0.077,262
case_cd82c78ad6c4da64,Llama-2-7b-chat-hf,1,0.534474,0.692259,0.236894,259
case_1181e6906e67af04,Llama-3.1-8B-Instruct,1,0.309254,0.591124,0.077702,305
case_17f151f11123f945,Mistral-7B-Instruct-v0.1,1,0.601479,0.599581,0.38042,230
case_9fbe47485566e227,Mistral-7B-Instruct-v0.3,0,0.584253,0.40925,0.426931,271
case_d0983de03abd2fae,Llama-2-7b-chat-hf,1,0.885972,0.879678,0.339357,890
case_ab6b99f4380cfa2f,Llama-3.1-8B-Instruct,0,0.204371,0.02814,0.034744,73
case_194c626f71583f5d,Mistral-7B-Instruct-v0.1,1,0.560571,0.557405,0.18876,250
case_917a5db66c5acb59,Mistral-7B-Instruct-v0.3,0,0.220798,0.120864,0.043729,331
case_62e314e3dd345a79,Llama-2-7b-chat-hf,0,0.475757,0.445442,0.385864,135
case_dfd5ccff533e4367,Llama-3.1-8B-Instruct,0,0.5437,0.555782,0.428636,127
case_362bfa161fdd5775,Mistral-7B-Instruct-v0.1,0,0.396339,0.332943,0.356168,124
case_f84dd7d939a00f66,Mistral-7B-Instruct-v0.3,0,0.461317,0.281327,0.364206,123
case_f9fdddeb15dd3f42,Llama-2-7b-chat-hf,1,0.524632,0.344299,0.416322,194
case_e934e5ccc29fdc3f,Llama-3.1-8B-Instruct,0,0.210474,0.168663,0.033716,100
case_77ff57af47723d01,Mistral-7B-Instruct-v0.1,0,0.214634,0.016399,0.034815,134
case_b1764cfe4eeff90e,Mistral-7B-Instruct-v0.3,0,0.248768,0.365453,0.053133,224
case_626d76ebc437d845,Llama-2-7b-chat-hf,1,0.866161,0.688885,0.456159,713
case_93fafbc363e0c3cc,Llama-3.1-8B-Instruct,0,0.408691,0.254726,0.324054,256
case_d44671e16ef0d100,Mistral-7B-Instruct-v0.1,0,0.267119,0.300995,0.294705,108
case_0989d7a8e5605556,Mistral-7B-Instruct-v0.3,0,0.206865,0.262402,0.261079,84
case_edf483a2e22ff072,Llama-2-7b-chat-hf,0,0.255444,0.608451,0.06375,406
case_ba606002dc5ad76d,Llama-3.1-8B-Instruct,0,0.282977,0.197291,0.101421,292
case_d05c7e6e7ae2b69a,Mistral-7B-Instruct-v0.1,0,0.266086,0.240026,0.083145,210
case_228c81362f6250e4,Mistral-7B-Instruct-v0.3,0,0.471906,0.58534,0.170798,375
case_bc666cda7f93253e,Llama-2-7b-chat-hf,1,0.612218,0.447297,0.414315,335
case_3d8f53e4cfc42062,Llama-3.1-8B-Instruct,0,0.348499,0.320774,0.308295,104
case_c3d35f696f653e26,Mistral-7B-Instruct-v0.1,0,0.17782,0.205872,0.245807,67
case_4acf4ab58fec6977,Mistral-7B-Instruct-v0.3,0,0.255112,0.229198,0.276853,89
case_7ceab2a13977e0c0,Llama-2-7b-chat-hf,1,0.703706,0.695468,0.39485,389
case_f1f720eb55d0039c,Llama-3.1-8B-Instruct,0,0.215769,0.092369,0.036922,178
case_08bb886d3f92e587,Mistral-7B-Instruct-v0.1,1,0.31495,0.147974,0.324546,104
case_247a160d6ce5685d,Mistral-7B-Instruct-v0.3,0,0.520443,0.394726,0.145514,371
case_a721d0ccbebc0cc7,Llama-2-7b-chat-hf,1,0.464252,0.312175,0.387296,208
case_3b983292216b2aed,Llama-3.1-8B-Instruct,0,0.425694,0.259833,0.364791,228
case_5109fa0a1ea1129e,Mistral-7B-Instruct-v0.1,1,0.413035,0.291907,0.360687,188
case_c0c4640b089105d1,Mistral-7B-Instruct-v0.3,1,0.581156,0.536106,0.425077,239
case_6e6d1ea59afea9f1,Llama-2-7b-chat-hf,1,0.767778,0.842074,0.371146,398
case_7bfa788cdd5c51f8,Llama-3.1-8B-Instruct,0,0.204348,0.009876,0.040707,94
case_63144348639ef248,Mistral-7B-Instruct-v0.1,1,0.603073,0.699254,0.309709,221
case_377803b8811c78af,Mistral-7B-Instruct-v0.3,0,0.554477,0.50472,0.18915,478
case_ea7776c54457261e,Llama-2-7b-chat-hf,0,0.593931,0.387576,0.4244,363
case_e330f5e2783e1f8d,Llama-3.1-8B-Instruct,0,0.487719,0.245768,0.379108,232
case_a20ed713e3990780,Mistral-7B-Instruct-v0.1,0,0.360937,0.264474,0.34295,177
case_d6449f2795158f6d,Mistral-7B-Instruct-v0.3,0,0.388983,0.187816,0.388093,128
case_ea52a1a90f9eff67,Llama-2-7b-chat-hf,1,0.91629,0.484708,0.21213,894
case_0ac929dedfc54330,Llama-3.1-8B-Instruct,0,0.21379,0.057085,0.032491,63
case_d858abb19a7d42e9,Mistral-7B-Instruct-v0.1,1,0.38187,0.181935,0.396202,107
case_4907d9147f7e94b0,Mistral-7B-Instruct-v0.3,0,0.408385,0.523732,0.124496,300
case_4308728548be4928,Llama-2-7b-chat-hf,0,0.616227,0.520604,0.430433,350
case_628c9404ac6c2cda,Llama-3.1-8B-Instruct,0,0.35164,0.350849,0.09292,249
case_863411125f80eb28,Mistral-7B-Instruct-v0.1,1,0.636912,0.697565,0.455001,297
case_2a2a725aa6b6f6ea,Mistral-7B-Instruct-v0.3,1,0.283482,0.141109,0.259253,143
case_9465628fc02dc148,Llama-2-7b-chat-hf,1,0.742274,0.555927,0.338941,569
case_4d5610c824cef515,Llama-3.1-8B-Instruct,0,0.206609,0.00288,0.036568,151
case_a40ca8e6ba14f09b,Mistral-7B-Instruct-v0.1,0,0.327304,0.405471,0.077521,115
case_33661e2fe56ae5a2,Mistral-7B-Instruct-v0.3,1,0.714588,0.552888,0.233502,401
case_b1f2ec5ac865f51b,Llama-2-7b-chat-hf,0,0.512957,0.253745,0.407206,239
case_a8754752402c69a4,Llama-3.1-8B-Instruct,0,0.510513,0.46358,0.442029,100
case_f0575734abd12800,Mistral-7B-Instruct-v0.1,0,0.295067,0.379632,0.340451,72
case_1b61bb372fecd909,Mistral-7B-Instruct-v0.3,0,0.512225,0.447459,0.446323,109
case_3b3d2590be082cd8,Llama-2-7b-chat-hf,1,0.789739,0.862617,0.480401,529
case_9e536b9ac54954f3,Llama-3.1-8B-Instruct,0,0.308436,0.205773,0.094278,202
case_183e634bb9b7880f,Mistral-7B-Instruct-v0.1,1,0.286882,0.319298,0.0713,96
case_40da451b32a3581e,Mistral-7B-Instruct-v0.3,0,0.212654,0.055407,0.038587,150
case_88eec7c3e8440498,Llama-2-7b-chat-hf,1,0.93877,0.972638,0.488844,1124
case_8e22f39d2d21cee3,Llama-3.1-8B-Instruct,0,0.563494,0.351828,0.441859,247
case_dedb5911bdb4ca42,Mistral-7B-Instruct-v0.1,1,0.880497,0.890773,0.386218,648
case_ec57abfdfb308230,Mistral-7B-Instruct-v0.3,1,0.520608,0.580782,0.156035,365
case_88ac9d6dc2355251,Llama-2-7b-chat-hf,1,0.959528,0.946174,0.519518,1074
case_cefda8fd187e3c13,Llama-3.1-8B-Instruct,0,0.280651,0.358024,0.084156,363
case_6bd0b80f06820011,Mistral-7B-Instruct-v0.1,1,0.75434,0.636311,0.285577,369
case_b49f3563e388363d,Mistral-7B-Instruct-v0.3,0,0.242301,0.118547,0.066583,343
case_672fe09259740b8d,Llama-2-7b-chat-hf,0,0.330213,0.146398,0.272115,135
case_724372096400aeae,Llama-3.1-8B-Instruct,0,0.371232,0.174378,0.311651,199
case_d0d5c9e6b1751df2,Mistral-7B-Instruct-v0.1,0,0.221098,0.155343,0.257979,97
case_a540a0625287bc1e,Mistral-7B-Instruct-v0.3,0,0.236806,0.131787,0.309142,73
case_7d7a8c7a953f92a0,Llama-2-7b-chat-hf,0,0.214014,0.027047,0.039946,425
case_1b3fc39bfabac605,Llama-3.1-8B-Instruct,0,0.20263,0.020936,0.032407,317
case_68f7ea2468fc7c27,Mistral-7B-Instruct-v0.1,0,0.198949,0.02886,0.0324,153
case_6e7bd48e601d5e10,Mistral-7B-Instruct-v0.3,0,0.218026,0.172685,0.052136,152
case_d78396973f7a56a2,Llama-2-7b-chat-hf,1,0.692664,0.793535,0.311006,378
case_dc3bdcbb574d487e,Llama-3.1-8B-Instruct,1,0.218616,0.035979,0.031048,74
case_59e6f8623e9ed7bb,Mistral-7B-Instruct-v0.1,0,0.246538,0.324386,0.297884,57
case_570b2349911af56f,Mistral-7B-Instruct-v0.3,0,0.246538,0.324386,0.297884,57
case_cf5935fa874f2ffe,Llama-2-7b-chat-hf,1,0.734309,0.617126,0.214174,371
case_0b9b7437a2c41cab,Llama-3.1-8B-Instruct,0,0.215171,0.282926,0.029679,102
case_12060f8438578d90,Mistral-7B-Instruct-v0.1,0,0.336756,0.41475,0.085274,423
case_d74d4df4d0d5624b,Mistral-7B-Instruct-v0.3,0,0.217299,0.019918,0.029158,186
case_fcf79ef6064b6c1f,Llama-2-7b-chat-hf,0,0.535158,0.349988,0.378945,457
case_28e889b77ef295e3,Llama-3.1-8B-Instruct,0,0.338717,0.283434,0.341211,169
case_e7a76466a808d97c,Mistral-7B-Instruct-v0.1,0,0.326083,0.347243,0.355034,154
case_c5f8e2c29d05b5b4,Mistral-7B-Instruct-v0.3,1,0.44285,0.252735,0.391569,205
case_b2a9b1f666876174,Llama-2-7b-chat-hf,1,0.743456,0.846898,0.491166,471
case_bfc49d87eebcaeb8,Llama-3.1-8B-Instruct,0,0.269056,0.110872,0.096134,274
case_5dfa78d4f87aa157,Mistral-7B-Instruct-v0.1,1,0.574978,0.519116,0.178248,424
case_d2c740df55077a77,Mistral-7B-Instruct-v0.3,1,0.619794,0.617524,0.22834,370
case_ef23ddf9a353ba5e,Llama-2-7b-chat-hf,0,0.282572,0.428868,0.292475,170
case_901ba250effe66b0,Llama-3.1-8B-Instruct,0,0.224707,0.207025,0.274497,117
case_92cc3f0892e865db,Mistral-7B-Instruct-v0.1,0,0.226147,0.180428,0.273769,117
case_57a2507370f44780,Mistral-7B-Instruct-v0.3,0,0.254245,0.41915,0.306356,103
case_b2114c891bfb85cd,Llama-2-7b-chat-hf,1,0.290656,0.450288,0.302525,171
case_9999ddde4e34bb40,Llama-3.1-8B-Instruct,0,0.521638,0.918635,0.471415,115
case_a6c81a34f9c3c3f7,Mistral-7B-Instruct-v0.1,1,0.238426,0.353008,0.28718,120
case_6caae3b979a30e49,Mistral-7B-Instruct-v0.3,1,0.228038,0.136851,0.258527,122
case_ea51fbb32eb88f6e,Llama-2-7b-chat-hf,1,0.956292,0.869585,0.549357,796
case_b81488eb49928cef,Llama-3.1-8B-Instruct,0,0.469877,0.620052,0.158487,330
case_d6ecae1d2e95daeb,Mistral-7B-Instruct-v0.1,1,0.548689,0.594384,0.437326,223
case_d192e09e7681a033,Mistral-7B-Instruct-v0.3,0,0.796991,0.863522,0.422022,448
case_795d6d1122a296d7,Llama-2-7b-chat-hf,1,0.899728,0.884828,0.511378,587
case_c7b71e57212d993a,Llama-3.1-8B-Instruct,0,0.228624,0.187634,0.036692,82
case_e51e14a7360e595c,Mistral-7B-Instruct-v0.1,0,0.644754,0.561474,0.167121,381
case_2d89e2c482a2186c,Mistral-7B-Instruct-v0.3,0,0.235903,0.269503,0.040465,223
case_152f0ae25f47b3e6,Llama-2-7b-chat-hf,0,0.748252,0.483709,0.501016,307
case_5d178f1314d3984e,Llama-3.1-8B-Instruct,0,0.441197,0.237307,0.407019,118
case_a49c9f8da6c29047,Mistral-7B-Instruct-v0.1,0,0.404688,0.372563,0.395593,71
case_5cec8bf6aa3ebb62,Mistral-7B-Instruct-v0.3,0,0.309391,0.205497,0.337275,73
case_7fd123d320027467,Llama-2-7b-chat-hf,1,0.481373,0.412467,0.099637,357
case_0b09166e64295a48,Llama-3.1-8B-Instruct,0,0.246688,0.099732,0.051117,149
case_753ff6e4052acf31,Mistral-7B-Instruct-v0.1,0,0.556967,0.412142,0.160922,273
case_9f1c6cdead340ddb,Mistral-7B-Instruct-v0.3,0,0.68203,0.60639,0.226406,344
case_ee3fdfe0864b253a,Llama-2-7b-chat-hf,0,0.563187,0.64423,0.366488,266
case_14217fc4c1b0a8b4,Llama-3.1-8B-Instruct,0,0.287529,0.203472,0.268618,78
case_1aa30376245341a0,Mistral-7B-Instruct-v0.1,0,0.302048,0.122317,0.208079,72
case_d1c28715fc778fa0,Mistral-7B-Instruct-v0.3,0,0.280859,0.341367,0.240804,139
case_797a35ec720b3454,Llama-2-7b-chat-hf,0,0.217254,0.174749,0.033101,266
case_0bb6aa4838ffe763,Llama-3.1-8B-Instruct,0,0.208767,0.024697,0.028865,145
case_17c9937d30bb2e2f,Mistral-7B-Instruct-v0.1,0,0.21801,0.134495,0.037285,130
case_8de9ef8523ce70e8,Mistral-7B-Instruct-v0.3,0,0.214771,0.044262,0.03154,220
