category,sample_id,visible_token_ratio,visible_char_ratio,gold_char_recall,fully_visible_span_rate,partially_visible_span_rate,fully_truncated_span_rate,n_valid_spans,max_offset_end
A,case_c78fe197bdf1673d,1.0,1.0,1.0,1.0,0.0,0.0,1,854
A,case_c805ae50fb187572,1.0,1.0,1.0,1.0,0.0,0.0,1,471
A,case_79c2e88ed82c2381,1.0,1.0,1.0,1.0,0.0,0.0,1,382
A,case_07aa6c090ff32696,1.0,1.0,1.0,1.0,0.0,0.0,3,1106
A,case_48f030d356becc1f,1.0,1.0,1.0,1.0,0.0,0.0,1,633
A,case_1483412ce24e3039,1.0,1.0,1.0,1.0,0.0,0.0,1,1152
A,case_a2295e53466ba448,1.0,1.0,1.0,1.0,0.0,0.0,1,568
A,case_ad0a14a3b28234f3,1.0,1.0,1.0,1.0,0.0,0.0,1,557
A,case_6c965fde23fbcca0,1.0,1.0,1.0,1.0,0.0,0.0,1,375
A,case_8298e3b8dc3c70a6,1.0,1.0,1.0,1.0,0.0,0.0,1,258
A,case_18785aa4bb9e649a,1.0,1.0,1.0,1.0,0.0,0.0,2,841
A,case_41157cd086b1e397,1.0,1.0,1.0,1.0,0.0,0.0,1,433
A,case_7aa8bd86a6ec6c1e,1.0,1.0,1.0,1.0,0.0,0.0,1,331
A,case_7c01b60670d2e638,1.0,1.0,1.0,1.0,0.0,0.0,1,136
A,case_880ddeff79b54535,1.0,1.0,1.0,1.0,0.0,0.0,1,272
A,case_1cd5595e2650ebe0,1.0,1.0,1.0,1.0,0.0,0.0,1,271
A,case_df9270ab7bda8e26,1.0,1.0,1.0,1.0,0.0,0.0,3,221
A,case_fd4615f8906ff302,1.0,1.0,1.0,1.0,0.0,0.0,2,420
A,case_b9b609a3350558ad,1.0,0.9331081081081081,0.9067796610169492,0.875,0.125,0.0,8,1381
A,case_c699c797bb7d5d0e,1.0,0.8950617283950617,1.0,1.0,0.0,0.0,1,1450
A,case_b2b08f6b66dc200f,1.0,1.0,1.0,1.0,0.0,0.0,1,125
A,case_5ceb82fe8c40a96e,1.0,1.0,1.0,1.0,0.0,0.0,1,89
A,case_bd8c27323f43dfc3,1.0,1.0,1.0,1.0,0.0,0.0,1,123
A,case_7aca3c621e57b5bf,1.0,1.0,1.0,1.0,0.0,0.0,2,430
A,case_7ddbfe7fe5044819,1.0,1.0,1.0,1.0,0.0,0.0,1,83
A,case_81b5b656d3b9cfc0,1.0,1.0,1.0,1.0,0.0,0.0,1,266
A,case_7c5260e6fdeaa944,1.0,1.0,1.0,1.0,0.0,0.0,2,444
A,case_6c98ae1d58807a2e,1.0,1.0,1.0,1.0,0.0,0.0,1,489
A,case_c761098001b3a7f4,1.0,1.0,1.0,1.0,0.0,0.0,2,276
A,case_40747ccd7deda67f,1.0,1.0,1.0,1.0,0.0,0.0,2,727
A,case_8eefd314cdf03269,1.0,1.0,1.0,1.0,0.0,0.0,1,124
A,case_2b3b15e975109c78,1.0,1.0,1.0,1.0,0.0,0.0,1,118
A,case_cf7ac398d33d561b,1.0,1.0,1.0,1.0,0.0,0.0,1,170
A,case_57581627fd19cfe9,1.0,1.0,1.0,1.0,0.0,0.0,1,334
A,case_6acd997cd6af6221,1.0,1.0,1.0,1.0,0.0,0.0,1,483
A,case_ccaa6b2dcc4fc152,1.0,1.0,1.0,1.0,0.0,0.0,1,328
A,case_adcd0588e045af01,1.0,1.0,1.0,1.0,0.0,0.0,1,147
A,case_3ed07e884155b750,1.0,1.0,1.0,1.0,0.0,0.0,2,162
A,case_14fb64e0b4832610,1.0,1.0,1.0,1.0,0.0,0.0,1,92
A,case_a8975b1d763a47c8,1.0,1.0,1.0,1.0,0.0,0.0,1,120
A,case_f9f40ec79ba24c99,1.0,1.0,1.0,1.0,0.0,0.0,1,73
A,case_7ddbfe7fe5044819,1.0,1.0,1.0,1.0,0.0,0.0,1,83
A,case_6942bff60239f2ed,1.0,1.0,1.0,1.0,0.0,0.0,1,143
A,case_63fe4f96d36af506,1.0,1.0,1.0,1.0,0.0,0.0,1,1167
A,case_b4967bfd2d24c0c6,1.0,1.0,1.0,1.0,0.0,0.0,1,239
A,case_0a5018a45729f6b0,1.0,1.0,1.0,1.0,0.0,0.0,1,860
A,case_f69371fb3ffb6739,1.0,1.0,1.0,1.0,0.0,0.0,1,741
A,case_d8bd9b439a0b8f80,1.0,1.0,1.0,1.0,0.0,0.0,1,581
A,case_fcd8e71fcd0cc611,1.0,1.0,1.0,1.0,0.0,0.0,2,474
A,case_9b7a35737e3f1ece,1.0,1.0,1.0,1.0,0.0,0.0,3,425
A,case_42b51dc2267198d3,1.0,1.0,1.0,1.0,0.0,0.0,2,696
A,case_0993e438b75ddd84,1.0,1.0,1.0,1.0,0.0,0.0,1,107
A,case_546415850d293b63,1.0,1.0,1.0,1.0,0.0,0.0,1,387
A,case_52ece337f5b275c9,1.0,1.0,1.0,1.0,0.0,0.0,1,96
A,case_ef7b062c32d84b84,1.0,1.0,1.0,1.0,0.0,0.0,1,144
A,case_1c242251172ea23d,1.0,1.0,1.0,1.0,0.0,0.0,2,395
A,case_51c94ce694e40cc4,1.0,1.0,1.0,1.0,0.0,0.0,1,75
A,case_0f778a15a04e0155,1.0,1.0,1.0,1.0,0.0,0.0,1,152
A,case_9d8c31e8a6aed10a,1.0,1.0,1.0,1.0,0.0,0.0,1,200
A,case_ae1a534b4e2a0838,1.0,1.0,1.0,1.0,0.0,0.0,1,594
A,case_fd0faf24ee2b7828,1.0,1.0,1.0,1.0,0.0,0.0,1,354
A,case_ac06aea9a63cd1cb,1.0,1.0,1.0,1.0,0.0,0.0,1,216
A,case_aabf229d1a6a8dc5,1.0,1.0,1.0,1.0,0.0,0.0,1,469
A,case_6a6a509112049291,1.0,1.0,1.0,1.0,0.0,0.0,1,178
A,case_436667649fdc827e,1.0,1.0,1.0,1.0,0.0,0.0,2,370
A,case_6bafac8c86daa217,1.0,1.0,1.0,1.0,0.0,0.0,1,420
A,case_f235f6514c8fab65,1.0,1.0,1.0,1.0,0.0,0.0,2,435
A,case_03f0736b43ab35e4,1.0,1.0,1.0,1.0,0.0,0.0,1,137
A,case_baf232944ef5ad5b,1.0,1.0,1.0,1.0,0.0,0.0,1,86
A,case_56e67651551832fb,1.0,1.0,1.0,1.0,0.0,0.0,1,393
A,case_f70aadede4313e61,1.0,1.0,1.0,1.0,0.0,0.0,1,926
A,case_416dd68421f9089c,1.0,1.0,1.0,1.0,0.0,0.0,1,691
A,case_eac47d01f1b0d7a4,1.0,1.0,1.0,1.0,0.0,0.0,1,390
A,case_e5c14373c4c03bca,1.0,1.0,1.0,1.0,0.0,0.0,2,559
A,case_1b69823089ec4e9e,1.0,1.0,1.0,1.0,0.0,0.0,1,403
A,case_3492f005da3ca222,1.0,1.0,1.0,1.0,0.0,0.0,1,141
A,case_3a75bb590c722f78,1.0,1.0,1.0,1.0,0.0,0.0,1,718
A,case_3262eaccb01845ff,1.0,1.0,1.0,1.0,0.0,0.0,1,360
A,case_bd772fdbc51fb7c9,1.0,1.0,1.0,1.0,0.0,0.0,1,552
A,case_c34c951901ef4f86,1.0,1.0,1.0,1.0,0.0,0.0,1,338
A,case_3a07e38ea881d098,1.0,1.0,1.0,1.0,0.0,0.0,1,637
A,case_f4d646431b7229f3,1.0,1.0,1.0,1.0,0.0,0.0,1,1226
A,case_fe1867f9b5475e01,1.0,0.7838266384778013,1.0,1.0,0.0,0.0,3,1483
A,case_80dc8ea1f160f3b6,1.0,1.0,1.0,1.0,0.0,0.0,1,363
A,case_5ca79a8248930921,1.0,1.0,1.0,1.0,0.0,0.0,1,419
A,case_9e80df2c7c2b039b,1.0,1.0,1.0,1.0,0.0,0.0,1,473
A,case_d05c8076a26b48f6,1.0,1.0,1.0,1.0,0.0,0.0,1,551
A,case_1773a20a172326f9,1.0,1.0,1.0,1.0,0.0,0.0,1,435
A,case_bf7bf47e943a5163,1.0,1.0,1.0,1.0,0.0,0.0,1,523
A,case_bf7aedc9ad24e1e5,1.0,1.0,1.0,1.0,0.0,0.0,1,263
A,case_36213dfc1af8c084,1.0,1.0,1.0,1.0,0.0,0.0,1,130
A,case_43ccb0b7d1cecd3d,1.0,1.0,1.0,1.0,0.0,0.0,1,97
A,case_6575e93e9dc3752e,1.0,1.0,1.0,1.0,0.0,0.0,1,145
A,case_76bb88370f14f5ca,1.0,1.0,1.0,1.0,0.0,0.0,1,607
A,case_36213dfc1af8c084,1.0,1.0,1.0,1.0,0.0,0.0,1,130
A,case_c3832a97058aa944,1.0,1.0,1.0,1.0,0.0,0.0,1,371
A,case_a8ce2927c083225f,1.0,1.0,1.0,1.0,0.0,0.0,2,378
A,case_e6eb1832b902414c,1.0,1.0,1.0,1.0,0.0,0.0,1,87
A,case_52ece337f5b275c9,1.0,1.0,1.0,1.0,0.0,0.0,1,96
A,case_f88179b656df7317,1.0,1.0,1.0,1.0,0.0,0.0,1,584
A,case_4d7796997be93cf4,1.0,1.0,1.0,1.0,0.0,0.0,3,654
A,case_93486881c874e22b,1.0,1.0,1.0,1.0,0.0,0.0,1,346
A,case_15bc9ed96dd2f075,1.0,1.0,1.0,1.0,0.0,0.0,1,267
A,case_39bed4b7f79018fc,1.0,1.0,1.0,1.0,0.0,0.0,1,326
A,case_363b5b61d3c0bfd9,1.0,1.0,1.0,1.0,0.0,0.0,1,1146
A,case_1b04d2c56f3c4288,1.0,1.0,1.0,1.0,0.0,0.0,1,207
A,case_6989f66abcf7ca22,1.0,1.0,1.0,1.0,0.0,0.0,2,600
A,case_3d9e489c4727dab3,1.0,1.0,1.0,1.0,0.0,0.0,3,371
A,case_39bed4b7f79018fc,1.0,1.0,1.0,1.0,0.0,0.0,1,326
A,case_fcd4e9d8a9d74a70,1.0,1.0,1.0,1.0,0.0,0.0,1,563
A,case_fcd4e9d8a9d74a70,1.0,1.0,1.0,1.0,0.0,0.0,1,563
A,case_778578bab3d7610e,1.0,1.0,1.0,1.0,0.0,0.0,1,181
A,case_cc9ca9d6dd1ac85e,1.0,1.0,1.0,1.0,0.0,0.0,1,140
A,case_6503b72080fdbdca,1.0,1.0,1.0,1.0,0.0,0.0,2,1384
A,case_c0c28848487bf002,1.0,1.0,1.0,1.0,0.0,0.0,1,968
A,case_be354549460d3997,1.0,1.0,1.0,1.0,0.0,0.0,1,134
A,case_eb03d3218b2b75ef,1.0,1.0,1.0,1.0,0.0,0.0,2,234
A,case_3d6ea7e2d8d9fec9,1.0,1.0,1.0,1.0,0.0,0.0,3,1195
A,case_6942bff60239f2ed,1.0,1.0,1.0,1.0,0.0,0.0,1,143
A,case_c4e361edae9c6ec4,1.0,1.0,1.0,1.0,0.0,0.0,1,819
A,case_ba57e5f73e0c155b,1.0,1.0,1.0,1.0,0.0,0.0,1,341
A,case_3dd3202f9225fbc2,1.0,1.0,1.0,1.0,0.0,0.0,1,110
A,case_f442981096ea5fff,1.0,1.0,1.0,1.0,0.0,0.0,1,88
A,case_a9012c0f1fb7fb74,1.0,1.0,1.0,1.0,0.0,0.0,2,284
A,case_2d1c81f4bed01155,1.0,1.0,1.0,1.0,0.0,0.0,1,156
A,case_2bce5dd8e02691eb,1.0,1.0,1.0,1.0,0.0,0.0,1,173
A,case_dcd4516a7a2b947d,1.0,1.0,1.0,1.0,0.0,0.0,1,235
A,case_25ca1b2f2a1c0558,1.0,1.0,1.0,1.0,0.0,0.0,1,278
A,case_bc7f13c39785bf3a,1.0,1.0,1.0,1.0,0.0,0.0,1,294
A,case_98f779305b49d057,1.0,1.0,1.0,1.0,0.0,0.0,1,801
A,case_58a4efabd546a06a,1.0,1.0,1.0,1.0,0.0,0.0,2,551
A,case_dcc55cc85630cb8e,1.0,1.0,1.0,1.0,0.0,0.0,1,573
A,case_e1499c2f771a734d,1.0,1.0,1.0,1.0,0.0,0.0,1,402
A,case_5ff476bfe82b6c5a,1.0,1.0,1.0,1.0,0.0,0.0,2,859
A,case_1c242251172ea23d,1.0,1.0,1.0,1.0,0.0,0.0,2,395
A,case_130a3adc0cdcf1ef,1.0,1.0,1.0,1.0,0.0,0.0,1,154
A,case_b53eb422b2cef403,1.0,1.0,1.0,1.0,0.0,0.0,1,236
A,case_35177144a9efd8ef,1.0,1.0,1.0,1.0,0.0,0.0,1,379
A,case_e07dfafdad4d955e,1.0,1.0,1.0,1.0,0.0,0.0,1,332
A,case_3db4efb3e4ba4fa6,1.0,1.0,1.0,1.0,0.0,0.0,1,65
A,case_5ea63a723c373e7a,1.0,1.0,1.0,1.0,0.0,0.0,1,466
A,case_959c0cddbebb56e5,1.0,1.0,1.0,1.0,0.0,0.0,1,114
A,case_95bd5799b10aa259,1.0,1.0,1.0,1.0,0.0,0.0,1,191
A,case_38ebad9ec5e64535,1.0,1.0,1.0,1.0,0.0,0.0,1,82
A,case_ebcd1eeb889b3a0b,1.0,1.0,1.0,1.0,0.0,0.0,5,875
A,case_d5d75033cbffb8a3,1.0,1.0,1.0,1.0,0.0,0.0,2,1129
A,case_722637692069aa30,1.0,1.0,1.0,1.0,0.0,0.0,1,422
A,case_ef235d1bc38c33e4,1.0,1.0,1.0,1.0,0.0,0.0,1,71
A,case_1b04d2c56f3c4288,1.0,1.0,1.0,1.0,0.0,0.0,1,207
A,case_bc4a1dc5abbe77f4,1.0,1.0,1.0,1.0,0.0,0.0,2,241
A,case_6a6a509112049291,1.0,1.0,1.0,1.0,0.0,0.0,1,178
A,case_36017427e24206bc,1.0,1.0,1.0,1.0,0.0,0.0,1,139
A,case_caeb0d48afd452a3,1.0,1.0,1.0,1.0,0.0,0.0,1,377
A,case_404b75d450667af8,1.0,1.0,1.0,1.0,0.0,0.0,1,603
A,case_695021368b7f6798,1.0,1.0,1.0,1.0,0.0,0.0,1,491
A,case_e05685a85410481e,1.0,1.0,1.0,1.0,0.0,0.0,1,311
A,case_161e175f9533547e,1.0,1.0,1.0,1.0,0.0,0.0,1,676
A,case_18b847091e530144,1.0,1.0,1.0,1.0,0.0,0.0,1,167
A,case_056788151c48a2bb,1.0,1.0,1.0,1.0,0.0,0.0,1,90
A,case_d369f8f17f4406c7,1.0,1.0,1.0,1.0,0.0,0.0,3,1930
A,case_af85f79d8f95f731,1.0,1.0,1.0,1.0,0.0,0.0,1,493
A,case_31d7a7e6d3e22789,1.0,1.0,1.0,1.0,0.0,0.0,1,482
A,case_e661d515d8122cc3,1.0,1.0,1.0,1.0,0.0,0.0,1,774
A,case_722637692069aa30,1.0,1.0,1.0,1.0,0.0,0.0,1,422
A,case_84ba8b36bd445fe9,1.0,1.0,1.0,1.0,0.0,0.0,1,470
A,case_c3e853417c8d9699,1.0,1.0,1.0,1.0,0.0,0.0,1,122
A,case_542d9a1d20c8def1,1.0,1.0,1.0,1.0,0.0,0.0,1,394
A,case_66284f9642ee8c2c,1.0,1.0,1.0,1.0,0.0,0.0,1,229
A,case_c24ca7127a2afc24,1.0,1.0,1.0,1.0,0.0,0.0,1,277
A,case_5e309390fe62a044,1.0,1.0,1.0,1.0,0.0,0.0,4,1240
A,case_b1e639765e0f91ec,1.0,1.0,1.0,1.0,0.0,0.0,2,442
A,case_d82d9584c380e21b,1.0,1.0,1.0,1.0,0.0,0.0,2,402
A,case_2e211b4e2497860c,1.0,1.0,1.0,1.0,0.0,0.0,1,1467
A,case_e8ffa9199756027b,1.0,1.0,1.0,1.0,0.0,0.0,1,456
A,case_89c479c89b879cde,1.0,1.0,1.0,1.0,0.0,0.0,1,1056
A,case_0d08d2fdc719010e,1.0,1.0,1.0,1.0,0.0,0.0,1,296
A,case_37c818971f3357a9,1.0,1.0,1.0,1.0,0.0,0.0,1,158
A,case_f56c03f983c3f97b,1.0,1.0,1.0,1.0,0.0,0.0,1,121
A,case_a631ec2d099e0458,1.0,1.0,1.0,1.0,0.0,0.0,1,886
A,case_5ceb82fe8c40a96e,1.0,1.0,1.0,1.0,0.0,0.0,1,89
A,case_bd66a994e9e74d8d,1.0,1.0,1.0,1.0,0.0,0.0,1,429
A,case_43e42639006bbbb1,1.0,1.0,1.0,1.0,0.0,0.0,1,142
A,case_ebbdb05fc978c725,1.0,1.0,1.0,1.0,0.0,0.0,2,191
A,case_e7dc25079f533e37,1.0,1.0,1.0,1.0,0.0,0.0,2,691
A,case_fbff093c0a1acef6,1.0,1.0,1.0,1.0,0.0,0.0,1,321
A,case_36213dfc1af8c084,1.0,1.0,1.0,1.0,0.0,0.0,1,130
A,case_e07dfafdad4d955e,1.0,1.0,1.0,1.0,0.0,0.0,1,332
A,case_1c51d5337b3d78a8,1.0,1.0,1.0,1.0,0.0,0.0,2,633
A,case_ab0f03f1087d2a7b,1.0,1.0,1.0,1.0,0.0,0.0,1,564
A,case_fd4615f8906ff302,1.0,1.0,1.0,1.0,0.0,0.0,2,420
A,case_37c818971f3357a9,1.0,1.0,1.0,1.0,0.0,0.0,1,158
A,case_dd9843a703e6ee5e,1.0,1.0,1.0,1.0,0.0,0.0,1,365
A,case_0b5263bda46800ec,1.0,1.0,1.0,1.0,0.0,0.0,1,159
A,case_14fb64e0b4832610,1.0,1.0,1.0,1.0,0.0,0.0,1,92
A,case_ff23a9e012246526,1.0,1.0,1.0,1.0,0.0,0.0,1,246
A,case_a143bb35201e700d,1.0,1.0,1.0,1.0,0.0,0.0,3,567
A,case_18b847091e530144,1.0,1.0,1.0,1.0,0.0,0.0,1,167
A,case_2e96faf80ac4df31,1.0,1.0,1.0,1.0,0.0,0.0,1,415
A,case_c1e90057b99fb7d5,1.0,1.0,1.0,1.0,0.0,0.0,1,301
A,case_c1e90057b99fb7d5,1.0,1.0,1.0,1.0,0.0,0.0,1,301
A,case_3af316fa6321c00f,1.0,1.0,1.0,1.0,0.0,0.0,1,198
A,case_03a5bc8d8117485b,1.0,1.0,1.0,1.0,0.0,0.0,1,128
A,case_30a8c45fc2d001d2,1.0,1.0,1.0,1.0,0.0,0.0,1,196
A,case_f72ff2277140560d,1.0,1.0,1.0,1.0,0.0,0.0,1,72
A,case_d5ef4d177ee520fb,1.0,1.0,1.0,1.0,0.0,0.0,1,68
A,case_f56c03f983c3f97b,1.0,1.0,1.0,1.0,0.0,0.0,1,121
A,case_cd0a7b65949d5f69,1.0,1.0,1.0,1.0,0.0,0.0,1,1783
A,case_b3408f89bd39c3b1,1.0,1.0,1.0,1.0,0.0,0.0,1,342
A,case_436667649fdc827e,1.0,1.0,1.0,1.0,0.0,0.0,2,370
A,case_c3832a97058aa944,1.0,1.0,1.0,1.0,0.0,0.0,1,371
A,case_ecde953553ea444a,1.0,1.0,1.0,1.0,0.0,0.0,1,103
A,case_4c8b82874d1794c6,1.0,1.0,1.0,1.0,0.0,0.0,2,282
A,case_056788151c48a2bb,1.0,1.0,1.0,1.0,0.0,0.0,1,90
A,case_2c6eec0491b5e7c8,1.0,1.0,1.0,1.0,0.0,0.0,1,507
A,case_dc05c9f8283f42c0,1.0,1.0,1.0,1.0,0.0,0.0,1,290
A,case_0b44ab5f26e2d18e,1.0,1.0,1.0,1.0,0.0,0.0,2,487
A,case_0889b70c939e5d3a,1.0,1.0,1.0,1.0,0.0,0.0,2,1407
A,case_80d418a5a88de0d0,1.0,1.0,1.0,1.0,0.0,0.0,3,1130
A,case_c7800e5a7d092597,1.0,1.0,1.0,1.0,0.0,0.0,1,1168
A,case_ce5b18412dbd6692,1.0,1.0,1.0,1.0,0.0,0.0,2,254
A,case_24153236077d5605,1.0,1.0,1.0,1.0,0.0,0.0,1,135
A,case_b80305bcd249e634,1.0,1.0,1.0,1.0,0.0,0.0,3,939
A,case_f775b2f30c366a6d,1.0,1.0,1.0,1.0,0.0,0.0,1,396
A,case_28feb1d39ae7470b,1.0,1.0,1.0,1.0,0.0,0.0,3,973
A,case_8d59e84023f392cb,1.0,1.0,1.0,1.0,0.0,0.0,1,667
A,case_dc66d0a66d1c674b,1.0,1.0,1.0,1.0,0.0,0.0,1,312
A,case_43279c272180e727,1.0,1.0,1.0,1.0,0.0,0.0,1,285
A,case_8716de1a1762959a,1.0,1.0,1.0,1.0,0.0,0.0,1,164
A,case_36213dfc1af8c084,1.0,1.0,1.0,1.0,0.0,0.0,1,130
A,case_48e59a08ca58ef1f,1.0,1.0,1.0,1.0,0.0,0.0,1,176
A,case_d5a5eac92f3bfe2c,1.0,1.0,1.0,1.0,0.0,0.0,1,117
A,case_9d35b149a6d36178,1.0,1.0,1.0,1.0,0.0,0.0,2,312
A,case_14fb64e0b4832610,1.0,1.0,1.0,1.0,0.0,0.0,1,92
A,case_cc9ca9d6dd1ac85e,1.0,1.0,1.0,1.0,0.0,0.0,1,140
A,case_bc311343698801eb,1.0,1.0,1.0,1.0,0.0,0.0,1,219
A,case_1b04d2c56f3c4288,1.0,1.0,1.0,1.0,0.0,0.0,1,207
A,case_96f32830695e39ac,1.0,1.0,1.0,1.0,0.0,0.0,4,848
A,case_f075363f37026950,1.0,1.0,1.0,1.0,0.0,0.0,2,540
A,case_f1882be5e4ffe198,1.0,1.0,1.0,1.0,0.0,0.0,1,646
A,case_5d18863f6464902a,1.0,1.0,1.0,1.0,0.0,0.0,1,559
A,case_9e572f5b67393c02,1.0,1.0,1.0,1.0,0.0,0.0,1,268
A,case_5d063be19bfc3e96,1.0,1.0,1.0,1.0,0.0,0.0,1,820
A,case_ae4903c5eb257198,1.0,1.0,1.0,1.0,0.0,0.0,1,560
A,case_180ded1e086785dc,1.0,1.0,1.0,1.0,0.0,0.0,3,565
A,case_3f755ad16a76409f,1.0,1.0,1.0,1.0,0.0,0.0,1,203
A,case_993e32afaaea8bac,1.0,1.0,1.0,1.0,0.0,0.0,1,313
A,case_0e052538f5f3708a,1.0,1.0,1.0,1.0,0.0,0.0,3,270
A,case_98121fa0da5f775a,1.0,1.0,1.0,1.0,0.0,0.0,1,249
A,case_823ea9214fdcf215,1.0,1.0,1.0,1.0,0.0,0.0,2,1076
A,case_d8a73318d2e655a7,1.0,1.0,1.0,1.0,0.0,0.0,3,894
A,case_cd76ef0a74dde023,1.0,1.0,1.0,1.0,0.0,0.0,1,138
A,case_1e3fc1cdda21b660,1.0,1.0,1.0,1.0,0.0,0.0,1,280
A,case_65bb8095a222406b,1.0,1.0,1.0,1.0,0.0,0.0,1,157
A,case_7c01b60670d2e638,1.0,1.0,1.0,1.0,0.0,0.0,1,136
A,case_d58967d91bfc7dfb,1.0,1.0,1.0,1.0,0.0,0.0,1,416
A,case_cc9ca9d6dd1ac85e,1.0,1.0,1.0,1.0,0.0,0.0,1,140
A,case_098e7629fa54f7d7,1.0,1.0,1.0,1.0,0.0,0.0,1,414
A,case_486d4b089fa69ea8,1.0,1.0,1.0,1.0,0.0,0.0,1,655
A,case_959c0cddbebb56e5,1.0,1.0,1.0,1.0,0.0,0.0,1,114
A,case_29046bdc31d63f07,1.0,1.0,1.0,1.0,0.0,0.0,1,209
A,case_36f26830d198ef4d,1.0,1.0,1.0,1.0,0.0,0.0,1,574
A,case_5fa0888d8845dc76,1.0,1.0,1.0,1.0,0.0,0.0,1,503
A,case_93e65469ec86f1f1,1.0,1.0,1.0,1.0,0.0,0.0,1,464
A,case_646c70b945742cf1,1.0,1.0,1.0,1.0,0.0,0.0,1,148
A,case_486d5b0ad8d8002d,1.0,1.0,1.0,1.0,0.0,0.0,2,640
A,case_e702b3cfb92c5af4,1.0,1.0,1.0,1.0,0.0,0.0,1,222
A,case_51532890ec714267,1.0,1.0,1.0,1.0,0.0,0.0,1,297
A,case_4d5d12fc1edd58e4,1.0,1.0,1.0,1.0,0.0,0.0,1,460
A,case_8fb6d23b7ec1afe3,1.0,1.0,1.0,1.0,0.0,0.0,1,324
A,case_1e3fc1cdda21b660,1.0,1.0,1.0,1.0,0.0,0.0,1,280
A,case_8e6849d69674f044,1.0,1.0,1.0,1.0,0.0,0.0,1,214
A,case_dc66d0a66d1c674b,1.0,1.0,1.0,1.0,0.0,0.0,1,312
A,case_dd538b910e5648fe,1.0,1.0,1.0,1.0,0.0,0.0,1,168
A,case_6575e93e9dc3752e,1.0,1.0,1.0,1.0,0.0,0.0,1,145
A,case_cd82c78ad6c4da64,1.0,1.0,1.0,1.0,0.0,0.0,1,259
A,case_17f151f11123f945,1.0,1.0,1.0,1.0,0.0,0.0,2,230
A,case_d0983de03abd2fae,1.0,1.0,1.0,1.0,0.0,0.0,2,890
A,case_f9fdddeb15dd3f42,1.0,1.0,1.0,1.0,0.0,0.0,1,194
A,case_626d76ebc437d845,1.0,1.0,1.0,1.0,0.0,0.0,2,713
A,case_bc666cda7f93253e,1.0,1.0,1.0,1.0,0.0,0.0,1,335
A,case_7ceab2a13977e0c0,1.0,1.0,1.0,1.0,0.0,0.0,1,389
A,case_08bb886d3f92e587,1.0,1.0,1.0,1.0,0.0,0.0,1,104
A,case_a721d0ccbebc0cc7,1.0,1.0,1.0,1.0,0.0,0.0,1,208
A,case_5109fa0a1ea1129e,1.0,1.0,1.0,1.0,0.0,0.0,1,188
A,case_b4967bfd2d24c0c6,1.0,1.0,1.0,1.0,0.0,0.0,1,239
A,case_6e6d1ea59afea9f1,1.0,1.0,1.0,1.0,0.0,0.0,2,398
A,case_63144348639ef248,1.0,1.0,1.0,1.0,0.0,0.0,1,221
A,case_d8a73318d2e655a7,1.0,1.0,1.0,1.0,0.0,0.0,3,894
A,case_0993e438b75ddd84,1.0,1.0,1.0,1.0,0.0,0.0,1,107
A,case_863411125f80eb28,1.0,1.0,1.0,1.0,0.0,0.0,2,297
A,case_6942bff60239f2ed,1.0,1.0,1.0,1.0,0.0,0.0,1,143
A,case_9465628fc02dc148,1.0,1.0,1.0,1.0,0.0,0.0,2,569
A,case_33661e2fe56ae5a2,1.0,1.0,1.0,1.0,0.0,0.0,3,401
A,case_3b3d2590be082cd8,1.0,1.0,1.0,1.0,0.0,0.0,1,529
A,case_88eec7c3e8440498,1.0,1.0,1.0,1.0,0.0,0.0,3,1124
A,case_dedb5911bdb4ca42,1.0,1.0,1.0,1.0,0.0,0.0,1,648
A,case_88ac9d6dc2355251,1.0,1.0,1.0,1.0,0.0,0.0,1,1074
A,case_6bd0b80f06820011,1.0,1.0,1.0,1.0,0.0,0.0,1,369
A,case_d78396973f7a56a2,1.0,1.0,1.0,1.0,0.0,0.0,1,378
A,case_c3832a97058aa944,1.0,1.0,1.0,1.0,0.0,0.0,1,371
A,case_c5f8e2c29d05b5b4,1.0,1.0,1.0,1.0,0.0,0.0,1,205
A,case_c805ae50fb187572,1.0,1.0,1.0,1.0,0.0,0.0,1,471
A,case_d2c740df55077a77,1.0,1.0,1.0,1.0,0.0,0.0,1,370
A,case_b2114c891bfb85cd,1.0,1.0,1.0,1.0,0.0,0.0,1,171
A,case_a8975b1d763a47c8,1.0,1.0,1.0,1.0,0.0,0.0,1,120
A,case_c3e853417c8d9699,1.0,1.0,1.0,1.0,0.0,0.0,1,122
A,case_ea51fbb32eb88f6e,1.0,1.0,1.0,1.0,0.0,0.0,4,796
A,case_d6ecae1d2e95daeb,1.0,1.0,1.0,1.0,0.0,0.0,3,223
A,case_795d6d1122a296d7,1.0,1.0,1.0,1.0,0.0,0.0,2,587
B,case_19ef47667da22bae,1.0,1.0,1.0,1.0,0.0,0.0,2,442
B,case_6d8a83ccbb8897ea,1.0,1.0,1.0,1.0,0.0,0.0,1,134
B,case_cd28205cd60a9614,1.0,1.0,1.0,1.0,0.0,0.0,1,98
B,case_01152df54446869c,1.0,1.0,1.0,1.0,0.0,0.0,1,194
B,case_402f7f53e5c11faf,1.0,1.0,1.0,1.0,0.0,0.0,1,219
B,case_57838c1ad9242549,1.0,1.0,1.0,1.0,0.0,0.0,1,124
B,case_1ac405dbddb8c3e2,1.0,1.0,1.0,1.0,0.0,0.0,1,112
B,case_1e80c3700a1d9ab0,1.0,1.0,1.0,1.0,0.0,0.0,2,370
B,case_a0650a029026cbdb,1.0,1.0,1.0,1.0,0.0,0.0,1,397
B,case_73afcd8dd7413b47,1.0,1.0,1.0,1.0,0.0,0.0,1,149
B,case_5c6a159f5689ed36,1.0,1.0,1.0,1.0,0.0,0.0,1,125
B,case_9d3b3ca617fa3e80,1.0,1.0,1.0,1.0,0.0,0.0,1,365
B,case_062b5b6298436b5f,1.0,1.0,1.0,1.0,0.0,0.0,1,374
B,case_c81dbe3d949c7c26,1.0,1.0,1.0,1.0,0.0,0.0,1,680
B,case_36377d9fa2c8f688,1.0,1.0,1.0,1.0,0.0,0.0,1,271
B,case_7ef478934e9b738f,1.0,1.0,1.0,1.0,0.0,0.0,1,198
B,case_3fa3fe2659f602e7,1.0,1.0,1.0,1.0,0.0,0.0,1,133
B,case_76d8043347ab2ea0,1.0,1.0,1.0,1.0,0.0,0.0,3,572
B,case_de62dbe29302785d,1.0,1.0,1.0,1.0,0.0,0.0,1,120
B,case_5d2f45e2c8386368,1.0,1.0,1.0,1.0,0.0,0.0,1,405
B,case_4618a0acfbc693df,1.0,1.0,1.0,1.0,0.0,0.0,1,278
B,case_06379040d06a78cd,1.0,1.0,1.0,1.0,0.0,0.0,1,519
B,case_31957d39001d77e1,1.0,1.0,1.0,1.0,0.0,0.0,1,714
B,case_1ac405dbddb8c3e2,1.0,1.0,1.0,1.0,0.0,0.0,1,112
B,case_af946cb07053725a,1.0,1.0,1.0,1.0,0.0,0.0,1,117
B,case_20962c5ccaf67afc,1.0,1.0,1.0,1.0,0.0,0.0,1,193
B,case_64de72bb2412b498,1.0,1.0,1.0,1.0,0.0,0.0,1,78
B,case_7efa5c7c71eebf20,1.0,1.0,1.0,1.0,0.0,0.0,1,238
B,case_a243a0254a192ede,1.0,1.0,1.0,1.0,0.0,0.0,1,77
B,case_bb9ded84a1205dd1,1.0,1.0,1.0,1.0,0.0,0.0,1,210
B,case_ddc902f0c5c4bc07,1.0,1.0,1.0,1.0,0.0,0.0,1,167
B,case_430c1c27d438a09e,1.0,1.0,1.0,1.0,0.0,0.0,1,114
B,case_d8bdfd25b84e3dd5,1.0,1.0,1.0,1.0,0.0,0.0,2,509
B,case_0418820979d6e6a2,1.0,1.0,1.0,1.0,0.0,0.0,1,578
B,case_ed629033f6b661a2,1.0,1.0,1.0,1.0,0.0,0.0,1,346
B,case_f4926dfa3079e497,1.0,1.0,1.0,1.0,0.0,0.0,1,340
B,case_c2350e0e0ae39b9b,1.0,1.0,1.0,1.0,0.0,0.0,1,181
B,case_b0cf78580ca1772a,1.0,1.0,1.0,1.0,0.0,0.0,1,201
B,case_e9210b2d5cb3a5f9,1.0,1.0,1.0,1.0,0.0,0.0,1,330
B,case_be0bcf74e8d0e827,1.0,1.0,1.0,1.0,0.0,0.0,1,139
B,case_687cf888c7dd14b0,1.0,1.0,1.0,1.0,0.0,0.0,1,393
B,case_2755f5996bdf83b4,1.0,1.0,1.0,1.0,0.0,0.0,1,242
B,case_32d261953a122edd,1.0,1.0,1.0,1.0,0.0,0.0,1,358
B,case_aea617d0c2b996bc,1.0,1.0,1.0,1.0,0.0,0.0,1,156
B,case_c1b5743d8a25b663,1.0,1.0,1.0,1.0,0.0,0.0,2,185
B,case_f49b16eb797466be,1.0,1.0,1.0,1.0,0.0,0.0,1,136
B,case_84977ee4e227a9e7,1.0,1.0,1.0,1.0,0.0,0.0,1,252
B,case_e795b11f9162df3b,1.0,1.0,1.0,1.0,0.0,0.0,1,329
B,case_75f51fa3e453babb,1.0,1.0,1.0,1.0,0.0,0.0,1,163
B,case_54cb6bd11e7d0b52,1.0,1.0,1.0,1.0,0.0,0.0,1,247
B,case_2d9dcf8d1ab67228,1.0,1.0,1.0,1.0,0.0,0.0,1,76
B,case_3dcfb5a23e8cb63e,1.0,1.0,1.0,1.0,0.0,0.0,1,155
B,case_73da6067dfa1e7d4,1.0,1.0,1.0,1.0,0.0,0.0,1,773
B,case_c39d4ce6d8aa6426,1.0,1.0,1.0,1.0,0.0,0.0,1,599
B,case_2460c37b4412ab32,1.0,1.0,1.0,1.0,0.0,0.0,1,361
B,case_296cccaa7271f207,1.0,1.0,1.0,1.0,0.0,0.0,1,228
B,case_a06548d739668151,1.0,1.0,1.0,1.0,0.0,0.0,1,311
B,case_8890f564093a0be0,1.0,1.0,1.0,1.0,0.0,0.0,1,260
B,case_31b73be0cbf9ea67,1.0,1.0,1.0,1.0,0.0,0.0,1,416
B,case_95d20b182bc102f7,1.0,1.0,1.0,1.0,0.0,0.0,1,403
B,case_55598ac085935784,1.0,1.0,1.0,1.0,0.0,0.0,1,411
B,case_1181e6906e67af04,1.0,1.0,1.0,1.0,0.0,0.0,1,305
B,case_194c626f71583f5d,1.0,1.0,1.0,1.0,0.0,0.0,1,250
B,case_183e634bb9b7880f,1.0,1.0,1.0,1.0,0.0,0.0,1,96
B,case_9d3b3ca617fa3e80,1.0,1.0,1.0,1.0,0.0,0.0,1,365
B,case_dc3bdcbb574d487e,1.0,1.0,1.0,1.0,0.0,0.0,1,74
B,case_5dfa78d4f87aa157,1.0,1.0,1.0,1.0,0.0,0.0,1,424
B,case_7fd123d320027467,1.0,1.0,1.0,1.0,0.0,0.0,1,357
C,case_9d13fb8e70c896be,1.0,1.0,0.0,0.0,0.0,0.0,0,1081
C,case_06b9302eb2351e38,1.0,1.0,0.0,0.0,0.0,0.0,0,388
C,case_012586be59a1b883,1.0,1.0,0.0,0.0,0.0,0.0,0,1121
C,case_ed3ce65690f738a1,1.0,1.0,0.0,0.0,0.0,0.0,0,812
C,case_991f51d1dcd352b9,1.0,1.0,0.0,0.0,0.0,0.0,0,1452
C,case_7edc4a142af5efae,1.0,1.0,0.0,0.0,0.0,0.0,0,169
C,case_7b0371402c775a63,1.0,1.0,0.0,0.0,0.0,0.0,0,143
C,case_e98c89df017f5306,1.0,1.0,0.0,0.0,0.0,0.0,0,82
C,case_ac0c4b0b9ac49721,1.0,1.0,0.0,0.0,0.0,0.0,0,94
C,case_2448fbdbbebe85d5,1.0,1.0,0.0,0.0,0.0,0.0,0,784
C,case_85aee8f3b517cabe,1.0,1.0,0.0,0.0,0.0,0.0,0,223
C,case_81e5830f06cc1d6e,1.0,1.0,0.0,0.0,0.0,0.0,0,147
C,case_b530c93524c1176f,1.0,1.0,0.0,0.0,0.0,0.0,0,105
C,case_a3d7e2f30312b2fa,1.0,1.0,0.0,0.0,0.0,0.0,0,225
C,case_bbacdb216ee837a1,1.0,1.0,0.0,0.0,0.0,0.0,0,43
C,case_d03ccd0117c7eb20,1.0,1.0,0.0,0.0,0.0,0.0,0,80
C,case_b16c532741bed369,1.0,1.0,0.0,0.0,0.0,0.0,0,88
C,case_7ab6963ec3e12fcf,1.0,1.0,0.0,0.0,0.0,0.0,0,439
C,case_e58f9ad5226affba,1.0,1.0,0.0,0.0,0.0,0.0,0,400
C,case_8dbcf54644d5606e,1.0,1.0,0.0,0.0,0.0,0.0,0,607
C,case_0236fd7d74a854c4,1.0,1.0,0.0,0.0,0.0,0.0,0,568
C,case_d8b1801c4b09c47c,1.0,1.0,0.0,0.0,0.0,0.0,0,444
C,case_1a508591dfc3e5ce,1.0,1.0,0.0,0.0,0.0,0.0,0,353
C,case_fa380df1a10c9d0c,1.0,1.0,0.0,0.0,0.0,0.0,0,157
C,case_7d0569ce781ffdb2,1.0,1.0,0.0,0.0,0.0,0.0,0,90
C,case_19fc00e1d60a4a7c,1.0,1.0,0.0,0.0,0.0,0.0,0,83
C,case_7d0569ce781ffdb2,1.0,1.0,0.0,0.0,0.0,0.0,0,90
C,case_88e0eec66d1f8f43,1.0,1.0,0.0,0.0,0.0,0.0,0,343
C,case_a34eef9f9a5b6bc1,1.0,1.0,0.0,0.0,0.0,0.0,0,186
C,case_1ab8aad23005a3ae,1.0,1.0,0.0,0.0,0.0,0.0,0,168
C,case_85f98fa5fe3c2e7c,1.0,1.0,0.0,0.0,0.0,0.0,0,203
C,case_ced5301afeae832f,1.0,1.0,0.0,0.0,0.0,0.0,0,494
C,case_0405478868452c6a,1.0,1.0,0.0,0.0,0.0,0.0,0,131
C,case_097681844b927b09,1.0,1.0,0.0,0.0,0.0,0.0,0,73
C,case_c60c42cabe697afb,1.0,1.0,0.0,0.0,0.0,0.0,0,110
C,case_af6c64ee0aa80704,1.0,1.0,0.0,0.0,0.0,0.0,0,177
C,case_090f0641fff83517,1.0,1.0,0.0,0.0,0.0,0.0,0,929
C,case_e5e24bc885201d59,1.0,1.0,0.0,0.0,0.0,0.0,0,118
C,case_62c0eeb1460d5214,1.0,1.0,0.0,0.0,0.0,0.0,0,79
C,case_f1c51b2bb06c2706,1.0,1.0,0.0,0.0,0.0,0.0,0,92
C,case_62c0eeb1460d5214,1.0,1.0,0.0,0.0,0.0,0.0,0,79
C,case_c0e5bc47620aa5c2,1.0,1.0,0.0,0.0,0.0,0.0,0,134
C,case_307faec99f4f903d,1.0,1.0,0.0,0.0,0.0,0.0,0,218
C,case_51de5c3e91cc09b1,1.0,1.0,0.0,0.0,0.0,0.0,0,188
C,case_9500fa67cf07c793,1.0,1.0,0.0,0.0,0.0,0.0,0,348
C,case_47aa9f6d6552ab96,1.0,1.0,0.0,0.0,0.0,0.0,0,121
C,case_4e37e0abdf5f6817,1.0,1.0,0.0,0.0,0.0,0.0,0,116
C,case_a5588f29c80da29f,1.0,1.0,0.0,0.0,0.0,0.0,0,115
C,case_91563ddc6b9a6958,1.0,1.0,0.0,0.0,0.0,0.0,0,360
C,case_5403cceb44f01a4a,1.0,1.0,0.0,0.0,0.0,0.0,0,140
C,case_1ea9e3dda8c1d6ff,1.0,1.0,0.0,0.0,0.0,0.0,0,306
C,case_293cc3bc39490da3,1.0,1.0,0.0,0.0,0.0,0.0,0,146
C,case_b8619a1e5914221f,1.0,1.0,0.0,0.0,0.0,0.0,0,135
C,case_227b3bdcbad23401,1.0,1.0,0.0,0.0,0.0,0.0,0,167
C,case_f7257d4065e12ac3,1.0,1.0,0.0,0.0,0.0,0.0,0,144
C,case_4267209daa9d7db4,1.0,1.0,0.0,0.0,0.0,0.0,0,182
C,case_6590c9099b7f4738,1.0,1.0,0.0,0.0,0.0,0.0,0,226
C,case_8115e8f735a7d64f,1.0,1.0,0.0,0.0,0.0,0.0,0,87
C,case_f1c51b2bb06c2706,1.0,1.0,0.0,0.0,0.0,0.0,0,92
C,case_49a98863d2b5f164,1.0,1.0,0.0,0.0,0.0,0.0,0,128
C,case_ce211879c6047568,1.0,1.0,0.0,0.0,0.0,0.0,0,495
C,case_c60c42cabe697afb,1.0,1.0,0.0,0.0,0.0,0.0,0,110
C,case_59c578962462b040,1.0,1.0,0.0,0.0,0.0,0.0,0,374
C,case_3e97bbcececec131,1.0,1.0,0.0,0.0,0.0,0.0,0,67
C,case_3a01e231267a1b26,1.0,1.0,0.0,0.0,0.0,0.0,0,122
C,case_ed6862cacbbf12a0,1.0,1.0,0.0,0.0,0.0,0.0,0,126
C,case_df644d6fdca78452,1.0,1.0,0.0,0.0,0.0,0.0,0,163
C,case_a537477dd5e89f8d,1.0,1.0,0.0,0.0,0.0,0.0,0,262
C,case_91a2dee93cb264cc,1.0,1.0,0.0,0.0,0.0,0.0,0,641
C,case_a814a43cb907569c,1.0,1.0,0.0,0.0,0.0,0.0,0,425
C,case_b8619a1e5914221f,1.0,1.0,0.0,0.0,0.0,0.0,0,135
C,case_b47bdb004a2c6a9e,1.0,1.0,0.0,0.0,0.0,0.0,0,173
C,case_3c3071e3a52f210b,1.0,1.0,0.0,0.0,0.0,0.0,0,184
C,case_fd2e9737facd7dda,1.0,1.0,0.0,0.0,0.0,0.0,0,644
C,case_898a26b139f64b3a,1.0,1.0,0.0,0.0,0.0,0.0,0,244
C,case_cb2e29c49340298e,1.0,1.0,0.0,0.0,0.0,0.0,0,747
C,case_78b1dd79358747c6,1.0,1.0,0.0,0.0,0.0,0.0,0,160
C,case_ade11c874d723d68,1.0,1.0,0.0,0.0,0.0,0.0,0,145
C,case_3a01e231267a1b26,1.0,1.0,0.0,0.0,0.0,0.0,0,122
C,case_500da4f44ecafd27,1.0,1.0,0.0,0.0,0.0,0.0,0,123
C,case_1cd64cbca7181c89,1.0,1.0,0.0,0.0,0.0,0.0,0,536
C,case_2b0aaae19c924804,1.0,1.0,0.0,0.0,0.0,0.0,0,112
C,case_2b0aaae19c924804,1.0,1.0,0.0,0.0,0.0,0.0,0,112
C,case_44275ec7042b6507,1.0,1.0,0.0,0.0,0.0,0.0,0,148
C,case_f74bd70b133cdd5b,1.0,1.0,0.0,0.0,0.0,0.0,0,165
C,case_e5e24bc885201d59,1.0,1.0,0.0,0.0,0.0,0.0,0,118
C,case_3db60793aee8b3fa,1.0,1.0,0.0,0.0,0.0,0.0,0,119
C,case_3db60793aee8b3fa,1.0,1.0,0.0,0.0,0.0,0.0,0,119
C,case_0adaf9eea728a962,1.0,1.0,0.0,0.0,0.0,0.0,0,133
C,case_f1d786dbd01dc73f,1.0,1.0,0.0,0.0,0.0,0.0,0,325
C,case_79c3dafc608a46a6,1.0,1.0,0.0,0.0,0.0,0.0,0,328
C,case_4ffcef73d7bcc89a,1.0,1.0,0.0,0.0,0.0,0.0,0,130
C,case_2731ecc65865def6,1.0,1.0,0.0,0.0,0.0,0.0,0,125
C,case_4796d228416feee9,1.0,1.0,0.0,0.0,0.0,0.0,0,487
C,case_37fa89fa464df84d,1.0,1.0,0.0,0.0,0.0,0.0,0,100
C,case_e155dab0b7b7a5b3,1.0,1.0,0.0,0.0,0.0,0.0,0,74
C,case_e155dab0b7b7a5b3,1.0,1.0,0.0,0.0,0.0,0.0,0,74
C,case_00a3a81b82608f1b,1.0,1.0,0.0,0.0,0.0,0.0,0,76
C,case_cc2147349c87407a,1.0,1.0,0.0,0.0,0.0,0.0,0,681
C,case_09c2b73784a3f811,1.0,1.0,0.0,0.0,0.0,0.0,0,525
C,case_8af956cc3cd1e514,1.0,1.0,0.0,0.0,0.0,0.0,0,241
C,case_901ef9925522430e,1.0,1.0,0.0,0.0,0.0,0.0,0,314
C,case_9598970b4e2e2b60,1.0,1.0,0.0,0.0,0.0,0.0,0,659
C,case_d9bdf562972dd221,1.0,1.0,0.0,0.0,0.0,0.0,0,283
C,case_a48e2162d6c5be13,1.0,1.0,0.0,0.0,0.0,0.0,0,253
C,case_8af956cc3cd1e514,1.0,1.0,0.0,0.0,0.0,0.0,0,241
C,case_85f98fa5fe3c2e7c,1.0,1.0,0.0,0.0,0.0,0.0,0,203
C,case_e98c89df017f5306,1.0,1.0,0.0,0.0,0.0,0.0,0,82
C,case_37fa89fa464df84d,1.0,1.0,0.0,0.0,0.0,0.0,0,100
C,case_c70c8f2d7d8eca4e,1.0,1.0,0.0,0.0,0.0,0.0,0,69
C,case_472b9aedef5bbb9a,1.0,1.0,0.0,0.0,0.0,0.0,0,193
C,case_f1c51b2bb06c2706,1.0,1.0,0.0,0.0,0.0,0.0,0,92
C,case_142d1814ebc5fab7,1.0,1.0,0.0,0.0,0.0,0.0,0,85
C,case_142d1814ebc5fab7,1.0,1.0,0.0,0.0,0.0,0.0,0,85
C,case_b0d3f8f2f5c96f92,1.0,1.0,0.0,0.0,0.0,0.0,0,690
C,case_03ffd8dd2cfda47e,1.0,1.0,0.0,0.0,0.0,0.0,0,216
C,case_46e49833f178c451,1.0,1.0,0.0,0.0,0.0,0.0,0,351
C,case_d9bdf562972dd221,1.0,1.0,0.0,0.0,0.0,0.0,0,283
C,case_8a712798e68dc1e3,1.0,1.0,0.0,0.0,0.0,0.0,0,356
C,case_390e75448c6e9abf,1.0,1.0,0.0,0.0,0.0,0.0,0,323
C,case_81e5830f06cc1d6e,1.0,1.0,0.0,0.0,0.0,0.0,0,147
C,case_19fc00e1d60a4a7c,1.0,1.0,0.0,0.0,0.0,0.0,0,83
C,case_7b0371402c775a63,1.0,1.0,0.0,0.0,0.0,0.0,0,143
C,case_40829ae415818df9,1.0,1.0,0.0,0.0,0.0,0.0,0,474
C,case_7846b832167a5808,1.0,1.0,0.0,0.0,0.0,0.0,0,332
C,case_481375bccbec35a5,1.0,1.0,0.0,0.0,0.0,0.0,0,475
C,case_04169c389135f878,1.0,1.0,0.0,0.0,0.0,0.0,0,404
C,case_0e56c85b9435a71f,1.0,1.0,0.0,0.0,0.0,0.0,0,368
C,case_8fbdf3366279e36a,1.0,1.0,0.0,0.0,0.0,0.0,0,338
C,case_f5dac88a73a25c1d,1.0,1.0,0.0,0.0,0.0,0.0,0,1069
C,case_47aa9f6d6552ab96,1.0,1.0,0.0,0.0,0.0,0.0,0,121
C,case_40c921e6818e4076,1.0,1.0,0.0,0.0,0.0,0.0,0,181
C,case_28cca8baf2b749ca,1.0,1.0,0.0,0.0,0.0,0.0,0,166
C,case_be158c84f2e18401,1.0,1.0,0.0,0.0,0.0,0.0,0,291
C,case_12c5826b565a2329,1.0,1.0,0.0,0.0,0.0,0.0,0,365
C,case_4607830376075877,1.0,1.0,0.0,0.0,0.0,0.0,0,70
C,case_46a2f6d409a55e87,1.0,1.0,0.0,0.0,0.0,0.0,0,106
C,case_b530c93524c1176f,1.0,1.0,0.0,0.0,0.0,0.0,0,105
C,case_f7257d4065e12ac3,1.0,1.0,0.0,0.0,0.0,0.0,0,144
C,case_2b0aaae19c924804,1.0,1.0,0.0,0.0,0.0,0.0,0,112
C,case_2b0aaae19c924804,1.0,1.0,0.0,0.0,0.0,0.0,0,112
C,case_c936d1c3f4f53ac7,1.0,1.0,0.0,0.0,0.0,0.0,0,108
C,case_e02e8d7495b80742,1.0,1.0,0.0,0.0,0.0,0.0,0,318
C,case_a34eef9f9a5b6bc1,1.0,1.0,0.0,0.0,0.0,0.0,0,186
C,case_bd48b4a61f65ccbc,1.0,1.0,0.0,0.0,0.0,0.0,0,395
C,case_467a22929032feee,1.0,1.0,0.0,0.0,0.0,0.0,0,493
C,case_79f9c183e451a14a,1.0,1.0,0.0,0.0,0.0,0.0,0,158
C,case_a6fad46a3f5c1507,1.0,1.0,0.0,0.0,0.0,0.0,0,81
C,case_2731ecc65865def6,1.0,1.0,0.0,0.0,0.0,0.0,0,125
C,case_a930f3e5e87bbc0d,1.0,1.0,0.0,0.0,0.0,0.0,0,480
C,case_ebccadb6b4064855,1.0,1.0,0.0,0.0,0.0,0.0,0,250
C,case_190e7f24bc0e7c41,1.0,1.0,0.0,0.0,0.0,0.0,0,251
C,case_609fac1419eb5615,1.0,1.0,0.0,0.0,0.0,0.0,0,240
C,case_70fb2a064fd58d83,1.0,1.0,0.0,0.0,0.0,0.0,0,155
C,case_d80fda9026df871c,1.0,1.0,0.0,0.0,0.0,0.0,0,530
C,case_2eb0990966f9821f,1.0,1.0,0.0,0.0,0.0,0.0,0,488
C,case_8eba113fb7afa771,1.0,1.0,0.0,0.0,0.0,0.0,0,396
C,case_71870f3a2a5820df,1.0,1.0,0.0,0.0,0.0,0.0,0,172
C,case_fa380df1a10c9d0c,1.0,1.0,0.0,0.0,0.0,0.0,0,157
C,case_2731ecc65865def6,1.0,1.0,0.0,0.0,0.0,0.0,0,125
C,case_671c73bff0c695f5,1.0,1.0,0.0,0.0,0.0,0.0,0,438
C,case_3bd7d712e603491b,1.0,1.0,0.0,0.0,0.0,0.0,0,196
C,case_0d3a835e6853a70a,1.0,1.0,0.0,0.0,0.0,0.0,0,302
C,case_293cc3bc39490da3,1.0,1.0,0.0,0.0,0.0,0.0,0,146
C,case_048ef34d60f89a59,1.0,1.0,0.0,0.0,0.0,0.0,0,120
C,case_e5422a173dd00e23,1.0,1.0,0.0,0.0,0.0,0.0,0,72
C,case_46a2f6d409a55e87,1.0,1.0,0.0,0.0,0.0,0.0,0,106
C,case_c936d1c3f4f53ac7,1.0,1.0,0.0,0.0,0.0,0.0,0,108
C,case_c379a9afc44b20c3,1.0,1.0,0.0,0.0,0.0,0.0,0,77
C,case_52e6ea390c01d94c,1.0,1.0,0.0,0.0,0.0,0.0,0,46
C,case_52e6ea390c01d94c,1.0,1.0,0.0,0.0,0.0,0.0,0,46
C,case_52e6ea390c01d94c,1.0,1.0,0.0,0.0,0.0,0.0,0,46
C,case_d8104c8afb492a76,1.0,1.0,0.0,0.0,0.0,0.0,0,129
C,case_8882c0817145e3bf,1.0,1.0,0.0,0.0,0.0,0.0,0,63
C,case_e71e4c25b5c3da79,1.0,1.0,0.0,0.0,0.0,0.0,0,64
C,case_a79023f8403f57c3,1.0,1.0,0.0,0.0,0.0,0.0,0,61
C,case_cc2147349c87407a,1.0,1.0,0.0,0.0,0.0,0.0,0,681
C,case_b1508a532c278090,1.0,1.0,0.0,0.0,0.0,0.0,0,227
C,case_e4f1466eabaa5535,1.0,1.0,0.0,0.0,0.0,0.0,0,258
C,case_73326aa966b0f753,1.0,1.0,0.0,0.0,0.0,0.0,0,288
C,case_3e71f375fb81e251,1.0,1.0,0.0,0.0,0.0,0.0,0,434
C,case_790e3131f7a9a94d,1.0,1.0,0.0,0.0,0.0,0.0,0,280
C,case_f50d9b98bbb1a948,1.0,1.0,0.0,0.0,0.0,0.0,0,195
C,case_fa380df1a10c9d0c,1.0,1.0,0.0,0.0,0.0,0.0,0,157
C,case_2c081f1334fd0ecb,1.0,1.0,0.0,0.0,0.0,0.0,0,301
C,case_0b33434c50724bd4,1.0,1.0,0.0,0.0,0.0,0.0,0,402
C,case_f5d8f7dafded30b3,1.0,1.0,0.0,0.0,0.0,0.0,0,192
C,case_c0e5bc47620aa5c2,1.0,1.0,0.0,0.0,0.0,0.0,0,134
C,case_20e885bddd707080,1.0,1.0,0.0,0.0,0.0,0.0,0,75
C,case_5572d69b03843266,1.0,1.0,0.0,0.0,0.0,0.0,0,78
C,case_71a41fb055e58e4c,1.0,1.0,0.0,0.0,0.0,0.0,0,132
C,case_20e885bddd707080,1.0,1.0,0.0,0.0,0.0,0.0,0,75
C,case_a79023f8403f57c3,1.0,1.0,0.0,0.0,0.0,0.0,0,61
C,case_0adaf9eea728a962,1.0,1.0,0.0,0.0,0.0,0.0,0,133
C,case_e84669a60955f1d5,1.0,1.0,0.0,0.0,0.0,0.0,0,103
C,case_5572d69b03843266,1.0,1.0,0.0,0.0,0.0,0.0,0,78
C,case_7d2ce6ab3cae4816,1.0,1.0,0.0,0.0,0.0,0.0,0,65
C,case_c60c42cabe697afb,1.0,1.0,0.0,0.0,0.0,0.0,0,110
C,case_46a2f6d409a55e87,1.0,1.0,0.0,0.0,0.0,0.0,0,106
C,case_51bcae3533fdc32c,1.0,1.0,0.0,0.0,0.0,0.0,0,513
C,case_60aa3eaa15137da9,1.0,1.0,0.0,0.0,0.0,0.0,0,109
C,case_d2f00c37c5d4594e,1.0,1.0,0.0,0.0,0.0,0.0,0,136
C,case_797081c025b769b4,1.0,1.0,0.0,0.0,0.0,0.0,0,113
C,case_1573670e854902f9,1.0,1.0,0.0,0.0,0.0,0.0,0,462
C,case_c379a9afc44b20c3,1.0,1.0,0.0,0.0,0.0,0.0,0,77
C,case_e98c89df017f5306,1.0,1.0,0.0,0.0,0.0,0.0,0,82
C,case_3db60793aee8b3fa,1.0,1.0,0.0,0.0,0.0,0.0,0,119
C,case_048ef34d60f89a59,1.0,1.0,0.0,0.0,0.0,0.0,0,120
C,case_2b6e7c33c1527ac5,1.0,1.0,0.0,0.0,0.0,0.0,0,104
C,case_54291980dbf842c9,1.0,1.0,0.0,0.0,0.0,0.0,0,97
C,case_438386bbb136c565,1.0,1.0,0.0,0.0,0.0,0.0,0,141
C,case_ebccadb6b4064855,1.0,1.0,0.0,0.0,0.0,0.0,0,250
C,case_6b2b0729ccad89a1,1.0,1.0,0.0,0.0,0.0,0.0,0,202
C,case_927703a169526261,1.0,1.0,0.0,0.0,0.0,0.0,0,187
C,case_7185c715bcc3c7ad,1.0,1.0,0.0,0.0,0.0,0.0,0,178
C,case_7d0569ce781ffdb2,1.0,1.0,0.0,0.0,0.0,0.0,0,90
C,case_45af3548e34fa894,1.0,1.0,0.0,0.0,0.0,0.0,0,107
C,case_797081c025b769b4,1.0,1.0,0.0,0.0,0.0,0.0,0,113
C,case_cd8987280cb0a794,1.0,1.0,0.0,0.0,0.0,0.0,0,650
C,case_8376f3c5a73dccc6,1.0,1.0,0.0,0.0,0.0,0.0,0,232
C,case_c3975828278bdb1f,1.0,1.0,0.0,0.0,0.0,0.0,0,684
C,case_8b01dfd4e2421c65,1.0,1.0,0.0,0.0,0.0,0.0,0,347
C,case_7bff7b131d8becb4,1.0,1.0,0.0,0.0,0.0,0.0,0,723
C,case_b594855151cbf7f1,1.0,1.0,0.0,0.0,0.0,0.0,0,322
C,case_12ff61d5a1fe5cf0,1.0,1.0,0.0,0.0,0.0,0.0,0,284
C,case_3ffeedc18a5cf0a4,1.0,1.0,0.0,0.0,0.0,0.0,0,316
C,case_e687fbdca17fd790,1.0,1.0,0.0,0.0,0.0,0.0,0,414
C,case_63eeeb543b3c6bfe,1.0,1.0,0.0,0.0,0.0,0.0,0,162
C,case_b51309080401c74c,1.0,1.0,0.0,0.0,0.0,0.0,0,95
C,case_b51309080401c74c,1.0,1.0,0.0,0.0,0.0,0.0,0,95
C,case_0d0ce559670c2802,1.0,1.0,0.0,0.0,0.0,0.0,0,93
C,case_79c348c793909659,1.0,1.0,0.0,0.0,0.0,0.0,0,499
C,case_c560e231a222bd3c,1.0,1.0,0.0,0.0,0.0,0.0,0,315
C,case_221df9e3785acbab,1.0,1.0,0.0,0.0,0.0,0.0,0,433
C,case_1db834f77368a4c1,1.0,1.0,0.0,0.0,0.0,0.0,0,221
C,case_7d0569ce781ffdb2,1.0,1.0,0.0,0.0,0.0,0.0,0,90
C,case_c0e5bc47620aa5c2,1.0,1.0,0.0,0.0,0.0,0.0,0,134
C,case_2731ecc65865def6,1.0,1.0,0.0,0.0,0.0,0.0,0,125
C,case_e5576544c97f3484,1.0,1.0,0.0,0.0,0.0,0.0,0,211
C,case_e5bddce739627d52,1.0,1.0,0.0,0.0,0.0,0.0,0,273
C,case_3a01e231267a1b26,1.0,1.0,0.0,0.0,0.0,0.0,0,122
C,case_3db60793aee8b3fa,1.0,1.0,0.0,0.0,0.0,0.0,0,119
C,case_831580ac7545694e,1.0,1.0,0.0,0.0,0.0,0.0,0,84
C,case_142d1814ebc5fab7,1.0,1.0,0.0,0.0,0.0,0.0,0,85
C,case_45af3548e34fa894,1.0,1.0,0.0,0.0,0.0,0.0,0,107
C,case_c936d1c3f4f53ac7,1.0,1.0,0.0,0.0,0.0,0.0,0,108
C,case_4891074d2acf03f1,1.0,1.0,0.0,0.0,0.0,0.0,0,199
C,case_0b33434c50724bd4,1.0,1.0,0.0,0.0,0.0,0.0,0,402
C,case_f2ba75778a4c2240,1.0,1.0,0.0,0.0,0.0,0.0,0,185
C,case_c936d1c3f4f53ac7,1.0,1.0,0.0,0.0,0.0,0.0,0,108
C,case_438386bbb136c565,1.0,1.0,0.0,0.0,0.0,0.0,0,141
C,case_00cdceeb5153d7f7,1.0,1.0,0.0,0.0,0.0,0.0,0,392
C,case_766b75d36167ca02,1.0,1.0,0.0,0.0,0.0,0.0,0,62
C,case_6ca7019840b3b858,1.0,1.0,0.0,0.0,0.0,0.0,0,66
C,case_6ca7019840b3b858,1.0,1.0,0.0,0.0,0.0,0.0,0,66
C,case_09b63cb399517fb5,1.0,1.0,0.0,0.0,0.0,0.0,0,297
C,case_2b0aaae19c924804,1.0,1.0,0.0,0.0,0.0,0.0,0,112
C,case_e155dab0b7b7a5b3,1.0,1.0,0.0,0.0,0.0,0.0,0,74
C,case_732be31a3071a3cb,1.0,1.0,0.0,0.0,0.0,0.0,0,377
C,case_e5e24bc885201d59,1.0,1.0,0.0,0.0,0.0,0.0,0,118
C,case_4ecd161c579844f3,1.0,1.0,0.0,0.0,0.0,0.0,0,278
C,case_81e5830f06cc1d6e,1.0,1.0,0.0,0.0,0.0,0.0,0,147
C,case_cd5b03cc6c620415,1.0,1.0,0.0,0.0,0.0,0.0,0,96
C,case_c29a1eb7b445af4d,1.0,1.0,0.0,0.0,0.0,0.0,0,149
C,case_e5576544c97f3484,1.0,1.0,0.0,0.0,0.0,0.0,0,211
C,case_408285a038a580f5,1.0,1.0,0.0,0.0,0.0,0.0,0,233
C,case_b8619a1e5914221f,1.0,1.0,0.0,0.0,0.0,0.0,0,135
C,case_3a01e231267a1b26,1.0,1.0,0.0,0.0,0.0,0.0,0,122
C,case_2731ecc65865def6,1.0,1.0,0.0,0.0,0.0,0.0,0,125
C,case_797081c025b769b4,1.0,1.0,0.0,0.0,0.0,0.0,0,113
C,case_b95399749713a655,1.0,1.0,0.0,0.0,0.0,0.0,0,298
C,case_c29a1eb7b445af4d,1.0,1.0,0.0,0.0,0.0,0.0,0,149
C,case_293cc3bc39490da3,1.0,1.0,0.0,0.0,0.0,0.0,0,146
C,case_2c3421b56792d9c9,1.0,1.0,0.0,0.0,0.0,0.0,0,127
C,case_835dc88fe91524a8,1.0,1.0,0.0,0.0,0.0,0.0,0,179
C,case_500da4f44ecafd27,1.0,1.0,0.0,0.0,0.0,0.0,0,123
C,case_8bbab7c7993e624c,1.0,1.0,0.0,0.0,0.0,0.0,0,209
C,case_a56263697feffd83,1.0,1.0,0.0,0.0,0.0,0.0,0,248
C,case_4e9a4c65d44df53a,1.0,1.0,0.0,0.0,0.0,0.0,0,194
C,case_79f9c183e451a14a,1.0,1.0,0.0,0.0,0.0,0.0,0,158
C,case_78b1dd79358747c6,1.0,1.0,0.0,0.0,0.0,0.0,0,160
C,case_a6ce05220f50d4c9,1.0,1.0,0.0,0.0,0.0,0.0,0,175
C,case_21582fde8cee137c,1.0,1.0,0.0,0.0,0.0,0.0,0,205
C,case_927703a169526261,1.0,1.0,0.0,0.0,0.0,0.0,0,187
C,case_6e9c615c05cc08f1,1.0,1.0,0.0,0.0,0.0,0.0,0,156
C,case_f2ba75778a4c2240,1.0,1.0,0.0,0.0,0.0,0.0,0,185
C,case_d2f00c37c5d4594e,1.0,1.0,0.0,0.0,0.0,0.0,0,136
C,case_ed6862cacbbf12a0,1.0,1.0,0.0,0.0,0.0,0.0,0,126
C,case_47aa9f6d6552ab96,1.0,1.0,0.0,0.0,0.0,0.0,0,121
C,case_8f26fda7c29136c9,1.0,1.0,0.0,0.0,0.0,0.0,0,102
C,case_3e97bbcececec131,1.0,1.0,0.0,0.0,0.0,0.0,0,67
C,case_31d610aa2b7581df,1.0,1.0,0.0,0.0,0.0,0.0,0,68
C,case_3e97bbcececec131,1.0,1.0,0.0,0.0,0.0,0.0,0,67
C,case_307abdecd67cfcd7,1.0,1.0,0.0,0.0,0.0,0.0,0,71
C,case_293cc3bc39490da3,1.0,1.0,0.0,0.0,0.0,0.0,0,146
C,case_3e97bbcececec131,1.0,1.0,0.0,0.0,0.0,0.0,0,67
C,case_466ce3025a65ec32,1.0,1.0,0.0,0.0,0.0,0.0,0,153
C,case_e84669a60955f1d5,1.0,1.0,0.0,0.0,0.0,0.0,0,103
C,case_54373c619ae1c4b2,1.0,1.0,0.0,0.0,0.0,0.0,0,455
C,case_2f13b79e765d51ad,1.0,1.0,0.0,0.0,0.0,0.0,0,259
C,case_3bd7d712e603491b,1.0,1.0,0.0,0.0,0.0,0.0,0,196
C,case_0640e0dde6d6f0a0,1.0,1.0,0.0,0.0,0.0,0.0,0,228
C,case_f7dcb77b5e76d0bb,1.0,1.0,0.0,0.0,0.0,0.0,0,270
C,case_f90f09f14fb80125,1.0,1.0,0.0,0.0,0.0,0.0,0,191
C,case_9402f345a7ced62c,1.0,1.0,0.0,0.0,0.0,0.0,0,117
C,case_e84669a60955f1d5,1.0,1.0,0.0,0.0,0.0,0.0,0,103
C,case_679b04fd94d1b482,1.0,1.0,0.0,0.0,0.0,0.0,0,174
C,case_022d221c900a052b,1.0,1.0,0.0,0.0,0.0,0.0,0,101
C,case_8f26fda7c29136c9,1.0,1.0,0.0,0.0,0.0,0.0,0,102
C,case_4ffcef73d7bcc89a,1.0,1.0,0.0,0.0,0.0,0.0,0,130
C,case_797081c025b769b4,1.0,1.0,0.0,0.0,0.0,0.0,0,113
C,case_f8ffa54ad49a7ae8,1.0,1.0,0.0,0.0,0.0,0.0,0,422
C,case_447f49fd0ff839c1,1.0,1.0,0.0,0.0,0.0,0.0,0,246
C,case_013ecdf840183079,1.0,1.0,0.0,0.0,0.0,0.0,0,477
C,case_279d96141f1ca3f0,1.0,1.0,0.0,0.0,0.0,0.0,0,460
C,case_f2c5c0fce064f9ca,1.0,1.0,0.0,0.0,0.0,0.0,0,346
C,case_4e9a4c65d44df53a,1.0,1.0,0.0,0.0,0.0,0.0,0,194
C,case_8b01dfd4e2421c65,1.0,1.0,0.0,0.0,0.0,0.0,0,347
C,case_55fa092d680ad82e,1.0,1.0,0.0,0.0,0.0,0.0,0,154
C,case_493cbb8a7ce22421,1.0,1.0,0.0,0.0,0.0,0.0,0,281
C,case_e51475f718841ea3,1.0,1.0,0.0,0.0,0.0,0.0,0,212
C,case_e2dc059f9a58f111,1.0,1.0,0.0,0.0,0.0,0.0,0,206
C,case_29869f1e52ddba79,1.0,1.0,0.0,0.0,0.0,0.0,0,411
C,case_ed6862cacbbf12a0,1.0,1.0,0.0,0.0,0.0,0.0,0,126
C,case_3e97bbcececec131,1.0,1.0,0.0,0.0,0.0,0.0,0,67
C,case_2b6e7c33c1527ac5,1.0,1.0,0.0,0.0,0.0,0.0,0,104
C,case_8f26fda7c29136c9,1.0,1.0,0.0,0.0,0.0,0.0,0,102
C,case_c0e5bc47620aa5c2,1.0,1.0,0.0,0.0,0.0,0.0,0,134
C,case_51de5c3e91cc09b1,1.0,1.0,0.0,0.0,0.0,0.0,0,188
C,case_d9bdf562972dd221,1.0,1.0,0.0,0.0,0.0,0.0,0,283
C,case_79c3dafc608a46a6,1.0,1.0,0.0,0.0,0.0,0.0,0,328
C,case_94b9b47b68457098,1.0,1.0,0.0,0.0,0.0,0.0,0,453
C,case_c9fdb4b9b214db45,1.0,1.0,0.0,0.0,0.0,0.0,0,431
C,case_6839b2f66773b8d0,1.0,1.0,0.0,0.0,0.0,0.0,0,321
C,case_7185c715bcc3c7ad,1.0,1.0,0.0,0.0,0.0,0.0,0,178
C,case_c0e5bc47620aa5c2,1.0,1.0,0.0,0.0,0.0,0.0,0,134
C,case_7ca188283f68f74b,1.0,1.0,0.0,0.0,0.0,0.0,0,137
C,case_11abc6e6e7ccc121,1.0,1.0,0.0,0.0,0.0,0.0,0,224
C,case_c0e5bc47620aa5c2,1.0,1.0,0.0,0.0,0.0,0.0,0,134
C,case_b16c532741bed369,1.0,1.0,0.0,0.0,0.0,0.0,0,88
C,case_0d0ce559670c2802,1.0,1.0,0.0,0.0,0.0,0.0,0,93
C,case_b16c532741bed369,1.0,1.0,0.0,0.0,0.0,0.0,0,88
C,case_79c3dafc608a46a6,1.0,1.0,0.0,0.0,0.0,0.0,0,328
C,case_2b0aaae19c924804,1.0,1.0,0.0,0.0,0.0,0.0,0,112
C,case_142d1814ebc5fab7,1.0,1.0,0.0,0.0,0.0,0.0,0,85
C,case_31d610aa2b7581df,1.0,1.0,0.0,0.0,0.0,0.0,0,68
C,case_e155dab0b7b7a5b3,1.0,1.0,0.0,0.0,0.0,0.0,0,74
C,case_f1be8e30aaa0e2d8,1.0,1.0,0.0,0.0,0.0,0.0,0,450
C,case_d2f00c37c5d4594e,1.0,1.0,0.0,0.0,0.0,0.0,0,136
C,case_293cc3bc39490da3,1.0,1.0,0.0,0.0,0.0,0.0,0,146
C,case_49a45d963afa41f5,1.0,1.0,0.0,0.0,0.0,0.0,0,294
C,case_fa380df1a10c9d0c,1.0,1.0,0.0,0.0,0.0,0.0,0,157
C,case_29869f1e52ddba79,1.0,1.0,0.0,0.0,0.0,0.0,0,411
C,case_8bee6230e8e5ea1f,1.0,1.0,0.0,0.0,0.0,0.0,0,305
C,case_807da3431d33be20,1.0,1.0,0.0,0.0,0.0,0.0,0,201
C,case_4186ff8e1b1c1fc8,1.0,1.0,0.0,0.0,0.0,0.0,0,362
C,case_cc94cabe31457523,1.0,1.0,0.0,0.0,0.0,0.0,0,159
C,case_0405478868452c6a,1.0,1.0,0.0,0.0,0.0,0.0,0,131
C,case_a34eef9f9a5b6bc1,1.0,1.0,0.0,0.0,0.0,0.0,0,186
C,case_62c0eeb1460d5214,1.0,1.0,0.0,0.0,0.0,0.0,0,79
C,case_408285a038a580f5,1.0,1.0,0.0,0.0,0.0,0.0,0,233
C,case_5403cceb44f01a4a,1.0,1.0,0.0,0.0,0.0,0.0,0,140
C,case_7c3fbf43c7cec8c9,1.0,1.0,0.0,0.0,0.0,0.0,0,171
C,case_c3e29c8ae108a628,1.0,1.0,0.0,0.0,0.0,0.0,0,382
C,case_6e572d1de5294f7a,1.0,1.0,0.0,0.0,0.0,0.0,0,349
C,case_6e572d1de5294f7a,1.0,1.0,0.0,0.0,0.0,0.0,0,349
C,case_e7a35eb03e6be857,1.0,1.0,0.0,0.0,0.0,0.0,0,375
C,case_5acc11230175d93b,1.0,1.0,0.0,0.0,0.0,0.0,0,364
C,case_0d3a835e6853a70a,1.0,1.0,0.0,0.0,0.0,0.0,0,302
C,case_048ef34d60f89a59,1.0,1.0,0.0,0.0,0.0,0.0,0,120
C,case_7f646ebf2de4887a,1.0,1.0,0.0,0.0,0.0,0.0,0,198
C,case_8f26fda7c29136c9,1.0,1.0,0.0,0.0,0.0,0.0,0,102
C,case_ded433c5b648d77d,1.0,1.0,0.0,0.0,0.0,0.0,0,275
C,case_d2f00c37c5d4594e,1.0,1.0,0.0,0.0,0.0,0.0,0,136
C,case_6e33a17bba0c6950,1.0,1.0,0.0,0.0,0.0,0.0,0,510
C,case_293cc3bc39490da3,1.0,1.0,0.0,0.0,0.0,0.0,0,146
C,case_0adaf9eea728a962,1.0,1.0,0.0,0.0,0.0,0.0,0,133
C,case_d03ccd0117c7eb20,1.0,1.0,0.0,0.0,0.0,0.0,0,80
C,case_7d0569ce781ffdb2,1.0,1.0,0.0,0.0,0.0,0.0,0,90
C,case_00a3a81b82608f1b,1.0,1.0,0.0,0.0,0.0,0.0,0,76
C,case_b16c532741bed369,1.0,1.0,0.0,0.0,0.0,0.0,0,88
C,case_b16c532741bed369,1.0,1.0,0.0,0.0,0.0,0.0,0,88
C,case_21582fde8cee137c,1.0,1.0,0.0,0.0,0.0,0.0,0,205
C,case_37fa89fa464df84d,1.0,1.0,0.0,0.0,0.0,0.0,0,100
C,case_9171ff8d0b5e4ac1,1.0,1.0,0.0,0.0,0.0,0.0,0,139
C,case_97475412332c2007,1.0,1.0,0.0,0.0,0.0,0.0,0,289
C,case_6839b2f66773b8d0,1.0,1.0,0.0,0.0,0.0,0.0,0,321
C,case_37fa89fa464df84d,1.0,1.0,0.0,0.0,0.0,0.0,0,100
C,case_b372340f6cd52201,1.0,1.0,0.0,0.0,0.0,0.0,0,442
C,case_96fcd819a34ce550,1.0,1.0,0.0,0.0,0.0,0.0,0,827
C,case_da9806009b95f463,1.0,1.0,0.0,0.0,0.0,0.0,0,357
C,case_1a508591dfc3e5ce,1.0,1.0,0.0,0.0,0.0,0.0,0,353
C,case_a48e2162d6c5be13,1.0,1.0,0.0,0.0,0.0,0.0,0,253
C,case_81e5830f06cc1d6e,1.0,1.0,0.0,0.0,0.0,0.0,0,147
C,case_78b1dd79358747c6,1.0,1.0,0.0,0.0,0.0,0.0,0,160
C,case_59c578962462b040,1.0,1.0,0.0,0.0,0.0,0.0,0,374
C,case_5caee1c98baa0233,1.0,1.0,0.0,0.0,0.0,0.0,0,208
C,case_0640e0dde6d6f0a0,1.0,1.0,0.0,0.0,0.0,0.0,0,228
C,case_35d03746cf24cf58,1.0,1.0,0.0,0.0,0.0,0.0,0,204
C,case_3229db101cae9bc8,1.0,1.0,0.0,0.0,0.0,0.0,0,345
C,case_85aee8f3b517cabe,1.0,1.0,0.0,0.0,0.0,0.0,0,223
C,case_1b9ca5f887f9afb1,1.0,1.0,0.0,0.0,0.0,0.0,0,866
C,case_7d0569ce781ffdb2,1.0,1.0,0.0,0.0,0.0,0.0,0,90
C,case_097681844b927b09,1.0,1.0,0.0,0.0,0.0,0.0,0,73
C,case_8115e8f735a7d64f,1.0,1.0,0.0,0.0,0.0,0.0,0,87
C,case_1b5ee7837e22870e,1.0,1.0,0.0,0.0,0.0,0.0,0,150
C,case_e5576544c97f3484,1.0,1.0,0.0,0.0,0.0,0.0,0,211
C,case_9fbe47485566e227,1.0,1.0,0.0,0.0,0.0,0.0,0,271
C,case_b8619a1e5914221f,1.0,1.0,0.0,0.0,0.0,0.0,0,135
C,case_2c3421b56792d9c9,1.0,1.0,0.0,0.0,0.0,0.0,0,127
C,case_362bfa161fdd5775,1.0,1.0,0.0,0.0,0.0,0.0,0,124
C,case_500da4f44ecafd27,1.0,1.0,0.0,0.0,0.0,0.0,0,123
C,case_93fafbc363e0c3cc,1.0,1.0,0.0,0.0,0.0,0.0,0,256
C,case_c936d1c3f4f53ac7,1.0,1.0,0.0,0.0,0.0,0.0,0,108
C,case_831580ac7545694e,1.0,1.0,0.0,0.0,0.0,0.0,0,84
C,case_2b6e7c33c1527ac5,1.0,1.0,0.0,0.0,0.0,0.0,0,104
C,case_3e97bbcececec131,1.0,1.0,0.0,0.0,0.0,0.0,0,67
C,case_4acf4ab58fec6977,1.0,1.0,0.0,0.0,0.0,0.0,0,89
C,case_0640e0dde6d6f0a0,1.0,1.0,0.0,0.0,0.0,0.0,0,228
C,case_ea7776c54457261e,1.0,1.0,0.0,0.0,0.0,0.0,0,363
C,case_8376f3c5a73dccc6,1.0,1.0,0.0,0.0,0.0,0.0,0,232
C,case_af6c64ee0aa80704,1.0,1.0,0.0,0.0,0.0,0.0,0,177
C,case_49a98863d2b5f164,1.0,1.0,0.0,0.0,0.0,0.0,0,128
C,case_4308728548be4928,1.0,1.0,0.0,0.0,0.0,0.0,0,350
C,case_b1f2ec5ac865f51b,1.0,1.0,0.0,0.0,0.0,0.0,0,239
C,case_37fa89fa464df84d,1.0,1.0,0.0,0.0,0.0,0.0,0,100
C,case_e5422a173dd00e23,1.0,1.0,0.0,0.0,0.0,0.0,0,72
C,case_60aa3eaa15137da9,1.0,1.0,0.0,0.0,0.0,0.0,0,109
C,case_8e22f39d2d21cee3,1.0,1.0,0.0,0.0,0.0,0.0,0,247
C,case_b8619a1e5914221f,1.0,1.0,0.0,0.0,0.0,0.0,0,135
C,case_4891074d2acf03f1,1.0,1.0,0.0,0.0,0.0,0.0,0,199
C,case_54291980dbf842c9,1.0,1.0,0.0,0.0,0.0,0.0,0,97
C,case_097681844b927b09,1.0,1.0,0.0,0.0,0.0,0.0,0,73
C,case_59e6f8623e9ed7bb,1.0,1.0,0.0,0.0,0.0,0.0,0,57
C,case_59e6f8623e9ed7bb,1.0,1.0,0.0,0.0,0.0,0.0,0,57
C,case_fcf79ef6064b6c1f,1.0,1.0,0.0,0.0,0.0,0.0,0,457
C,case_7edc4a142af5efae,1.0,1.0,0.0,0.0,0.0,0.0,0,169
C,case_55fa092d680ad82e,1.0,1.0,0.0,0.0,0.0,0.0,0,154
C,case_ef23ddf9a353ba5e,1.0,1.0,0.0,0.0,0.0,0.0,0,170
C,case_9402f345a7ced62c,1.0,1.0,0.0,0.0,0.0,0.0,0,117
C,case_9402f345a7ced62c,1.0,1.0,0.0,0.0,0.0,0.0,0,117
C,case_e84669a60955f1d5,1.0,1.0,0.0,0.0,0.0,0.0,0,103
C,case_a5588f29c80da29f,1.0,1.0,0.0,0.0,0.0,0.0,0,115
C,case_d192e09e7681a033,1.0,1.0,0.0,0.0,0.0,0.0,0,448
C,case_152f0ae25f47b3e6,1.0,1.0,0.0,0.0,0.0,0.0,0,307
C,case_e5e24bc885201d59,1.0,1.0,0.0,0.0,0.0,0.0,0,118
C,case_307abdecd67cfcd7,1.0,1.0,0.0,0.0,0.0,0.0,0,71
C,case_097681844b927b09,1.0,1.0,0.0,0.0,0.0,0.0,0,73
C,case_9f1c6cdead340ddb,1.0,1.0,0.0,0.0,0.0,0.0,0,344
C,case_ee3fdfe0864b253a,1.0,1.0,0.0,0.0,0.0,0.0,0,266
C,case_5572d69b03843266,1.0,1.0,0.0,0.0,0.0,0.0,0,78
C,case_e5422a173dd00e23,1.0,1.0,0.0,0.0,0.0,0.0,0,72
C,case_9171ff8d0b5e4ac1,1.0,1.0,0.0,0.0,0.0,0.0,0,139
D,case_b0ac0c32f598c3b7,1.0,1.0,0.0,0.0,0.0,0.0,0,373
D,case_fc8f3823a494a1fa,1.0,1.0,0.0,0.0,0.0,0.0,0,189
D,case_83f6bba04c6a714a,1.0,1.0,0.0,0.0,0.0,0.0,0,184
D,case_f2ea22d3d28d8117,1.0,1.0,0.0,0.0,0.0,0.0,0,395
D,case_fe0b0120b91dc0ea,1.0,1.0,0.0,0.0,0.0,0.0,0,469
D,case_e2e658440b57c948,1.0,1.0,0.0,0.0,0.0,0.0,0,109
D,case_4caf0d24d4b81338,1.0,1.0,0.0,0.0,0.0,0.0,0,136
D,case_d9cee511d276f7e4,1.0,1.0,0.0,0.0,0.0,0.0,0,115
D,case_054eb5bfcab0ebce,1.0,1.0,0.0,0.0,0.0,0.0,0,432
D,case_e0459f2663a24f29,1.0,1.0,0.0,0.0,0.0,0.0,0,340
D,case_09385c87c9fad8c5,1.0,1.0,0.0,0.0,0.0,0.0,0,328
D,case_bedac069091c5bae,1.0,1.0,0.0,0.0,0.0,0.0,0,207
D,case_6590ed58a6c302a7,1.0,1.0,0.0,0.0,0.0,0.0,0,266
D,case_00242925b8ba6e99,1.0,1.0,0.0,0.0,0.0,0.0,0,465
D,case_87e9810bfbfe599a,1.0,1.0,0.0,0.0,0.0,0.0,0,182
D,case_a865ea51ebb0d1d2,1.0,1.0,0.0,0.0,0.0,0.0,0,296
D,case_1b75b6764d70f16f,1.0,1.0,0.0,0.0,0.0,0.0,0,313
D,case_e0459f2663a24f29,1.0,1.0,0.0,0.0,0.0,0.0,0,340
D,case_455918ff3755a42b,1.0,1.0,0.0,0.0,0.0,0.0,0,262
D,case_c4d9af14ee1f321f,1.0,1.0,0.0,0.0,0.0,0.0,0,397
D,case_43b4caf709782b01,1.0,1.0,0.0,0.0,0.0,0.0,0,132
D,case_21e2888f2eb19cb9,1.0,1.0,0.0,0.0,0.0,0.0,0,212
D,case_e0459f2663a24f29,1.0,1.0,0.0,0.0,0.0,0.0,0,340
D,case_e6be8c4712009390,1.0,1.0,0.0,0.0,0.0,0.0,0,425
D,case_231d692b2e2206c4,1.0,1.0,0.0,0.0,0.0,0.0,0,120
D,case_dd0552e6867f4f94,1.0,1.0,0.0,0.0,0.0,0.0,0,303
D,case_1b12f777a4d85a52,1.0,1.0,0.0,0.0,0.0,0.0,0,118
D,case_8912651bcf0a7ee9,1.0,1.0,0.0,0.0,0.0,0.0,0,92
D,case_f67942903a2b9f57,1.0,1.0,0.0,0.0,0.0,0.0,0,420
D,case_4f3689c5e1623103,1.0,1.0,0.0,0.0,0.0,0.0,0,80
D,case_f256af43797d27af,1.0,1.0,0.0,0.0,0.0,0.0,0,79
D,case_f256af43797d27af,1.0,1.0,0.0,0.0,0.0,0.0,0,79
D,case_a7069eaab343fc6f,1.0,1.0,0.0,0.0,0.0,0.0,0,270
D,case_cb7d9a83a69e5be4,1.0,1.0,0.0,0.0,0.0,0.0,0,94
D,case_561235ccfbf62b61,1.0,1.0,0.0,0.0,0.0,0.0,0,205
D,case_f6175b8f8c40f12f,1.0,1.0,0.0,0.0,0.0,0.0,0,362
D,case_83f6bba04c6a714a,1.0,1.0,0.0,0.0,0.0,0.0,0,184
D,case_d7ee2576daa1b4b7,1.0,1.0,0.0,0.0,0.0,0.0,0,228
D,case_cfe7c05c8d24cbc3,1.0,1.0,0.0,0.0,0.0,0.0,0,211
D,case_11cf91fe05373495,1.0,1.0,0.0,0.0,0.0,0.0,0,192
D,case_0889ebd14141272f,1.0,1.0,0.0,0.0,0.0,0.0,0,283
D,case_94ab1c1df83be7d0,1.0,1.0,0.0,0.0,0.0,0.0,0,504
D,case_d7ee2576daa1b4b7,1.0,1.0,0.0,0.0,0.0,0.0,0,228
D,case_f4e66a9f2064dea7,1.0,1.0,0.0,0.0,0.0,0.0,0,201
D,case_9ff94b675dfc32f2,1.0,1.0,0.0,0.0,0.0,0.0,0,394
D,case_2aef678aaf4b314c,1.0,1.0,0.0,0.0,0.0,0.0,0,105
D,case_69575e15c3d63333,1.0,1.0,0.0,0.0,0.0,0.0,0,95
D,case_6f9b9858ee3edd6d,1.0,1.0,0.0,0.0,0.0,0.0,0,326
D,case_40f6f7a6d6941402,1.0,1.0,0.0,0.0,0.0,0.0,0,526
D,case_8e8a5350713ce64b,1.0,1.0,0.0,0.0,0.0,0.0,0,176
D,case_a2d83c925331bbeb,1.0,1.0,0.0,0.0,0.0,0.0,0,187
D,case_99176068d2d61339,1.0,1.0,0.0,0.0,0.0,0.0,0,252
D,case_d2ad4c75f124ba28,1.0,1.0,0.0,0.0,0.0,0.0,0,601
D,case_b8238f08875f0497,1.0,1.0,0.0,0.0,0.0,0.0,0,185
D,case_859fffa95bd76f69,1.0,1.0,0.0,0.0,0.0,0.0,0,575
D,case_c69e82367095bed6,1.0,1.0,0.0,0.0,0.0,0.0,0,281
D,case_6216f523a215f453,1.0,1.0,0.0,0.0,0.0,0.0,0,193
D,case_f23b648c3f0274e2,1.0,1.0,0.0,0.0,0.0,0.0,0,286
D,case_44afd89ca16bc36a,1.0,1.0,0.0,0.0,0.0,0.0,0,153
D,case_d535280ea139ce34,1.0,1.0,0.0,0.0,0.0,0.0,0,234
D,case_ac9f7e5c6454e0e3,1.0,1.0,0.0,0.0,0.0,0.0,0,307
D,case_08cf42eb108b0214,1.0,1.0,0.0,0.0,0.0,0.0,0,102
D,case_1aa5203841bc4754,1.0,1.0,0.0,0.0,0.0,0.0,0,170
D,case_ecdfd7f93fbe0cad,1.0,1.0,0.0,0.0,0.0,0.0,0,247
D,case_c49944cf825a5e39,1.0,1.0,0.0,0.0,0.0,0.0,0,152
D,case_6b1099bd957a1052,1.0,1.0,0.0,0.0,0.0,0.0,0,269
D,case_5958360f6325109b,1.0,1.0,0.0,0.0,0.0,0.0,0,331
D,case_da256a46e9eb821c,1.0,1.0,0.0,0.0,0.0,0.0,0,418
D,case_fd0c9705f4e2ade1,1.0,1.0,0.0,0.0,0.0,0.0,0,522
D,case_18b33c20ac826ec1,1.0,1.0,0.0,0.0,0.0,0.0,0,146
D,case_9de29132049f9402,1.0,1.0,0.0,0.0,0.0,0.0,0,130
D,case_38d108f30dc8b786,1.0,1.0,0.0,0.0,0.0,0.0,0,341
D,case_38e42e877ba791ae,1.0,1.0,0.0,0.0,0.0,0.0,0,605
D,case_acddf2c31f02f6ce,1.0,1.0,0.0,0.0,0.0,0.0,0,162
D,case_d001fa321b238aa6,1.0,1.0,0.0,0.0,0.0,0.0,0,174
D,case_e49686b405ba5f46,1.0,1.0,0.0,0.0,0.0,0.0,0,209
D,case_61574c49743f48df,1.0,1.0,0.0,0.0,0.0,0.0,0,224
D,case_032d15bda3bca5fa,1.0,1.0,0.0,0.0,0.0,0.0,0,75
D,case_d18234960d3ca3c0,1.0,1.0,0.0,0.0,0.0,0.0,0,158
D,case_5f130c5ab60755cb,1.0,1.0,0.0,0.0,0.0,0.0,0,231
D,case_4e69a4771e2d535b,1.0,1.0,0.0,0.0,0.0,0.0,0,357
D,case_d6df681b74dca596,1.0,1.0,0.0,0.0,0.0,0.0,0,97
D,case_fbdb8f8d196d8c77,1.0,1.0,0.0,0.0,0.0,0.0,0,191
D,case_4d192eb1c9b3c948,1.0,1.0,0.0,0.0,0.0,0.0,0,475
D,case_76fc2a1879c49e9b,1.0,1.0,0.0,0.0,0.0,0.0,0,45
D,case_7abf19723a2e4646,1.0,1.0,0.0,0.0,0.0,0.0,0,251
D,case_6b1099bd957a1052,1.0,1.0,0.0,0.0,0.0,0.0,0,269
D,case_8513153474e0e1bc,1.0,1.0,0.0,0.0,0.0,0.0,0,636
D,case_87e9810bfbfe599a,1.0,1.0,0.0,0.0,0.0,0.0,0,182
D,case_b68db3ec07119a8c,1.0,1.0,0.0,0.0,0.0,0.0,0,261
D,case_6f508eb343af2b6e,1.0,1.0,0.0,0.0,0.0,0.0,0,180
D,case_98f434282b3acaf6,1.0,1.0,0.0,0.0,0.0,0.0,0,376
D,case_032d15bda3bca5fa,1.0,1.0,0.0,0.0,0.0,0.0,0,75
D,case_6f508eb343af2b6e,1.0,1.0,0.0,0.0,0.0,0.0,0,180
D,case_2daf48497e3c67a5,1.0,1.0,0.0,0.0,0.0,0.0,0,345
D,case_fdfe479d9468a054,1.0,1.0,0.0,0.0,0.0,0.0,0,330
D,case_28220d59b33c6049,1.0,1.0,0.0,0.0,0.0,0.0,0,200
D,case_6f84254e6aa3ac13,1.0,1.0,0.0,0.0,0.0,0.0,0,294
D,case_e1a1eabb7859833d,1.0,1.0,0.0,0.0,0.0,0.0,0,165
D,case_5553bf8d0da6c306,1.0,1.0,0.0,0.0,0.0,0.0,0,167
D,case_1be2c82e1a07e0be,1.0,1.0,0.0,0.0,0.0,0.0,0,289
D,case_4d71300124dfb072,1.0,1.0,0.0,0.0,0.0,0.0,0,335
D,case_99562eca1557b824,1.0,1.0,0.0,0.0,0.0,0.0,0,382
D,case_00fe7ed699f8e74c,1.0,1.0,0.0,0.0,0.0,0.0,0,232
D,case_3d658854f0c847a2,1.0,1.0,0.0,0.0,0.0,0.0,0,363
D,case_42ff426da64b0fcd,1.0,1.0,0.0,0.0,0.0,0.0,0,202
D,case_9566d34902643687,1.0,1.0,0.0,0.0,0.0,0.0,0,147
D,case_0a693d0dc8e66bfd,1.0,1.0,0.0,0.0,0.0,0.0,0,246
D,case_5638b5407737716c,1.0,1.0,0.0,0.0,0.0,0.0,0,140
D,case_26563340650b46b7,1.0,1.0,0.0,0.0,0.0,0.0,0,245
D,case_8e8a5350713ce64b,1.0,1.0,0.0,0.0,0.0,0.0,0,176
D,case_a6396405abec92a0,1.0,1.0,0.0,0.0,0.0,0.0,0,203
D,case_cfe7c05c8d24cbc3,1.0,1.0,0.0,0.0,0.0,0.0,0,211
D,case_da256a46e9eb821c,1.0,1.0,0.0,0.0,0.0,0.0,0,418
D,case_beb2660be7382ebf,1.0,1.0,0.0,0.0,0.0,0.0,0,88
D,case_11cf91fe05373495,1.0,1.0,0.0,0.0,0.0,0.0,0,192
D,case_9c106d44dbea871a,1.0,1.0,0.0,0.0,0.0,0.0,0,389
D,case_032d15bda3bca5fa,1.0,1.0,0.0,0.0,0.0,0.0,0,75
D,case_78b17cc19d302d5f,1.0,1.0,0.0,0.0,0.0,0.0,0,214
D,case_946c747043e55c2c,1.0,1.0,0.0,0.0,0.0,0.0,0,370
D,case_90a294365ab5ac36,1.0,1.0,0.0,0.0,0.0,0.0,0,400
D,case_9566d34902643687,1.0,1.0,0.0,0.0,0.0,0.0,0,147
D,case_59d4da4bd58fd9e7,1.0,1.0,0.0,0.0,0.0,0.0,0,108
D,case_41777f83c0f449cd,1.0,1.0,0.0,0.0,0.0,0.0,0,309
D,case_634946c01b261aee,1.0,1.0,0.0,0.0,0.0,0.0,0,337
D,case_695ae3d8c77cf2b5,1.0,1.0,0.0,0.0,0.0,0.0,0,442
D,case_d535280ea139ce34,1.0,1.0,0.0,0.0,0.0,0.0,0,234
D,case_f9cfb69c9087e993,1.0,1.0,0.0,0.0,0.0,0.0,0,308
D,case_98f434282b3acaf6,1.0,1.0,0.0,0.0,0.0,0.0,0,376
D,case_6f508eb343af2b6e,1.0,1.0,0.0,0.0,0.0,0.0,0,180
D,case_6216f523a215f453,1.0,1.0,0.0,0.0,0.0,0.0,0,193
D,case_33cac839b9be0143,1.0,1.0,0.0,0.0,0.0,0.0,0,70
D,case_780863056677c1e3,1.0,1.0,0.0,0.0,0.0,0.0,0,213
D,case_e098c8afb24ba38f,1.0,1.0,0.0,0.0,0.0,0.0,0,268
D,case_3e58cd460a693c89,1.0,1.0,0.0,0.0,0.0,0.0,0,133
D,case_030d5290428c6aeb,1.0,1.0,0.0,0.0,0.0,0.0,0,223
D,case_c844dad93470b6ca,1.0,1.0,0.0,0.0,0.0,0.0,0,86
D,case_0a693d0dc8e66bfd,1.0,1.0,0.0,0.0,0.0,0.0,0,246
D,case_bae0ae3decd55c59,1.0,1.0,0.0,0.0,0.0,0.0,0,297
D,case_d0d60247c9ea30c8,1.0,1.0,0.0,0.0,0.0,0.0,0,524
D,case_59d4da4bd58fd9e7,1.0,1.0,0.0,0.0,0.0,0.0,0,108
D,case_8d301d7f1ad51b18,1.0,1.0,0.0,0.0,0.0,0.0,0,230
D,case_99176068d2d61339,1.0,1.0,0.0,0.0,0.0,0.0,0,252
D,case_e0de894ed5496bb4,1.0,1.0,0.0,0.0,0.0,0.0,0,523
D,case_33fe639e59ef119d,1.0,1.0,0.0,0.0,0.0,0.0,0,290
D,case_5470027df9fbf79d,1.0,1.0,0.0,0.0,0.0,0.0,0,300
D,case_9c106d44dbea871a,1.0,1.0,0.0,0.0,0.0,0.0,0,389
D,case_bdfceca5214f7965,1.0,1.0,0.0,0.0,0.0,0.0,0,90
D,case_781dea5fc76af568,1.0,1.0,0.0,0.0,0.0,0.0,0,159
D,case_e2697f3615dcb6e5,1.0,1.0,0.0,0.0,0.0,0.0,0,903
D,case_e1d1e77eb76dc567,1.0,1.0,0.0,0.0,0.0,0.0,0,181
D,case_42ff426da64b0fcd,1.0,1.0,0.0,0.0,0.0,0.0,0,202
D,case_163d858b5d36bcd6,1.0,1.0,0.0,0.0,0.0,0.0,0,271
D,case_d43b24a2d58e64c8,1.0,1.0,0.0,0.0,0.0,0.0,0,480
D,case_5559c92c2eaeb760,1.0,1.0,0.0,0.0,0.0,0.0,0,291
D,case_f9cfb69c9087e993,1.0,1.0,0.0,0.0,0.0,0.0,0,308
D,case_6a3d27fc83c2ed3e,1.0,1.0,0.0,0.0,0.0,0.0,0,276
D,case_9369cffb4f69ccb1,1.0,1.0,0.0,0.0,0.0,0.0,0,350
D,case_d17009e23441ab38,1.0,1.0,0.0,0.0,0.0,0.0,0,198
D,case_6216f523a215f453,1.0,1.0,0.0,0.0,0.0,0.0,0,193
D,case_45fc4e979e95036e,1.0,1.0,0.0,0.0,0.0,0.0,0,448
D,case_fbe1e5a64a2e008c,1.0,1.0,0.0,0.0,0.0,0.0,0,483
D,case_3721add5bdce9216,1.0,1.0,0.0,0.0,0.0,0.0,0,64
D,case_dd6b24b067ea81e9,1.0,1.0,0.0,0.0,0.0,0.0,0,125
D,case_f02d7cf469f5153a,1.0,1.0,0.0,0.0,0.0,0.0,0,179
D,case_372a9e547a7bd0bf,1.0,1.0,0.0,0.0,0.0,0.0,0,96
D,case_eade422569145aca,1.0,1.0,0.0,0.0,0.0,0.0,0,85
D,case_418072325b62dd43,1.0,1.0,0.0,0.0,0.0,0.0,0,77
D,case_fbdb8f8d196d8c77,1.0,1.0,0.0,0.0,0.0,0.0,0,191
D,case_eebb56afa3a5776e,1.0,1.0,0.0,0.0,0.0,0.0,0,112
D,case_dd6b24b067ea81e9,1.0,1.0,0.0,0.0,0.0,0.0,0,125
D,case_42ff426da64b0fcd,1.0,1.0,0.0,0.0,0.0,0.0,0,202
D,case_8d77fa37563469d5,1.0,1.0,0.0,0.0,0.0,0.0,0,236
D,case_0c7de334ef3e32d9,1.0,1.0,0.0,0.0,0.0,0.0,0,355
D,case_e098c8afb24ba38f,1.0,1.0,0.0,0.0,0.0,0.0,0,268
D,case_d17009e23441ab38,1.0,1.0,0.0,0.0,0.0,0.0,0,198
D,case_61574c49743f48df,1.0,1.0,0.0,0.0,0.0,0.0,0,224
D,case_4f91d620b8d3b13d,1.0,1.0,0.0,0.0,0.0,0.0,0,413
D,case_6f9b9858ee3edd6d,1.0,1.0,0.0,0.0,0.0,0.0,0,326
D,case_09385c87c9fad8c5,1.0,1.0,0.0,0.0,0.0,0.0,0,328
D,case_0aa3d8b77f94d899,1.0,1.0,0.0,0.0,0.0,0.0,0,171
D,case_ec24fc20cd66c9c6,1.0,1.0,0.0,0.0,0.0,0.0,0,323
D,case_7b8b2355d9bf3c07,1.0,1.0,0.0,0.0,0.0,0.0,0,233
D,case_d7ee2576daa1b4b7,1.0,1.0,0.0,0.0,0.0,0.0,0,228
D,case_5787837fc1eac427,1.0,1.0,0.0,0.0,0.0,0.0,0,280
D,case_08c65b0d1736c1c6,1.0,1.0,0.0,0.0,0.0,0.0,0,138
D,case_a88ddd78320503cf,1.0,1.0,0.0,0.0,0.0,0.0,0,288
D,case_e544bb28c4af7ec6,1.0,1.0,0.0,0.0,0.0,0.0,0,150
D,case_a88ddd78320503cf,1.0,1.0,0.0,0.0,0.0,0.0,0,288
D,case_08cf42eb108b0214,1.0,1.0,0.0,0.0,0.0,0.0,0,102
D,case_09974978e19f3bb2,1.0,1.0,0.0,0.0,0.0,0.0,0,359
D,case_2d89115fc9747a99,1.0,1.0,0.0,0.0,0.0,0.0,0,371
D,case_f4e66a9f2064dea7,1.0,1.0,0.0,0.0,0.0,0.0,0,201
D,case_7fb8167f55d229f0,1.0,1.0,0.0,0.0,0.0,0.0,0,347
D,case_86632918dabb96fb,1.0,1.0,0.0,0.0,0.0,0.0,0,151
D,case_87e9810bfbfe599a,1.0,1.0,0.0,0.0,0.0,0.0,0,182
D,case_4e69a4771e2d535b,1.0,1.0,0.0,0.0,0.0,0.0,0,357
D,case_cf855388dac67b74,1.0,1.0,0.0,0.0,0.0,0.0,0,106
D,case_3e58cd460a693c89,1.0,1.0,0.0,0.0,0.0,0.0,0,133
D,case_e4b819c870f5d711,1.0,1.0,0.0,0.0,0.0,0.0,0,263
D,case_9ca472b10157d297,1.0,1.0,0.0,0.0,0.0,0.0,0,134
D,case_26563340650b46b7,1.0,1.0,0.0,0.0,0.0,0.0,0,245
D,case_0d1d86eff47d09b3,1.0,1.0,0.0,0.0,0.0,0.0,0,20
D,case_372a9e547a7bd0bf,1.0,1.0,0.0,0.0,0.0,0.0,0,96
D,case_6ede7089fd64dc00,1.0,1.0,0.0,0.0,0.0,0.0,0,111
D,case_11cf91fe05373495,1.0,1.0,0.0,0.0,0.0,0.0,0,192
D,case_6a3d27fc83c2ed3e,1.0,1.0,0.0,0.0,0.0,0.0,0,276
D,case_9b2bbcd05dc6e75d,1.0,1.0,0.0,0.0,0.0,0.0,0,139
D,case_cfe7c05c8d24cbc3,1.0,1.0,0.0,0.0,0.0,0.0,0,211
D,case_c69e82367095bed6,1.0,1.0,0.0,0.0,0.0,0.0,0,281
D,case_2747681610897b8d,1.0,1.0,0.0,0.0,0.0,0.0,0,412
D,case_950367e0ea4c8f3e,1.0,1.0,0.0,0.0,0.0,0.0,0,91
D,case_1237d58d7c954f5b,1.0,1.0,0.0,0.0,0.0,0.0,0,166
D,case_dc9b5a81529af34e,1.0,1.0,0.0,0.0,0.0,0.0,0,229
D,case_4f2daf059f5daf40,1.0,1.0,0.0,0.0,0.0,0.0,0,260
D,case_99176068d2d61339,1.0,1.0,0.0,0.0,0.0,0.0,0,252
D,case_1675aaa96e59a847,1.0,1.0,0.0,0.0,0.0,0.0,0,126
D,case_204a6816b4c09a90,1.0,1.0,0.0,0.0,0.0,0.0,0,67
D,case_e544bb28c4af7ec6,1.0,1.0,0.0,0.0,0.0,0.0,0,150
D,case_8463559eb6d1503c,1.0,1.0,0.0,0.0,0.0,0.0,0,293
D,case_3d658854f0c847a2,1.0,1.0,0.0,0.0,0.0,0.0,0,363
D,case_d17009e23441ab38,1.0,1.0,0.0,0.0,0.0,0.0,0,198
D,case_78b17cc19d302d5f,1.0,1.0,0.0,0.0,0.0,0.0,0,214
D,case_1187329c9b722e0d,1.0,1.0,0.0,0.0,0.0,0.0,0,322
D,case_28220d59b33c6049,1.0,1.0,0.0,0.0,0.0,0.0,0,200
D,case_28220d59b33c6049,1.0,1.0,0.0,0.0,0.0,0.0,0,200
D,case_d18234960d3ca3c0,1.0,1.0,0.0,0.0,0.0,0.0,0,158
D,case_163d858b5d36bcd6,1.0,1.0,0.0,0.0,0.0,0.0,0,271
D,case_2df252cb5704670f,1.0,1.0,0.0,0.0,0.0,0.0,0,206
D,case_42a50e543ea8a0c8,1.0,1.0,0.0,0.0,0.0,0.0,0,460
D,case_3316866177db3a18,1.0,1.0,0.0,0.0,0.0,0.0,0,320
D,case_81df1be86ebe87aa,1.0,1.0,0.0,0.0,0.0,0.0,0,386
D,case_47edb1bf4aeac12c,1.0,1.0,0.0,0.0,0.0,0.0,0,143
D,case_9272c6d7b5e61519,1.0,1.0,0.0,0.0,0.0,0.0,0,154
D,case_f63a4fbe0a499fad,1.0,1.0,0.0,0.0,0.0,0.0,0,278
D,case_cb18837b0369f740,1.0,1.0,0.0,0.0,0.0,0.0,0,117
D,case_18d93ac07a45f230,1.0,1.0,0.0,0.0,0.0,0.0,0,113
D,case_4d71300124dfb072,1.0,1.0,0.0,0.0,0.0,0.0,0,335
D,case_0d1d86eff47d09b3,1.0,1.0,0.0,0.0,0.0,0.0,0,20
D,case_fb436995f4b8ff5c,1.0,1.0,0.0,0.0,0.0,0.0,0,408
D,case_8912651bcf0a7ee9,1.0,1.0,0.0,0.0,0.0,0.0,0,92
D,case_c844dad93470b6ca,1.0,1.0,0.0,0.0,0.0,0.0,0,86
D,case_11cf91fe05373495,1.0,1.0,0.0,0.0,0.0,0.0,0,192
D,case_8e6329ca44666663,1.0,1.0,0.0,0.0,0.0,0.0,0,529
D,case_7f0344d42516195f,1.0,1.0,0.0,0.0,0.0,0.0,0,339
D,case_61574c49743f48df,1.0,1.0,0.0,0.0,0.0,0.0,0,224
D,case_22b0c876b90d0b5b,1.0,1.0,0.0,0.0,0.0,0.0,0,172
D,case_3316866177db3a18,1.0,1.0,0.0,0.0,0.0,0.0,0,320
D,case_42ff426da64b0fcd,1.0,1.0,0.0,0.0,0.0,0.0,0,202
D,case_7368e8ae8b19cf0b,1.0,1.0,0.0,0.0,0.0,0.0,0,477
D,case_49cc17555c92293e,1.0,1.0,0.0,0.0,0.0,0.0,0,123
D,case_131c37da0a32b286,1.0,1.0,0.0,0.0,0.0,0.0,0,282
D,case_52da56002f952cc3,1.0,1.0,0.0,0.0,0.0,0.0,0,157
D,case_9de29132049f9402,1.0,1.0,0.0,0.0,0.0,0.0,0,130
D,case_0d61ef2be7abc080,1.0,1.0,0.0,0.0,0.0,0.0,0,145
D,case_b83178db4ba9aadf,1.0,1.0,0.0,0.0,0.0,0.0,0,325
D,case_ee131f5ceb7a2127,1.0,1.0,0.0,0.0,0.0,0.0,0,190
D,case_f63a4fbe0a499fad,1.0,1.0,0.0,0.0,0.0,0.0,0,278
D,case_11626a45468ef724,1.0,1.0,0.0,0.0,0.0,0.0,0,218
D,case_eeaa71f53f0292e7,1.0,1.0,0.0,0.0,0.0,0.0,0,121
D,case_7aa57f76f9cb09fa,1.0,1.0,0.0,0.0,0.0,0.0,0,196
D,case_61574c49743f48df,1.0,1.0,0.0,0.0,0.0,0.0,0,224
D,case_9ff94b675dfc32f2,1.0,1.0,0.0,0.0,0.0,0.0,0,394
D,case_65becec7b83959a9,1.0,1.0,0.0,0.0,0.0,0.0,0,135
D,case_9b2bbcd05dc6e75d,1.0,1.0,0.0,0.0,0.0,0.0,0,139
D,case_4f3689c5e1623103,1.0,1.0,0.0,0.0,0.0,0.0,0,80
D,case_5638b5407737716c,1.0,1.0,0.0,0.0,0.0,0.0,0,140
D,case_e30b1c7d6fd59a34,1.0,1.0,0.0,0.0,0.0,0.0,0,402
D,case_67cfd94a33a58a6f,1.0,1.0,0.0,0.0,0.0,0.0,0,257
D,case_e3cd5d37de98f5e7,1.0,1.0,0.0,0.0,0.0,0.0,0,249
D,case_5520822012bed2f3,1.0,1.0,0.0,0.0,0.0,0.0,0,242
D,case_bf656f4cf26dc0a7,1.0,1.0,0.0,0.0,0.0,0.0,0,254
D,case_5e190ff0cfa4c691,1.0,1.0,0.0,0.0,0.0,0.0,0,316
D,case_d18234960d3ca3c0,1.0,1.0,0.0,0.0,0.0,0.0,0,158
D,case_350a4485694dde68,1.0,1.0,0.0,0.0,0.0,0.0,0,142
D,case_acddf2c31f02f6ce,1.0,1.0,0.0,0.0,0.0,0.0,0,162
D,case_f2ea49a0974f0310,1.0,1.0,0.0,0.0,0.0,0.0,0,295
D,case_9d386d8a705863d0,1.0,1.0,0.0,0.0,0.0,0.0,0,348
D,case_1237d58d7c954f5b,1.0,1.0,0.0,0.0,0.0,0.0,0,166
D,case_efce198623468711,1.0,1.0,0.0,0.0,0.0,0.0,0,72
D,case_e23d5952dfe37029,1.0,1.0,0.0,0.0,0.0,0.0,0,240
D,case_22dfdb41d2772a89,1.0,1.0,0.0,0.0,0.0,0.0,0,78
D,case_455918ff3755a42b,1.0,1.0,0.0,0.0,0.0,0.0,0,262
D,case_21e2888f2eb19cb9,1.0,1.0,0.0,0.0,0.0,0.0,0,212
D,case_44afd89ca16bc36a,1.0,1.0,0.0,0.0,0.0,0.0,0,153
D,case_ce31b7ab7ddce94d,1.0,1.0,0.0,0.0,0.0,0.0,0,346
D,case_ac9f7e5c6454e0e3,1.0,1.0,0.0,0.0,0.0,0.0,0,307
D,case_b68db3ec07119a8c,1.0,1.0,0.0,0.0,0.0,0.0,0,261
D,case_67cfd94a33a58a6f,1.0,1.0,0.0,0.0,0.0,0.0,0,257
D,case_b4a58bb24705e942,1.0,1.0,0.0,0.0,0.0,0.0,0,381
D,case_08c65b0d1736c1c6,1.0,1.0,0.0,0.0,0.0,0.0,0,138
D,case_dd6b24b067ea81e9,1.0,1.0,0.0,0.0,0.0,0.0,0,125
D,case_09385c87c9fad8c5,1.0,1.0,0.0,0.0,0.0,0.0,0,328
D,case_c4d049618266b6ef,1.0,1.0,0.0,0.0,0.0,0.0,0,56
D,case_fa4b12a70cb5c6bc,1.0,1.0,0.0,0.0,0.0,0.0,0,62
D,case_61574c49743f48df,1.0,1.0,0.0,0.0,0.0,0.0,0,224
D,case_e2e658440b57c948,1.0,1.0,0.0,0.0,0.0,0.0,0,109
D,case_88037fd7923c5ba0,1.0,1.0,0.0,0.0,0.0,0.0,0,208
D,case_78dbe04f90870751,1.0,1.0,0.0,0.0,0.0,0.0,0,199
D,case_bd8c2fba3916ce4a,1.0,1.0,0.0,0.0,0.0,0.0,0,380
D,case_51479aaa9a506718,1.0,1.0,0.0,0.0,0.0,0.0,0,451
D,case_5c572b6a71a5f3d8,1.0,1.0,0.0,0.0,0.0,0.0,0,110
D,case_ab62da33f894913f,1.0,1.0,0.0,0.0,0.0,0.0,0,356
D,case_d18234960d3ca3c0,1.0,1.0,0.0,0.0,0.0,0.0,0,158
D,case_9566d34902643687,1.0,1.0,0.0,0.0,0.0,0.0,0,147
D,case_3347d25213bb9414,1.0,1.0,0.0,0.0,0.0,0.0,0,239
D,case_78b17cc19d302d5f,1.0,1.0,0.0,0.0,0.0,0.0,0,214
D,case_f2ea49a0974f0310,1.0,1.0,0.0,0.0,0.0,0.0,0,295
D,case_f1edd06af0f4fec7,1.0,1.0,0.0,0.0,0.0,0.0,0,235
D,case_ec24fc20cd66c9c6,1.0,1.0,0.0,0.0,0.0,0.0,0,323
D,case_cdb3a749f4a39545,1.0,1.0,0.0,0.0,0.0,0.0,0,225
D,case_3347d25213bb9414,1.0,1.0,0.0,0.0,0.0,0.0,0,239
D,case_bae0ae3decd55c59,1.0,1.0,0.0,0.0,0.0,0.0,0,297
D,case_4f2daf059f5daf40,1.0,1.0,0.0,0.0,0.0,0.0,0,260
D,case_ce846a99b050c13b,1.0,1.0,0.0,0.0,0.0,0.0,0,195
D,case_dd6b24b067ea81e9,1.0,1.0,0.0,0.0,0.0,0.0,0,125
D,case_3e58cd460a693c89,1.0,1.0,0.0,0.0,0.0,0.0,0,133
D,case_cb7d9a83a69e5be4,1.0,1.0,0.0,0.0,0.0,0.0,0,94
D,case_5720c56c2e3788f9,1.0,1.0,0.0,0.0,0.0,0.0,0,222
D,case_dbc4cc0065bbffcf,1.0,1.0,0.0,0.0,0.0,0.0,0,89
D,case_0aa3d8b77f94d899,1.0,1.0,0.0,0.0,0.0,0.0,0,171
D,case_1c87315dba98293c,1.0,1.0,0.0,0.0,0.0,0.0,0,155
D,case_9ca472b10157d297,1.0,1.0,0.0,0.0,0.0,0.0,0,134
D,case_9566d34902643687,1.0,1.0,0.0,0.0,0.0,0.0,0,147
D,case_7aa57f76f9cb09fa,1.0,1.0,0.0,0.0,0.0,0.0,0,196
D,case_18d93ac07a45f230,1.0,1.0,0.0,0.0,0.0,0.0,0,113
D,case_cdb3a749f4a39545,1.0,1.0,0.0,0.0,0.0,0.0,0,225
D,case_79b6b8587523c4c1,1.0,1.0,0.0,0.0,0.0,0.0,0,237
D,case_0aa3d8b77f94d899,1.0,1.0,0.0,0.0,0.0,0.0,0,171
D,case_780863056677c1e3,1.0,1.0,0.0,0.0,0.0,0.0,0,213
D,case_70dc8f477c2c88d1,1.0,1.0,0.0,0.0,0.0,0.0,0,399
D,case_d6df681b74dca596,1.0,1.0,0.0,0.0,0.0,0.0,0,97
D,case_86632918dabb96fb,1.0,1.0,0.0,0.0,0.0,0.0,0,151
D,case_b8238f08875f0497,1.0,1.0,0.0,0.0,0.0,0.0,0,185
D,case_a7069eaab343fc6f,1.0,1.0,0.0,0.0,0.0,0.0,0,270
D,case_1187329c9b722e0d,1.0,1.0,0.0,0.0,0.0,0.0,0,322
D,case_f5a767408d467573,1.0,1.0,0.0,0.0,0.0,0.0,0,116
D,case_2547d65a300981e5,1.0,1.0,0.0,0.0,0.0,0.0,0,383
D,case_00fe7ed699f8e74c,1.0,1.0,0.0,0.0,0.0,0.0,0,232
D,case_99176068d2d61339,1.0,1.0,0.0,0.0,0.0,0.0,0,252
D,case_6e53385c7e5e64f7,1.0,1.0,0.0,0.0,0.0,0.0,0,99
D,case_6590ed58a6c302a7,1.0,1.0,0.0,0.0,0.0,0.0,0,266
D,case_9ff94b675dfc32f2,1.0,1.0,0.0,0.0,0.0,0.0,0,394
D,case_0101d49c073d3e56,1.0,1.0,0.0,0.0,0.0,0.0,0,177
D,case_e3cd5d37de98f5e7,1.0,1.0,0.0,0.0,0.0,0.0,0,249
D,case_d3370c4bfa72de26,1.0,1.0,0.0,0.0,0.0,0.0,0,706
D,case_e1d1e77eb76dc567,1.0,1.0,0.0,0.0,0.0,0.0,0,181
D,case_7b8b2355d9bf3c07,1.0,1.0,0.0,0.0,0.0,0.0,0,233
D,case_9dfc879e81f55bfe,1.0,1.0,0.0,0.0,0.0,0.0,0,204
D,case_12e469fe19ba1d5a,1.0,1.0,0.0,0.0,0.0,0.0,0,306
D,case_0c0882c0b8275ee0,1.0,1.0,0.0,0.0,0.0,0.0,0,443
D,case_0c5ce6eca5e9e674,1.0,1.0,0.0,0.0,0.0,0.0,0,71
D,case_030d5290428c6aeb,1.0,1.0,0.0,0.0,0.0,0.0,0,223
D,case_5e71bc8d888a9cab,1.0,1.0,0.0,0.0,0.0,0.0,0,226
D,case_372a9e547a7bd0bf,1.0,1.0,0.0,0.0,0.0,0.0,0,96
D,case_61574c49743f48df,1.0,1.0,0.0,0.0,0.0,0.0,0,224
D,case_d18234960d3ca3c0,1.0,1.0,0.0,0.0,0.0,0.0,0,158
D,case_49cc17555c92293e,1.0,1.0,0.0,0.0,0.0,0.0,0,123
D,case_e2e658440b57c948,1.0,1.0,0.0,0.0,0.0,0.0,0,109
D,case_4d71300124dfb072,1.0,1.0,0.0,0.0,0.0,0.0,0,335
D,case_73d52e94ea1e2376,1.0,1.0,0.0,0.0,0.0,0.0,0,169
D,case_5c055cfbae633f9e,1.0,1.0,0.0,0.0,0.0,0.0,0,419
D,case_042553d7e1950410,1.0,1.0,0.0,0.0,0.0,0.0,0,107
D,case_d3d2117ae4d20f86,1.0,1.0,0.0,0.0,0.0,0.0,0,274
D,case_b2948547325c75f6,1.0,1.0,0.0,0.0,0.0,0.0,0,148
D,case_3e58cd460a693c89,1.0,1.0,0.0,0.0,0.0,0.0,0,133
D,case_fa3f9404c30c3a16,1.0,1.0,0.0,0.0,0.0,0.0,0,163
D,case_7e59b79774f6bdcf,1.0,1.0,0.0,0.0,0.0,0.0,0,104
D,case_8b9a85fa86031b46,1.0,1.0,0.0,0.0,0.0,0.0,0,100
D,case_08cf42eb108b0214,1.0,1.0,0.0,0.0,0.0,0.0,0,102
D,case_d85b462512bd8b9e,1.0,1.0,0.0,0.0,0.0,0.0,0,351
D,case_6400b9f81bc462a5,1.0,1.0,0.0,0.0,0.0,0.0,0,332
D,case_99d2bed221a20795,1.0,1.0,0.0,0.0,0.0,0.0,0,473
D,case_56b26b6fbfa240df,1.0,1.0,0.0,0.0,0.0,0.0,0,374
D,case_68e0979a215f236e,1.0,1.0,0.0,0.0,0.0,0.0,0,702
D,case_057c13006a03b727,1.0,1.0,0.0,0.0,0.0,0.0,0,194
D,case_6f84254e6aa3ac13,1.0,1.0,0.0,0.0,0.0,0.0,0,294
D,case_38d108f30dc8b786,1.0,1.0,0.0,0.0,0.0,0.0,0,341
D,case_b83178db4ba9aadf,1.0,1.0,0.0,0.0,0.0,0.0,0,325
D,case_5f130c5ab60755cb,1.0,1.0,0.0,0.0,0.0,0.0,0,231
D,case_a7069eaab343fc6f,1.0,1.0,0.0,0.0,0.0,0.0,0,270
D,case_dbc4cc0065bbffcf,1.0,1.0,0.0,0.0,0.0,0.0,0,89
D,case_769c79f3122436e1,1.0,1.0,0.0,0.0,0.0,0.0,0,273
D,case_e6be4b27b92df6c5,1.0,1.0,0.0,0.0,0.0,0.0,0,265
D,case_e1a1eabb7859833d,1.0,1.0,0.0,0.0,0.0,0.0,0,165
D,case_455918ff3755a42b,1.0,1.0,0.0,0.0,0.0,0.0,0,262
D,case_ab6b99f4380cfa2f,1.0,1.0,0.0,0.0,0.0,0.0,0,73
D,case_5958360f6325109b,1.0,1.0,0.0,0.0,0.0,0.0,0,331
D,case_8b9a85fa86031b46,1.0,1.0,0.0,0.0,0.0,0.0,0,100
D,case_9ca472b10157d297,1.0,1.0,0.0,0.0,0.0,0.0,0,134
D,case_61574c49743f48df,1.0,1.0,0.0,0.0,0.0,0.0,0,224
D,case_edf483a2e22ff072,1.0,1.0,0.0,0.0,0.0,0.0,0,406
D,case_ba606002dc5ad76d,1.0,1.0,0.0,0.0,0.0,0.0,0,292
D,case_d05c7e6e7ae2b69a,1.0,1.0,0.0,0.0,0.0,0.0,0,210
D,case_228c81362f6250e4,1.0,1.0,0.0,0.0,0.0,0.0,0,375
D,case_f1f720eb55d0039c,1.0,1.0,0.0,0.0,0.0,0.0,0,178
D,case_2d89115fc9747a99,1.0,1.0,0.0,0.0,0.0,0.0,0,371
D,case_cb7d9a83a69e5be4,1.0,1.0,0.0,0.0,0.0,0.0,0,94
D,case_377803b8811c78af,1.0,1.0,0.0,0.0,0.0,0.0,0,478
D,case_0ac929dedfc54330,1.0,1.0,0.0,0.0,0.0,0.0,0,63
D,case_5470027df9fbf79d,1.0,1.0,0.0,0.0,0.0,0.0,0,300
D,case_e3cd5d37de98f5e7,1.0,1.0,0.0,0.0,0.0,0.0,0,249
D,case_86632918dabb96fb,1.0,1.0,0.0,0.0,0.0,0.0,0,151
D,case_d9cee511d276f7e4,1.0,1.0,0.0,0.0,0.0,0.0,0,115
D,case_42ff426da64b0fcd,1.0,1.0,0.0,0.0,0.0,0.0,0,202
D,case_e544bb28c4af7ec6,1.0,1.0,0.0,0.0,0.0,0.0,0,150
D,case_3d658854f0c847a2,1.0,1.0,0.0,0.0,0.0,0.0,0,363
D,case_b49f3563e388363d,1.0,1.0,0.0,0.0,0.0,0.0,0,343
D,case_e6be8c4712009390,1.0,1.0,0.0,0.0,0.0,0.0,0,425
D,case_1b3fc39bfabac605,1.0,1.0,0.0,0.0,0.0,0.0,0,317
D,case_44afd89ca16bc36a,1.0,1.0,0.0,0.0,0.0,0.0,0,153
D,case_c49944cf825a5e39,1.0,1.0,0.0,0.0,0.0,0.0,0,152
D,case_08cf42eb108b0214,1.0,1.0,0.0,0.0,0.0,0.0,0,102
D,case_12060f8438578d90,1.0,1.0,0.0,0.0,0.0,0.0,0,423
D,case_d74d4df4d0d5624b,1.0,1.0,0.0,0.0,0.0,0.0,0,186
D,case_d3d2117ae4d20f86,1.0,1.0,0.0,0.0,0.0,0.0,0,274
D,case_fdfe479d9468a054,1.0,1.0,0.0,0.0,0.0,0.0,0,330
D,case_c7b71e57212d993a,1.0,1.0,0.0,0.0,0.0,0.0,0,82
D,case_b4a58bb24705e942,1.0,1.0,0.0,0.0,0.0,0.0,0,381
D,case_030d5290428c6aeb,1.0,1.0,0.0,0.0,0.0,0.0,0,223
D,case_0b09166e64295a48,1.0,1.0,0.0,0.0,0.0,0.0,0,149
D,case_769c79f3122436e1,1.0,1.0,0.0,0.0,0.0,0.0,0,273
D,case_6590ed58a6c302a7,1.0,1.0,0.0,0.0,0.0,0.0,0,266
D,case_0d61ef2be7abc080,1.0,1.0,0.0,0.0,0.0,0.0,0,145
D,case_9de29132049f9402,1.0,1.0,0.0,0.0,0.0,0.0,0,130
D,case_8de9ef8523ce70e8,1.0,1.0,0.0,0.0,0.0,0.0,0,220
