gate_threshold,TP,FP,FN,TN,token_precision,token_recall,token_f1,char_precision,char_recall,char_f1,ans_precision,ans_recall,ans_f1,gold_positive_rate,predicted_positive_rate,cat_A,cat_B,cat_C,cat_D,token_threshold,gate_model
0.05,14104,48371,1061,23171,0.2258,0.93,0.3633,0.4297,0.4324,0.431,0.3633,0.9655,0.5279,0.1749,0.7205,364,13,638,241,0.05,LR
0.05,13021,40133,2144,31409,0.245,0.8586,0.3812,0.4536,0.3884,0.4185,0.39,0.9125,0.5465,0.1749,0.613,344,33,538,341,0.1,LR
0.05,12100,35773,3065,35769,0.2528,0.7979,0.3839,0.4625,0.3566,0.4027,0.401,0.8647,0.5479,0.1749,0.5521,326,51,487,392,0.15,LR
0.05,11069,31056,4096,40486,0.2628,0.7299,0.3864,0.4751,0.3223,0.3841,0.4055,0.8196,0.5426,0.1749,0.4858,309,68,453,426,0.2,LR
0.05,9348,24664,5817,46878,0.2748,0.6164,0.3802,0.5017,0.2749,0.3552,0.4132,0.7454,0.5317,0.1749,0.3923,281,96,399,480,0.25,LR
0.05,7210,17450,7955,54092,0.2924,0.4754,0.3621,0.5446,0.2163,0.3096,0.4366,0.6764,0.5307,0.1749,0.2844,255,122,329,550,0.3,LR
0.05,4921,10681,10244,60861,0.3154,0.3245,0.3199,0.6078,0.1527,0.2441,0.4743,0.5385,0.5043,0.1749,0.1799,203,174,225,654,0.35,LR
0.05,2842,5224,12323,66318,0.3523,0.1874,0.2447,0.7022,0.0912,0.1615,0.539,0.4032,0.4613,0.1749,0.093,152,225,130,749,0.4,LR
0.1,14104,48371,1061,23171,0.2258,0.93,0.3633,0.4297,0.4324,0.431,0.3633,0.9655,0.5279,0.1749,0.7205,364,13,638,241,0.05,LR
0.1,13021,40133,2144,31409,0.245,0.8586,0.3812,0.4536,0.3884,0.4185,0.39,0.9125,0.5465,0.1749,0.613,344,33,538,341,0.1,LR
0.1,12100,35773,3065,35769,0.2528,0.7979,0.3839,0.4625,0.3566,0.4027,0.401,0.8647,0.5479,0.1749,0.5521,326,51,487,392,0.15,LR
0.1,11069,31056,4096,40486,0.2628,0.7299,0.3864,0.4751,0.3223,0.3841,0.4055,0.8196,0.5426,0.1749,0.4858,309,68,453,426,0.2,LR
0.1,9348,24664,5817,46878,0.2748,0.6164,0.3802,0.5017,0.2749,0.3552,0.4132,0.7454,0.5317,0.1749,0.3923,281,96,399,480,0.25,LR
0.1,7210,17450,7955,54092,0.2924,0.4754,0.3621,0.5446,0.2163,0.3096,0.4366,0.6764,0.5307,0.1749,0.2844,255,122,329,550,0.3,LR
0.1,4921,10681,10244,60861,0.3154,0.3245,0.3199,0.6078,0.1527,0.2441,0.4743,0.5385,0.5043,0.1749,0.1799,203,174,225,654,0.35,LR
0.1,2842,5224,12323,66318,0.3523,0.1874,0.2447,0.7022,0.0912,0.1615,0.539,0.4032,0.4613,0.1749,0.093,152,225,130,749,0.4,LR
0.15,14104,48371,1061,23171,0.2258,0.93,0.3633,0.4297,0.4324,0.431,0.3633,0.9655,0.5279,0.1749,0.7205,364,13,638,241,0.05,LR
0.15,13021,40133,2144,31409,0.245,0.8586,0.3812,0.4536,0.3884,0.4185,0.39,0.9125,0.5465,0.1749,0.613,344,33,538,341,0.1,LR
0.15,12100,35773,3065,35769,0.2528,0.7979,0.3839,0.4625,0.3566,0.4027,0.401,0.8647,0.5479,0.1749,0.5521,326,51,487,392,0.15,LR
0.15,11069,31056,4096,40486,0.2628,0.7299,0.3864,0.4751,0.3223,0.3841,0.4055,0.8196,0.5426,0.1749,0.4858,309,68,453,426,0.2,LR
0.15,9348,24664,5817,46878,0.2748,0.6164,0.3802,0.5017,0.2749,0.3552,0.4132,0.7454,0.5317,0.1749,0.3923,281,96,399,480,0.25,LR
0.15,7210,17450,7955,54092,0.2924,0.4754,0.3621,0.5446,0.2163,0.3096,0.4366,0.6764,0.5307,0.1749,0.2844,255,122,329,550,0.3,LR
0.15,4921,10681,10244,60861,0.3154,0.3245,0.3199,0.6078,0.1527,0.2441,0.4743,0.5385,0.5043,0.1749,0.1799,203,174,225,654,0.35,LR
0.15,2842,5224,12323,66318,0.3523,0.1874,0.2447,0.7022,0.0912,0.1615,0.539,0.4032,0.4613,0.1749,0.093,152,225,130,749,0.4,LR
0.2,14104,48214,1061,23328,0.2263,0.93,0.3641,0.4308,0.4324,0.4316,0.3662,0.9655,0.531,0.1749,0.7187,364,13,630,249,0.05,LR
0.2,13021,39976,2144,31566,0.2457,0.8586,0.3821,0.455,0.3884,0.4191,0.3936,0.9125,0.55,0.1749,0.6112,344,33,530,349,0.1,LR
0.2,12100,35622,3065,35920,0.2536,0.7979,0.3848,0.464,0.3566,0.4033,0.405,0.8647,0.5516,0.1749,0.5504,326,51,479,400,0.15,LR
0.2,11069,30983,4096,40559,0.2632,0.7299,0.3869,0.4759,0.3223,0.3844,0.4093,0.8196,0.5459,0.1749,0.485,309,68,446,433,0.2,LR
0.2,9348,24657,5817,46885,0.2749,0.6164,0.3802,0.5018,0.2749,0.3552,0.4157,0.7454,0.5337,0.1749,0.3922,281,96,395,484,0.25,LR
0.2,7210,17450,7955,54092,0.2924,0.4754,0.3621,0.5446,0.2163,0.3096,0.4366,0.6764,0.5307,0.1749,0.2844,255,122,329,550,0.3,LR
0.2,4921,10681,10244,60861,0.3154,0.3245,0.3199,0.6078,0.1527,0.2441,0.4743,0.5385,0.5043,0.1749,0.1799,203,174,225,654,0.35,LR
0.2,2842,5224,12323,66318,0.3523,0.1874,0.2447,0.7022,0.0912,0.1615,0.539,0.4032,0.4613,0.1749,0.093,152,225,130,749,0.4,LR
0.25,14015,47076,1150,24466,0.2294,0.9242,0.3676,0.4376,0.4306,0.4341,0.3865,0.939,0.5476,0.1749,0.7046,354,23,562,317,0.05,LR
0.25,12948,38890,2217,32652,0.2498,0.8538,0.3865,0.4634,0.3869,0.4217,0.4116,0.9019,0.5653,0.1749,0.5979,340,37,486,393,0.1,LR
0.25,12027,34573,3138,36969,0.2581,0.7931,0.3894,0.4732,0.3551,0.4057,0.4254,0.8541,0.5679,0.1749,0.5374,322,55,435,444,0.15,LR
0.25,11005,30252,4160,41290,0.2667,0.7257,0.3901,0.483,0.321,0.3857,0.4308,0.809,0.5622,0.1749,0.4758,305,72,403,476,0.2,LR
0.25,9330,24476,5835,47066,0.276,0.6152,0.381,0.5042,0.2745,0.3555,0.4335,0.7347,0.5453,0.1749,0.3899,277,100,362,517,0.25,LR
0.25,7210,17447,7955,54095,0.2924,0.4754,0.3621,0.5447,0.2163,0.3097,0.4381,0.6764,0.5318,0.1749,0.2844,255,122,327,552,0.3,LR
0.25,4921,10681,10244,60861,0.3154,0.3245,0.3199,0.6078,0.1527,0.2441,0.4743,0.5385,0.5043,0.1749,0.1799,203,174,225,654,0.35,LR
0.25,2842,5224,12323,66318,0.3523,0.1874,0.2447,0.7022,0.0912,0.1615,0.539,0.4032,0.4613,0.1749,0.093,152,225,130,749,0.4,LR
0.3,13648,45226,1517,26316,0.2318,0.9,0.3687,0.4455,0.4225,0.4337,0.4155,0.8806,0.5646,0.1749,0.679,332,45,467,412,0.05,LR
0.3,12612,37425,2553,34117,0.2521,0.8317,0.3869,0.4711,0.3797,0.4205,0.4241,0.8594,0.5679,0.1749,0.5771,324,53,440,439,0.1,LR
0.3,11694,33152,3471,38390,0.2608,0.7711,0.3897,0.4818,0.348,0.4041,0.4384,0.8117,0.5693,0.1749,0.5172,306,71,392,487,0.15,LR
0.3,10730,29203,4435,42339,0.2687,0.7076,0.3895,0.4904,0.3154,0.3839,0.4453,0.7666,0.5634,0.1749,0.4606,289,88,360,519,0.2,LR
0.3,9204,24059,5961,47483,0.2767,0.6069,0.3801,0.5078,0.272,0.3543,0.4439,0.6923,0.5409,0.1749,0.3836,261,116,327,552,0.25,LR
0.3,7194,17392,7971,54150,0.2926,0.4744,0.362,0.5454,0.216,0.3094,0.4434,0.6446,0.5254,0.1749,0.2836,243,134,305,574,0.3,LR
0.3,4920,10681,10245,60861,0.3154,0.3244,0.3198,0.6078,0.1527,0.2441,0.4731,0.5358,0.5025,0.1749,0.1799,202,175,225,654,0.35,LR
0.3,2842,5224,12323,66318,0.3523,0.1874,0.2447,0.7022,0.0912,0.1615,0.539,0.4032,0.4613,0.1749,0.093,152,225,130,749,0.4,LR
0.35,13176,42866,1989,28676,0.2351,0.8688,0.3701,0.4563,0.4119,0.433,0.4427,0.809,0.5722,0.1749,0.6463,305,72,384,495,0.05,LR
0.35,12180,35508,2985,36034,0.2554,0.8032,0.3876,0.4822,0.3704,0.4189,0.4446,0.7984,0.5712,0.1749,0.55,301,76,376,503,0.1,LR
0.35,11295,31345,3870,40197,0.2649,0.7448,0.3908,0.4941,0.3394,0.4024,0.4627,0.756,0.574,0.1749,0.4918,285,92,331,548,0.15,LR
0.35,10417,27624,4748,43918,0.2738,0.6869,0.3916,0.5037,0.3087,0.3828,0.4719,0.7135,0.5681,0.1749,0.4387,269,108,301,578,0.2,LR
0.35,9031,23013,6134,48529,0.2818,0.5955,0.3826,0.5198,0.2683,0.3539,0.4738,0.6472,0.5471,0.1749,0.3696,244,133,271,608,0.25,LR
0.35,7152,17091,8013,54451,0.295,0.4716,0.363,0.5505,0.2149,0.3092,0.4712,0.6074,0.5307,0.1749,0.2796,229,148,257,622,0.3,LR
0.35,4919,10662,10246,60880,0.3157,0.3244,0.32,0.6085,0.1527,0.2441,0.4855,0.5332,0.5082,0.1749,0.1797,201,176,213,666,0.35,LR
0.35,2842,5224,12323,66318,0.3523,0.1874,0.2447,0.7022,0.0912,0.1615,0.539,0.4032,0.4613,0.1749,0.093,152,225,130,749,0.4,LR
0.4,12815,41091,2350,30451,0.2377,0.845,0.3711,0.465,0.4037,0.4322,0.4638,0.7639,0.5772,0.1749,0.6217,288,89,333,546,0.05,LR
0.4,11895,34039,3270,37503,0.259,0.7844,0.3894,0.4916,0.3637,0.4181,0.4635,0.7586,0.5755,0.1749,0.5298,286,91,331,548,0.1,LR
0.4,11023,29971,4142,41571,0.2689,0.7269,0.3926,0.5043,0.333,0.4011,0.4823,0.7215,0.5781,0.1749,0.4728,272,105,292,587,0.15,LR
0.4,10191,26475,4974,45067,0.2779,0.672,0.3932,0.5133,0.3032,0.3812,0.4933,0.679,0.5714,0.1749,0.4229,256,121,263,616,0.2,LR
0.4,8870,22283,6295,49259,0.2847,0.5849,0.383,0.5267,0.2643,0.3519,0.4957,0.6154,0.5491,0.1749,0.3593,232,145,236,643,0.25,LR
0.4,7099,16774,8066,54768,0.2974,0.4681,0.3637,0.5554,0.2135,0.3085,0.4921,0.5782,0.5317,0.1749,0.2753,218,159,225,654,0.3,LR
0.4,4913,10619,10252,60923,0.3163,0.324,0.3201,0.6096,0.1525,0.244,0.4962,0.5172,0.5065,0.1749,0.1791,195,182,198,681,0.35,LR
0.4,2842,5223,12323,66319,0.3524,0.1874,0.2447,0.7023,0.0912,0.1615,0.5409,0.4032,0.462,0.1749,0.093,152,225,129,750,0.4,LR
0.45,12354,38628,2811,32914,0.2423,0.8146,0.3735,0.4764,0.3912,0.4296,0.4889,0.7003,0.5758,0.1749,0.588,264,113,276,603,0.05,LR
0.45,11504,32084,3661,39458,0.2639,0.7586,0.3916,0.5025,0.3528,0.4146,0.4888,0.695,0.5739,0.1749,0.5027,262,115,274,605,0.1,LR
0.45,10662,28155,4503,43387,0.2747,0.7031,0.395,0.5169,0.3232,0.3977,0.501,0.6658,0.5718,0.1749,0.4477,251,126,250,629,0.15,LR
0.45,9893,24846,5272,46696,0.2848,0.6524,0.3965,0.5278,0.2953,0.3787,0.5153,0.626,0.5653,0.1749,0.4006,236,141,222,657,0.2,LR
0.45,8662,21041,6503,50501,0.2916,0.5712,0.3861,0.5405,0.2586,0.3498,0.5196,0.5623,0.5401,0.1749,0.3426,212,165,196,683,0.25,LR
0.45,6982,16134,8183,55408,0.302,0.4604,0.3648,0.5647,0.2102,0.3064,0.5167,0.5332,0.5248,0.1749,0.2666,201,176,188,691,0.3,LR
0.45,4880,10473,10285,61069,0.3179,0.3218,0.3198,0.6135,0.1517,0.2433,0.52,0.4828,0.5007,0.1749,0.1771,182,195,168,711,0.35,LR
0.45,2840,5214,12325,66328,0.3526,0.1873,0.2446,0.703,0.0912,0.1614,0.5474,0.3979,0.4608,0.1749,0.0929,150,227,124,755,0.4,LR
0.5,11957,35983,3208,35559,0.2494,0.7885,0.379,0.4928,0.3805,0.4294,0.5278,0.6552,0.5846,0.1749,0.5529,247,130,221,658,0.05,LR
0.5,11183,30303,3982,41239,0.2696,0.7374,0.3948,0.5177,0.346,0.4148,0.5278,0.6552,0.5846,0.1749,0.4785,247,130,221,658,0.1,LR
0.5,10367,26719,4798,44823,0.2795,0.6836,0.3968,0.5308,0.3171,0.397,0.5359,0.634,0.5808,0.1749,0.4277,239,138,207,672,0.15,LR
0.5,9619,23639,5546,47903,0.2892,0.6343,0.3973,0.541,0.2898,0.3775,0.5459,0.5995,0.5714,0.1749,0.3836,226,151,188,691,0.2,LR
0.5,8466,20105,6699,51437,0.2963,0.5583,0.3871,0.5535,0.2547,0.3489,0.5486,0.5385,0.5435,0.1749,0.3295,203,174,167,712,0.25,LR
0.5,6879,15559,8286,55983,0.3066,0.4536,0.3659,0.5757,0.2081,0.3057,0.5439,0.5093,0.526,0.1749,0.2588,192,185,161,718,0.3,LR
0.5,4848,10248,10317,61294,0.3211,0.3197,0.3204,0.6211,0.151,0.243,0.5503,0.4642,0.5036,0.1749,0.1741,175,202,143,736,0.35,LR
0.5,2838,5191,12327,66351,0.3535,0.1871,0.2447,0.7047,0.0911,0.1614,0.567,0.3926,0.4639,0.1749,0.0926,148,229,113,766,0.4,LR
0.55,11258,32613,3907,38929,0.2566,0.7424,0.3814,0.5069,0.3582,0.4198,0.5599,0.5703,0.565,0.1749,0.506,215,162,169,710,0.05,LR
0.55,10592,27614,4573,43928,0.2772,0.6985,0.3969,0.5327,0.3278,0.4058,0.5599,0.5703,0.565,0.1749,0.4406,215,162,169,710,0.1,LR
0.55,9812,24411,5353,47131,0.2867,0.647,0.3973,0.5463,0.3011,0.3883,0.5645,0.557,0.5607,0.1749,0.3947,210,167,162,717,0.15,LR
0.55,9093,21600,6072,49942,0.2963,0.5996,0.3966,0.5573,0.2755,0.3687,0.5764,0.5305,0.5525,0.1749,0.354,200,177,147,732,0.2,LR
0.55,8028,18406,7137,53136,0.3037,0.5294,0.386,0.5705,0.2429,0.3407,0.5801,0.4801,0.5254,0.1749,0.3049,181,196,131,748,0.25,LR
0.55,6559,14420,8606,57122,0.3126,0.4325,0.3629,0.5897,0.1993,0.2979,0.5758,0.4536,0.5074,0.1749,0.242,171,206,126,753,0.3,LR
0.55,4699,9705,10466,61837,0.3262,0.3099,0.3178,0.6342,0.1471,0.2389,0.5805,0.4111,0.4814,0.1749,0.1661,155,222,112,767,0.35,LR
0.55,2811,5068,12354,66474,0.3568,0.1854,0.244,0.712,0.0904,0.1604,0.6,0.3501,0.4422,0.1749,0.0909,132,245,88,791,0.4,LR
0.6,10757,29615,4408,41927,0.2664,0.7093,0.3874,0.5255,0.3417,0.4141,0.589,0.5093,0.5462,0.1749,0.4656,192,185,134,745,0.05,LR
0.6,10171,25398,4994,46144,0.286,0.6707,0.401,0.5495,0.3148,0.4003,0.589,0.5093,0.5462,0.1749,0.4102,192,185,134,745,0.1,LR
0.6,9439,22569,5726,48973,0.2949,0.6224,0.4002,0.5638,0.2907,0.3836,0.5906,0.5013,0.5423,0.1749,0.3692,189,188,131,748,0.15,LR
0.6,8748,19993,6417,51549,0.3044,0.5769,0.3985,0.5747,0.266,0.3637,0.598,0.4854,0.5359,0.1749,0.3315,183,194,123,756,0.2,LR
0.6,7729,17132,7436,54410,0.3109,0.5097,0.3862,0.5872,0.2351,0.3358,0.6065,0.4456,0.5138,0.1749,0.2867,168,209,109,770,0.25,LR
0.6,6324,13572,8841,57970,0.3179,0.417,0.3607,0.6054,0.194,0.2939,0.6031,0.4191,0.4945,0.1749,0.2295,158,219,104,775,0.3,LR
0.6,4562,9302,10603,62240,0.3291,0.3008,0.3143,0.6461,0.1443,0.2359,0.6085,0.3793,0.4673,0.1749,0.1599,143,234,92,787,0.35,LR
0.6,2759,4978,12406,66564,0.3566,0.1819,0.2409,0.7163,0.0893,0.1587,0.6193,0.3236,0.4251,0.1749,0.0892,122,255,75,804,0.4,LR
0.65,10177,26185,4988,45357,0.2799,0.6711,0.395,0.5516,0.3231,0.4075,0.6394,0.4562,0.5325,0.1749,0.4194,172,205,97,782,0.05,LR
0.65,9624,22814,5541,48728,0.2967,0.6346,0.4043,0.5722,0.2989,0.3927,0.6394,0.4562,0.5325,0.1749,0.3741,172,205,97,782,0.1,LR
0.65,8959,20406,6206,51136,0.3051,0.5908,0.4024,0.5872,0.2777,0.3771,0.6367,0.4509,0.528,0.1749,0.3387,170,207,97,782,0.15,LR
0.65,8318,18144,6847,53398,0.3143,0.5485,0.3996,0.5993,0.2554,0.3582,0.6406,0.435,0.5182,0.1749,0.3052,164,213,92,787,0.2,LR
0.65,7379,15596,7786,55946,0.3212,0.4866,0.3869,0.613,0.2268,0.3312,0.6483,0.4058,0.4992,0.1749,0.265,153,224,83,796,0.25,LR
0.65,6107,12474,9058,59068,0.3287,0.4027,0.3619,0.6316,0.189,0.2909,0.6476,0.3899,0.4868,0.1749,0.2143,147,230,80,799,0.3,LR
0.65,4443,8726,10722,62816,0.3374,0.293,0.3136,0.667,0.1415,0.2334,0.6569,0.3554,0.4613,0.1749,0.1519,134,243,70,809,0.35,LR
0.65,2726,4826,12439,66716,0.361,0.1798,0.24,0.7272,0.0885,0.1577,0.6686,0.305,0.4189,0.1749,0.0871,115,262,57,822,0.4,LR
0.7,9248,22353,5917,49189,0.2926,0.6098,0.3955,0.5744,0.2924,0.3875,0.6822,0.3873,0.4941,0.1749,0.3645,146,231,68,811,0.05,LR
0.7,8842,19714,6323,51828,0.3096,0.5831,0.4045,0.5966,0.2744,0.3759,0.6822,0.3873,0.4941,0.1749,0.3293,146,231,68,811,0.1,LR
0.7,8332,17694,6833,53848,0.3201,0.5494,0.4046,0.6136,0.2572,0.3625,0.6808,0.3846,0.4915,0.1749,0.3002,145,232,68,811,0.15,LR
0.7,7759,15732,7406,55810,0.3303,0.5116,0.4014,0.6275,0.2374,0.3445,0.6842,0.3793,0.4881,0.1749,0.2709,143,234,66,813,0.2,LR
0.7,6914,13607,8251,57935,0.3369,0.4559,0.3875,0.6425,0.2124,0.3192,0.6872,0.3554,0.4685,0.1749,0.2367,134,243,61,818,0.25,LR
0.7,5794,10996,9371,60546,0.3451,0.3821,0.3626,0.6627,0.1792,0.2821,0.6878,0.3448,0.4594,0.1749,0.1936,130,247,59,820,0.3,LR
0.7,4281,7853,10884,63689,0.3528,0.2823,0.3136,0.6952,0.1359,0.2273,0.6959,0.3156,0.4343,0.1749,0.1399,119,258,52,827,0.35,LR
0.7,2674,4539,12491,67003,0.3707,0.1763,0.239,0.7481,0.0869,0.1557,0.7123,0.2759,0.3977,0.1749,0.0832,104,273,42,837,0.4,LR
0.75,7857,18562,7308,52980,0.2974,0.5181,0.3779,0.5791,0.2464,0.3457,0.6918,0.2918,0.4104,0.1749,0.3047,110,267,49,830,0.05,LR
0.75,7528,16520,7637,55022,0.313,0.4964,0.384,0.5962,0.2309,0.3329,0.6918,0.2918,0.4104,0.1749,0.2773,110,267,49,830,0.1,LR
0.75,7119,14911,8046,56631,0.3232,0.4694,0.3828,0.6138,0.2178,0.3215,0.6918,0.2918,0.4104,0.1749,0.2541,110,267,49,830,0.15,LR
0.75,6630,13278,8535,58264,0.333,0.4372,0.3781,0.6303,0.2021,0.3061,0.6923,0.2865,0.4053,0.1749,0.2296,108,269,48,831,0.2,LR
0.75,5922,11484,9243,60058,0.3402,0.3905,0.3636,0.6499,0.1822,0.2846,0.6913,0.2732,0.3916,0.1749,0.2007,103,274,46,833,0.25,LR
0.75,5054,9352,10111,62190,0.3508,0.3333,0.3418,0.6742,0.1564,0.2539,0.6875,0.2626,0.38,0.1749,0.1661,99,278,45,834,0.3,LR
0.75,3843,6787,11322,64755,0.3615,0.2534,0.298,0.712,0.1219,0.2082,0.7023,0.244,0.3622,0.1749,0.1226,92,285,39,840,0.35,LR
0.75,2453,4029,12712,67513,0.3784,0.1618,0.2266,0.7654,0.0799,0.1447,0.7091,0.2069,0.3203,0.1749,0.0748,78,299,32,847,0.4,LR
0.8,6294,14381,8871,57161,0.3044,0.415,0.3512,0.5987,0.1994,0.2991,0.6852,0.1963,0.3052,0.1749,0.2384,74,303,34,845,0.05,LR
0.8,6059,12958,9106,58584,0.3186,0.3995,0.3545,0.6173,0.1891,0.2895,0.6852,0.1963,0.3052,0.1749,0.2193,74,303,34,845,0.1,LR
0.8,5747,11836,9418,59706,0.3268,0.379,0.351,0.6362,0.1802,0.2808,0.6852,0.1963,0.3052,0.1749,0.2028,74,303,34,845,0.15,LR
0.8,5377,10694,9788,60848,0.3346,0.3546,0.3443,0.6519,0.1687,0.2681,0.6822,0.1936,0.3017,0.1749,0.1853,73,304,34,845,0.2,LR
0.8,4827,9380,10338,62162,0.3398,0.3183,0.3287,0.6715,0.1537,0.2501,0.6765,0.183,0.2881,0.1749,0.1639,69,308,33,846,0.25,LR
0.8,4141,7757,11024,63785,0.348,0.2731,0.306,0.6939,0.133,0.2232,0.6733,0.1804,0.2845,0.1749,0.1372,68,309,33,846,0.3,LR
0.8,3194,5761,11971,65781,0.3567,0.2106,0.2648,0.7303,0.1053,0.1841,0.6923,0.1671,0.2692,0.1749,0.1033,63,314,28,851,0.35,LR
0.8,2113,3565,13052,67977,0.3721,0.1393,0.2028,0.7663,0.0701,0.1284,0.6988,0.1538,0.2522,0.1749,0.0655,58,319,25,854,0.4,LR
0.85,5497,11343,9668,60199,0.3264,0.3625,0.3435,0.6356,0.1724,0.2712,0.7436,0.1538,0.2549,0.1749,0.1942,58,319,20,859,0.05,LR
0.85,5395,10458,9770,61084,0.3403,0.3558,0.3479,0.6541,0.167,0.2661,0.7436,0.1538,0.2549,0.1749,0.1828,58,319,20,859,0.1,LR
0.85,5206,9718,9959,61824,0.3488,0.3433,0.346,0.6724,0.1616,0.2606,0.7436,0.1538,0.2549,0.1749,0.1721,58,319,20,859,0.15,LR
0.85,4936,8885,10229,62657,0.3571,0.3255,0.3406,0.6918,0.154,0.2519,0.7436,0.1538,0.2549,0.1749,0.1594,58,319,20,859,0.2,LR
0.85,4473,7842,10692,63700,0.3632,0.295,0.3255,0.7134,0.1415,0.2362,0.7333,0.1459,0.2434,0.1749,0.142,55,322,20,859,0.25,LR
0.85,3853,6492,11312,65050,0.3725,0.2541,0.3021,0.7363,0.1227,0.2103,0.7333,0.1459,0.2434,0.1749,0.1193,55,322,20,859,0.3,LR
0.85,3002,4849,12163,66693,0.3824,0.198,0.2609,0.7716,0.0976,0.1732,0.75,0.1432,0.2405,0.1749,0.0905,54,323,18,861,0.35,LR
0.85,1997,3045,13168,68497,0.3961,0.1317,0.1977,0.8031,0.0652,0.1206,0.75,0.1353,0.2292,0.1749,0.0581,51,326,17,862,0.4,LR
0.9,4398,7949,10767,63593,0.3562,0.29,0.3197,0.667,0.1327,0.2213,0.8367,0.1088,0.1925,0.1749,0.1424,41,336,8,871,0.05,LR
0.9,4375,7502,10790,64040,0.3684,0.2885,0.3236,0.6872,0.1315,0.2207,0.8367,0.1088,0.1925,0.1749,0.137,41,336,8,871,0.1,LR
0.9,4255,7056,10910,64486,0.3762,0.2806,0.3214,0.7056,0.1285,0.2175,0.8367,0.1088,0.1925,0.1749,0.1305,41,336,8,871,0.15,LR
0.9,4048,6480,11117,65062,0.3845,0.2669,0.3151,0.7303,0.1238,0.2118,0.8367,0.1088,0.1925,0.1749,0.1214,41,336,8,871,0.2,LR
0.9,3703,5746,11462,65796,0.3919,0.2442,0.3009,0.7598,0.1156,0.2007,0.8333,0.1061,0.1882,0.1749,0.109,40,337,8,871,0.25,LR
0.9,3216,4710,11949,66832,0.4058,0.2121,0.2786,0.7911,0.101,0.1791,0.8333,0.1061,0.1882,0.1749,0.0914,40,337,8,871,0.3,LR
0.9,2552,3473,12613,68069,0.4236,0.1683,0.2409,0.8352,0.081,0.1478,0.8333,0.1061,0.1882,0.1749,0.0695,40,337,8,871,0.35,LR
0.9,1754,2127,13411,69415,0.4519,0.1157,0.1842,0.8768,0.0548,0.1032,0.8298,0.1034,0.184,0.1749,0.0448,39,338,8,871,0.4,LR
0.95,2646,3508,12519,68034,0.43,0.1745,0.2482,0.6901,0.0684,0.1245,0.8571,0.0477,0.0905,0.1749,0.071,18,359,3,876,0.05,LR
0.95,2643,3209,12522,68333,0.4516,0.1743,0.2515,0.7251,0.0683,0.1249,0.8571,0.0477,0.0905,0.1749,0.0675,18,359,3,876,0.1,LR
0.95,2573,3002,12592,68540,0.4615,0.1697,0.2481,0.7503,0.0674,0.1236,0.8571,0.0477,0.0905,0.1749,0.0643,18,359,3,876,0.15,LR
0.95,2450,2752,12715,68790,0.471,0.1616,0.2406,0.7793,0.0653,0.1205,0.8571,0.0477,0.0905,0.1749,0.06,18,359,3,876,0.2,LR
0.95,2282,2459,12883,69083,0.4813,0.1505,0.2293,0.8062,0.0616,0.1144,0.8571,0.0477,0.0905,0.1749,0.0547,18,359,3,876,0.25,LR
0.95,2063,2029,13102,69513,0.5042,0.136,0.2143,0.8504,0.0561,0.1052,0.8571,0.0477,0.0905,0.1749,0.0472,18,359,3,876,0.3,LR
0.95,1726,1502,13439,70040,0.5347,0.1138,0.1877,0.9074,0.0472,0.0897,0.8571,0.0477,0.0905,0.1749,0.0372,18,359,3,876,0.35,LR
0.95,1246,936,13919,70606,0.571,0.0822,0.1437,0.9615,0.0338,0.0653,0.8571,0.0477,0.0905,0.1749,0.0252,18,359,3,876,0.4,LR
0.05,14101,48326,1064,23216,0.2259,0.9298,0.3635,0.4297,0.4321,0.4309,0.3641,0.9629,0.5284,0.1749,0.72,363,14,634,245,0.05,HG
0.05,13018,40091,2147,31451,0.2451,0.8584,0.3813,0.4537,0.3881,0.4183,0.3902,0.9098,0.5462,0.1749,0.6125,343,34,536,343,0.1,HG
0.05,12097,35731,3068,35811,0.2529,0.7977,0.3841,0.4626,0.3563,0.4026,0.4012,0.8621,0.5476,0.1749,0.5516,325,52,485,394,0.15,HG
0.05,11068,31029,4097,40513,0.2629,0.7298,0.3866,0.4752,0.3222,0.384,0.4058,0.817,0.5423,0.1749,0.4855,308,69,451,428,0.2,HG
0.05,9347,24659,5818,46883,0.2749,0.6164,0.3802,0.5018,0.2748,0.3551,0.4136,0.7427,0.5313,0.1749,0.3922,280,97,397,482,0.25,HG
0.05,7209,17450,7956,54092,0.2923,0.4754,0.362,0.5446,0.2163,0.3096,0.4357,0.6737,0.5292,0.1749,0.2844,254,123,329,550,0.3,HG
0.05,4920,10681,10245,60861,0.3154,0.3244,0.3198,0.6078,0.1527,0.2441,0.4731,0.5358,0.5025,0.1749,0.1799,202,175,225,654,0.35,HG
0.05,2842,5224,12323,66318,0.3523,0.1874,0.2447,0.7022,0.0912,0.1615,0.539,0.4032,0.4613,0.1749,0.093,152,225,130,749,0.4,HG
0.1,14092,48019,1073,23523,0.2269,0.9292,0.3647,0.4318,0.4319,0.4318,0.3713,0.9602,0.5355,0.1749,0.7163,362,15,613,266,0.05,HG
0.1,13018,39816,2147,31726,0.2464,0.8584,0.3829,0.456,0.3881,0.4193,0.3952,0.9098,0.551,0.1749,0.6093,343,34,525,354,0.1,HG
0.1,12097,35485,3068,36057,0.2542,0.7977,0.3856,0.4649,0.3563,0.4035,0.4068,0.8621,0.5527,0.1749,0.5488,325,52,474,405,0.15,HG
0.1,11068,30861,4097,40681,0.264,0.7298,0.3877,0.4771,0.3222,0.3847,0.4118,0.817,0.5476,0.1749,0.4836,308,69,440,439,0.2,HG
0.1,9347,24588,5818,46954,0.2754,0.6164,0.3807,0.5028,0.2748,0.3554,0.4179,0.7427,0.5349,0.1749,0.3914,280,97,390,489,0.25,HG
0.1,7209,17415,7956,54127,0.2928,0.4754,0.3624,0.5454,0.2163,0.3097,0.4379,0.6737,0.5308,0.1749,0.284,254,123,326,553,0.3,HG
0.1,4920,10665,10245,60877,0.3157,0.3244,0.32,0.6084,0.1527,0.2442,0.4753,0.5358,0.5037,0.1749,0.1797,202,175,223,656,0.35,HG
0.1,2842,5223,12323,66319,0.3524,0.1874,0.2447,0.7023,0.0912,0.1615,0.5409,0.4032,0.462,0.1749,0.093,152,225,129,750,0.4,HG
0.15,13963,47377,1202,24165,0.2276,0.9207,0.365,0.434,0.4288,0.4314,0.3766,0.939,0.5376,0.1749,0.7074,354,23,586,293,0.05,HG
0.15,12889,39214,2276,32328,0.2474,0.8499,0.3832,0.4587,0.3849,0.4186,0.3995,0.8912,0.5517,0.1749,0.6009,336,41,505,374,0.1,HG
0.15,11971,34930,3194,36612,0.2552,0.7894,0.3858,0.4679,0.3535,0.4027,0.4109,0.8435,0.5526,0.1749,0.5409,318,59,456,423,0.15,HG
0.15,10972,30512,4193,41030,0.2645,0.7235,0.3874,0.4791,0.3202,0.3838,0.4157,0.7984,0.5468,0.1749,0.4784,301,76,423,456,0.2,HG
0.15,9307,24470,5858,47072,0.2755,0.6137,0.3803,0.5038,0.2741,0.355,0.4202,0.7268,0.5326,0.1749,0.3896,274,103,378,501,0.25,HG
0.15,7194,17390,7971,54152,0.2926,0.4744,0.362,0.5456,0.216,0.3095,0.4404,0.6658,0.5301,0.1749,0.2835,251,126,319,560,0.3,HG
0.15,4916,10661,10249,60881,0.3156,0.3242,0.3198,0.6085,0.1527,0.2441,0.4763,0.5332,0.5031,0.1749,0.1797,201,176,221,658,0.35,HG
0.15,2842,5223,12323,66319,0.3524,0.1874,0.2447,0.7023,0.0912,0.1615,0.5409,0.4032,0.462,0.1749,0.093,152,225,129,750,0.4,HG
0.2,13636,46083,1529,25459,0.2283,0.8992,0.3642,0.4389,0.4222,0.4304,0.3844,0.8992,0.5385,0.1749,0.6887,339,38,543,336,0.05,HG
0.2,12573,38020,2592,33522,0.2485,0.8291,0.3824,0.4645,0.3785,0.4171,0.4055,0.8541,0.55,0.1749,0.5835,322,55,472,407,0.1,HG
0.2,11688,33837,3477,37705,0.2567,0.7707,0.3852,0.474,0.3475,0.401,0.417,0.8064,0.5497,0.1749,0.525,304,73,425,454,0.15,HG
0.2,10742,29709,4423,41833,0.2656,0.7083,0.3863,0.4841,0.3154,0.382,0.4223,0.7639,0.5439,0.1749,0.4665,288,89,394,485,0.2,HG
0.2,9157,24026,6008,47516,0.276,0.6038,0.3788,0.5071,0.271,0.3533,0.426,0.695,0.5282,0.1749,0.3827,262,115,353,526,0.25,HG
0.2,7130,17200,8035,54342,0.2931,0.4702,0.3611,0.5474,0.2145,0.3082,0.4418,0.6446,0.5243,0.1749,0.2806,243,134,307,572,0.3,HG
0.2,4892,10593,10273,60949,0.3159,0.3226,0.3192,0.6099,0.1521,0.2435,0.4793,0.5225,0.5,0.1749,0.1786,197,180,214,665,0.35,HG
0.2,2834,5207,12331,66335,0.3524,0.1869,0.2442,0.7031,0.0911,0.1613,0.5435,0.3979,0.4594,0.1749,0.0927,150,227,126,753,0.4,HG
0.25,13190,43979,1975,27563,0.2307,0.8698,0.3647,0.4479,0.4124,0.4294,0.4043,0.8515,0.5482,0.1749,0.6593,321,56,473,406,0.05,HG
0.25,12131,36009,3034,35533,0.252,0.7999,0.3833,0.4757,0.3689,0.4155,0.4262,0.8117,0.5589,0.1749,0.5552,306,71,412,467,0.1,HG
0.25,11262,31948,3903,39594,0.2606,0.7426,0.3859,0.4865,0.3386,0.3993,0.4404,0.7639,0.5587,0.1749,0.4983,288,89,366,513,0.15,HG
0.25,10363,28157,4802,43385,0.269,0.6833,0.3861,0.496,0.3077,0.3798,0.4481,0.7215,0.5528,0.1749,0.4443,272,105,335,544,0.2,HG
0.25,8911,23119,6254,48423,0.2782,0.5876,0.3776,0.5156,0.266,0.3509,0.4509,0.6578,0.5351,0.1749,0.3694,248,129,302,577,0.25,HG
0.25,7019,16826,8146,54716,0.2944,0.4628,0.3599,0.5524,0.2122,0.3066,0.4573,0.6101,0.5227,0.1749,0.275,230,147,273,606,0.3,HG
0.25,4862,10505,10303,61037,0.3164,0.3206,0.3185,0.6123,0.1515,0.243,0.4898,0.5093,0.4993,0.1749,0.1772,192,185,200,679,0.35,HG
0.25,2831,5195,12334,66347,0.3527,0.1867,0.2441,0.7041,0.091,0.1612,0.5522,0.3926,0.4589,0.1749,0.0926,148,229,120,759,0.4,HG
0.3,12749,41807,2416,29735,0.2337,0.8407,0.3657,0.4576,0.4021,0.4281,0.4194,0.8011,0.5506,0.1749,0.6292,302,75,418,461,0.05,HG
0.3,11731,34064,3434,37478,0.2562,0.7736,0.3849,0.487,0.3592,0.4135,0.4421,0.7692,0.5615,0.1749,0.5282,290,87,366,513,0.1,HG
0.3,10865,30148,4300,41394,0.2649,0.7165,0.3868,0.498,0.329,0.3962,0.4571,0.7215,0.5597,0.1749,0.473,272,105,323,556,0.15,HG
0.3,9975,26622,5190,44920,0.2726,0.6578,0.3854,0.5062,0.2984,0.3755,0.4663,0.679,0.5529,0.1749,0.4221,256,121,293,586,0.2,HG
0.3,8607,22094,6558,49448,0.2803,0.5676,0.3753,0.5234,0.2588,0.3464,0.4698,0.618,0.5338,0.1749,0.3541,233,144,263,616,0.25,HG
0.3,6872,16332,8293,55210,0.2962,0.4531,0.3582,0.5587,0.2088,0.304,0.4684,0.5703,0.5144,0.1749,0.2676,215,162,244,635,0.3,HG
0.3,4802,10336,10363,61206,0.3172,0.3167,0.3169,0.616,0.1502,0.2415,0.4919,0.4854,0.4887,0.1749,0.1746,183,194,189,690,0.35,HG
0.3,2821,5159,12344,66383,0.3535,0.186,0.2438,0.7066,0.0908,0.161,0.5586,0.3793,0.4518,0.1749,0.092,143,234,113,766,0.4,HG
0.35,12282,38866,2883,32676,0.2401,0.8099,0.3704,0.4723,0.3891,0.4267,0.4411,0.7347,0.5512,0.1749,0.5899,277,100,351,528,0.05,HG
0.35,11328,31535,3837,40007,0.2643,0.747,0.3904,0.5037,0.3477,0.4114,0.4613,0.7109,0.5595,0.1749,0.4943,268,109,313,566,0.1,HG
0.35,10490,27855,4675,43687,0.2736,0.6917,0.3921,0.5154,0.3183,0.3936,0.4819,0.6711,0.561,0.1749,0.4422,253,124,272,607,0.15,HG
0.35,9661,24623,5504,46919,0.2818,0.6371,0.3907,0.524,0.2894,0.3729,0.4907,0.6313,0.5522,0.1749,0.3954,238,139,247,632,0.2,HG
0.35,8387,20630,6778,50912,0.289,0.553,0.3797,0.5393,0.252,0.3435,0.492,0.5703,0.5283,0.1749,0.3347,215,162,222,657,0.25,HG
0.35,6749,15589,8416,55953,0.3021,0.445,0.3599,0.5689,0.2047,0.301,0.4866,0.5305,0.5076,0.1749,0.2576,200,177,211,668,0.3,HG
0.35,4759,10039,10406,61503,0.3216,0.3138,0.3177,0.6222,0.1483,0.2395,0.5073,0.4615,0.4833,0.1749,0.1707,174,203,169,710,0.35,HG
0.35,2814,5065,12351,66477,0.3572,0.1856,0.2442,0.711,0.0902,0.1601,0.5638,0.3634,0.4419,0.1749,0.0909,137,240,106,773,0.4,HG
0.4,11815,36258,3350,35284,0.2458,0.7791,0.3737,0.4849,0.3754,0.4232,0.4726,0.687,0.56,0.1749,0.5544,259,118,289,590,0.05,HG
0.4,10882,29381,4283,42161,0.2703,0.7176,0.3927,0.5183,0.3361,0.4078,0.4902,0.6631,0.5637,0.1749,0.4644,250,127,260,619,0.1,HG
0.4,10105,25933,5060,45609,0.2804,0.6663,0.3947,0.5318,0.3087,0.3906,0.5142,0.626,0.5646,0.1749,0.4156,236,141,223,656,0.15,HG
0.4,9322,22916,5843,48626,0.2892,0.6147,0.3933,0.5415,0.2812,0.3702,0.5259,0.5915,0.5568,0.1749,0.3718,223,154,201,678,0.2,HG
0.4,8146,19352,7019,52190,0.2962,0.5372,0.3819,0.5555,0.246,0.341,0.5302,0.5358,0.533,0.1749,0.3171,202,175,179,700,0.25,HG
0.4,6561,14878,8604,56664,0.306,0.4326,0.3585,0.5798,0.2002,0.2976,0.5291,0.5066,0.5176,0.1749,0.2473,191,186,170,709,0.3,HG
0.4,4628,9751,10537,61791,0.3219,0.3052,0.3133,0.6269,0.1452,0.2358,0.5422,0.443,0.4876,0.1749,0.1658,167,210,141,738,0.35,HG
0.4,2767,5006,12398,66536,0.356,0.1825,0.2413,0.7113,0.0891,0.1583,0.5714,0.3501,0.4342,0.1749,0.0896,132,245,99,780,0.4,HG
0.45,11268,33678,3897,37864,0.2507,0.743,0.3749,0.4977,0.3603,0.418,0.4989,0.6207,0.5532,0.1749,0.5184,234,143,235,644,0.05,HG
0.45,10371,27563,4794,43979,0.2734,0.6839,0.3906,0.5293,0.3234,0.4015,0.5089,0.6048,0.5527,0.1749,0.4375,228,149,220,659,0.1,HG
0.45,9635,24388,5530,47154,0.2832,0.6353,0.3918,0.542,0.297,0.3838,0.5362,0.5703,0.5527,0.1749,0.3924,215,162,186,693,0.15,HG
0.45,8911,21583,6254,49959,0.2922,0.5876,0.3903,0.5515,0.2709,0.3633,0.5472,0.5385,0.5428,0.1749,0.3517,203,174,168,711,0.2,HG
0.45,7832,18311,7333,53231,0.2996,0.5165,0.3792,0.565,0.2379,0.3349,0.5503,0.4934,0.5203,0.1749,0.3015,186,191,152,727,0.25,HG
0.45,6360,14211,8805,57331,0.3092,0.4194,0.3559,0.5884,0.1949,0.2928,0.5446,0.4695,0.5043,0.1749,0.2372,177,200,148,731,0.3,HG
0.45,4535,9418,10630,62124,0.325,0.299,0.3115,0.6348,0.1427,0.233,0.552,0.4085,0.4695,0.1749,0.1609,154,223,125,754,0.35,HG
0.45,2740,4888,12425,66654,0.3592,0.1807,0.2404,0.7196,0.0884,0.1575,0.5857,0.3263,0.4191,0.1749,0.088,123,254,87,792,0.4,HG
0.5,10745,30930,4420,40612,0.2578,0.7085,0.3781,0.5093,0.3419,0.4091,0.5185,0.557,0.5371,0.1749,0.4806,210,167,195,684,0.05,HG
0.5,9904,25584,5261,45958,0.2791,0.6531,0.3911,0.5391,0.3082,0.3922,0.5284,0.5438,0.5359,0.1749,0.4093,205,172,183,696,0.1,HG
0.5,9215,22748,5950,48794,0.2883,0.6076,0.3911,0.553,0.2847,0.3759,0.5543,0.5146,0.5337,0.1749,0.3686,194,183,156,723,0.15,HG
0.5,8538,20094,6627,51448,0.2982,0.563,0.3899,0.564,0.2601,0.356,0.5631,0.4854,0.5214,0.1749,0.3302,183,194,142,737,0.2,HG
0.5,7547,17069,7618,54473,0.3066,0.4977,0.3794,0.5794,0.2297,0.329,0.5657,0.4456,0.4985,0.1749,0.2839,168,209,129,750,0.25,HG
0.5,6193,13384,8972,58158,0.3163,0.4084,0.3565,0.6014,0.1896,0.2883,0.5599,0.4218,0.4811,0.1749,0.2258,159,218,125,754,0.3,HG
0.5,4466,9032,10699,62510,0.3309,0.2945,0.3116,0.6477,0.1408,0.2313,0.5709,0.374,0.4519,0.1749,0.1557,141,236,106,773,0.35,HG
0.5,2731,4768,12434,66774,0.3642,0.1801,0.241,0.7296,0.0881,0.1572,0.6094,0.3103,0.4112,0.1749,0.0865,117,260,75,804,0.4,HG
0.55,10221,28695,4944,42847,0.2626,0.674,0.378,0.5236,0.3282,0.4035,0.5476,0.504,0.5249,0.1749,0.4488,190,187,157,722,0.05,HG
0.55,9532,24437,5633,47105,0.2806,0.6286,0.388,0.5483,0.3,0.3878,0.5529,0.4987,0.5244,0.1749,0.3918,188,189,152,727,0.1,HG
0.55,8924,21902,6241,49640,0.2895,0.5885,0.3881,0.5609,0.2785,0.3722,0.5705,0.4828,0.523,0.1749,0.3555,182,195,137,742,0.15,HG
0.55,8286,19376,6879,52166,0.2995,0.5464,0.387,0.5716,0.2547,0.3524,0.5733,0.4562,0.5081,0.1749,0.319,172,205,128,751,0.2,HG
0.55,7340,16470,7825,55072,0.3083,0.484,0.3767,0.5872,0.2252,0.3256,0.5761,0.4218,0.487,0.1749,0.2746,159,218,117,762,0.25,HG
0.55,6075,12953,9090,58589,0.3193,0.4006,0.3553,0.6092,0.1867,0.2858,0.572,0.4005,0.4711,0.1749,0.2195,151,226,113,766,0.3,HG
0.55,4409,8784,10756,62758,0.3342,0.2907,0.311,0.655,0.1392,0.2296,0.5758,0.3528,0.4375,0.1749,0.1522,133,244,98,781,0.35,HG
0.55,2717,4659,12448,66883,0.3684,0.1792,0.2411,0.7363,0.0875,0.1564,0.6099,0.2944,0.3971,0.1749,0.0851,111,266,71,808,0.4,HG
0.6,9738,26399,5427,45143,0.2695,0.6421,0.3796,0.5293,0.3081,0.3895,0.5705,0.4509,0.5037,0.1749,0.4168,170,207,128,751,0.05,HG
0.6,9256,23019,5909,48523,0.2868,0.6104,0.3902,0.5556,0.2888,0.3801,0.5729,0.4483,0.503,0.1749,0.3722,169,208,126,753,0.1,HG
0.6,8732,20749,6433,50793,0.2962,0.5758,0.3912,0.5707,0.271,0.3675,0.5901,0.443,0.5061,0.1749,0.34,167,210,116,763,0.15,HG
0.6,8143,18405,7022,53137,0.3067,0.537,0.3904,0.5825,0.2491,0.3489,0.5919,0.4271,0.4961,0.1749,0.3062,161,216,111,768,0.2,HG
0.6,7242,15668,7923,55874,0.3161,0.4775,0.3804,0.5999,0.2214,0.3234,0.5952,0.3979,0.4769,0.1749,0.2642,150,227,102,777,0.25,HG
0.6,6026,12370,9139,59172,0.3276,0.3974,0.3591,0.624,0.1849,0.2853,0.5934,0.3793,0.4628,0.1749,0.2122,143,234,98,781,0.3,HG
0.6,4395,8464,10770,63078,0.3418,0.2898,0.3137,0.6698,0.1387,0.2298,0.6019,0.3369,0.432,0.1749,0.1483,127,250,84,795,0.35,HG
0.6,2716,4530,12449,67012,0.3748,0.1791,0.2424,0.7491,0.0874,0.1566,0.6264,0.2891,0.3956,0.1749,0.0836,109,268,65,814,0.4,HG
0.65,9037,23252,6128,48290,0.2799,0.5959,0.3809,0.5432,0.2825,0.3717,0.6091,0.3926,0.4774,0.1749,0.3724,148,229,95,784,0.05,HG
0.65,8741,20864,6424,50678,0.2953,0.5764,0.3905,0.568,0.2709,0.3668,0.6116,0.3926,0.4782,0.1749,0.3414,148,229,94,785,0.1,HG
0.65,8309,18946,6856,52596,0.3049,0.5479,0.3917,0.5855,0.257,0.3572,0.6186,0.3873,0.4763,0.1749,0.3143,146,231,90,789,0.15,HG
0.65,7756,16836,7409,54706,0.3154,0.5114,0.3902,0.5996,0.2375,0.3402,0.6164,0.3793,0.4696,0.1749,0.2836,143,234,89,790,0.2,HG
0.65,6911,14365,8254,57177,0.3248,0.4557,0.3793,0.6188,0.2121,0.3159,0.6273,0.366,0.4623,0.1749,0.2454,138,239,82,797,0.25,HG
0.65,5773,11441,9392,60101,0.3354,0.3807,0.3566,0.6437,0.1785,0.2794,0.6274,0.3528,0.4516,0.1749,0.1985,133,244,79,800,0.3,HG
0.65,4258,7948,10907,63594,0.3488,0.2808,0.3111,0.6887,0.1354,0.2263,0.6359,0.3103,0.4171,0.1749,0.1408,117,260,67,812,0.35,HG
0.65,2659,4361,12506,67181,0.3788,0.1753,0.2397,0.7631,0.0863,0.155,0.6516,0.2679,0.3797,0.1749,0.081,101,276,54,825,0.4,HG
0.7,8552,21153,6613,50389,0.2879,0.5639,0.3812,0.5515,0.2639,0.357,0.628,0.3448,0.4452,0.1749,0.3426,130,247,77,802,0.05,HG
0.7,8300,19221,6865,52321,0.3016,0.5473,0.3889,0.5727,0.2539,0.3518,0.6311,0.3448,0.446,0.1749,0.3174,130,247,76,803,0.1,HG
0.7,7897,17574,7268,53968,0.31,0.5207,0.3887,0.5895,0.2418,0.343,0.6337,0.3395,0.4421,0.1749,0.2938,128,249,74,805,0.15,HG
0.7,7373,15679,7792,55863,0.3198,0.4862,0.3858,0.6042,0.2243,0.3272,0.6368,0.3395,0.4429,0.1749,0.2659,128,249,73,806,0.2,HG
0.7,6587,13396,8578,58146,0.3296,0.4344,0.3748,0.6251,0.2012,0.3044,0.6392,0.3289,0.4343,0.1749,0.2305,124,253,70,809,0.25,HG
0.7,5517,10720,9648,60822,0.3398,0.3638,0.3514,0.6513,0.1703,0.27,0.6398,0.3156,0.4227,0.1749,0.1873,119,258,67,812,0.3,HG
0.7,4093,7500,11072,64042,0.3531,0.2699,0.3059,0.6982,0.1304,0.2197,0.6503,0.2812,0.3926,0.1749,0.1337,106,271,57,822,0.35,HG
0.7,2585,4180,12580,67362,0.3821,0.1705,0.2358,0.7755,0.0845,0.1524,0.6594,0.2414,0.3534,0.1749,0.078,91,286,47,832,0.4,HG
0.75,8059,18764,7106,52778,0.3005,0.5314,0.3839,0.5629,0.2432,0.3396,0.642,0.2997,0.4087,0.1749,0.3094,113,264,63,816,0.05,HG
0.75,7855,17249,7310,54293,0.3129,0.518,0.3901,0.5817,0.2352,0.335,0.6457,0.2997,0.4094,0.1749,0.2895,113,264,62,817,0.1,HG
0.75,7486,15904,7679,55638,0.3201,0.4936,0.3883,0.5969,0.2249,0.3267,0.6474,0.2971,0.4073,0.1749,0.2698,112,265,61,818,0.15,HG
0.75,7012,14223,8153,57319,0.3302,0.4624,0.3853,0.6114,0.2091,0.3116,0.6474,0.2971,0.4073,0.1749,0.2449,112,265,61,818,0.2,HG
0.75,6287,12152,8878,59390,0.341,0.4146,0.3742,0.6338,0.1882,0.2902,0.645,0.2891,0.3993,0.1749,0.2127,109,268,60,819,0.25,HG
0.75,5282,9719,9883,61823,0.3521,0.3483,0.3502,0.661,0.1597,0.2572,0.6481,0.2785,0.3896,0.1749,0.173,105,272,57,822,0.3,HG
0.75,3960,6862,11205,64680,0.3659,0.2611,0.3048,0.7054,0.123,0.2094,0.6621,0.2546,0.3678,0.1749,0.1248,96,281,49,830,0.35,HG
0.75,2530,3900,12635,67642,0.3935,0.1668,0.2343,0.781,0.0809,0.1466,0.6721,0.2175,0.3287,0.1749,0.0742,82,295,40,839,0.4,HG
0.8,7338,16256,7827,55286,0.311,0.4839,0.3786,0.5757,0.2188,0.317,0.6528,0.2493,0.3608,0.1749,0.2721,94,283,50,829,0.05,HG
0.8,7199,15114,7966,56428,0.3226,0.4747,0.3842,0.5903,0.2121,0.3121,0.6528,0.2493,0.3608,0.1749,0.2573,94,283,50,829,0.1,HG
0.8,6892,13999,8273,57543,0.3299,0.4545,0.3823,0.6063,0.204,0.3053,0.6573,0.2493,0.3615,0.1749,0.2409,94,283,49,830,0.15,HG
0.8,6458,12624,8707,58918,0.3384,0.4258,0.3771,0.6208,0.1908,0.2919,0.6573,0.2493,0.3615,0.1749,0.2201,94,283,49,830,0.2,HG
0.8,5785,10907,9380,60635,0.3466,0.3815,0.3632,0.6414,0.1725,0.2718,0.6571,0.244,0.3559,0.1749,0.1925,92,285,48,831,0.25,HG
0.8,4913,8816,10252,62726,0.3579,0.324,0.3401,0.6667,0.1474,0.2415,0.6567,0.2334,0.3444,0.1749,0.1583,88,289,46,833,0.3,HG
0.8,3765,6282,11400,65260,0.3747,0.2483,0.2987,0.7105,0.115,0.1979,0.6803,0.2202,0.3327,0.1749,0.1159,83,294,39,840,0.35,HG
0.8,2447,3611,12718,67931,0.4039,0.1614,0.2306,0.7795,0.0761,0.1386,0.6822,0.1936,0.3017,0.1749,0.0699,73,304,34,845,0.4,HG
0.85,5824,12506,9341,59036,0.3177,0.384,0.3478,0.6056,0.1788,0.2761,0.703,0.1883,0.2971,0.1749,0.2114,71,306,30,849,0.05,HG
0.85,5774,11675,9391,59867,0.3309,0.3807,0.3541,0.6223,0.1749,0.273,0.703,0.1883,0.2971,0.1749,0.2012,71,306,30,849,0.1,HG
0.85,5585,10849,9580,60693,0.3398,0.3683,0.3535,0.6408,0.1696,0.2682,0.703,0.1883,0.2971,0.1749,0.1895,71,306,30,849,0.15,HG
0.85,5263,9793,9902,61749,0.3496,0.347,0.3483,0.6591,0.1598,0.2573,0.703,0.1883,0.2971,0.1749,0.1736,71,306,30,849,0.2,HG
0.85,4729,8493,10436,63049,0.3577,0.3118,0.3332,0.6836,0.1456,0.2401,0.7071,0.1857,0.2941,0.1749,0.1525,70,307,29,850,0.25,HG
0.85,4032,6864,11133,64678,0.37,0.2659,0.3094,0.7107,0.1247,0.2122,0.7113,0.183,0.2911,0.1749,0.1257,69,308,28,851,0.3,HG
0.85,3147,4916,12018,66626,0.3903,0.2075,0.271,0.7613,0.0989,0.175,0.7386,0.1724,0.2796,0.1749,0.093,65,312,23,856,0.35,HG
0.85,2113,2884,13052,68658,0.4229,0.1393,0.2096,0.8261,0.0665,0.1231,0.7403,0.1512,0.2511,0.1749,0.0576,57,320,20,859,0.4,HG
0.9,3686,8380,11479,63162,0.3055,0.2431,0.2707,0.5892,0.1145,0.1917,0.6842,0.1034,0.1797,0.1749,0.1392,39,338,18,861,0.05,HG
0.9,3683,7915,11482,63627,0.3176,0.2429,0.2752,0.6127,0.1145,0.1929,0.6842,0.1034,0.1797,0.1749,0.1338,39,338,18,861,0.1,HG
0.9,3618,7470,11547,64072,0.3263,0.2386,0.2756,0.6366,0.1137,0.1929,0.6842,0.1034,0.1797,0.1749,0.1279,39,338,18,861,0.15,HG
0.9,3465,6895,11700,64647,0.3345,0.2285,0.2715,0.6642,0.1108,0.19,0.6842,0.1034,0.1797,0.1749,0.1195,39,338,18,861,0.2,HG
0.9,3205,6109,11960,65433,0.3441,0.2113,0.2619,0.6966,0.1045,0.1817,0.6964,0.1034,0.1801,0.1749,0.1074,39,338,17,862,0.25,HG
0.9,2824,5039,12341,66503,0.3592,0.1862,0.2453,0.7341,0.093,0.165,0.6964,0.1034,0.1801,0.1749,0.0907,39,338,17,862,0.3,HG
0.9,2268,3714,12897,67828,0.3791,0.1496,0.2145,0.793,0.0764,0.1394,0.7358,0.1034,0.1814,0.1749,0.069,39,338,14,865,0.35,HG
0.9,1603,2257,13562,69285,0.4153,0.1057,0.1685,0.8541,0.0531,0.1,0.75,0.1034,0.1818,0.1749,0.0445,39,338,13,866,0.4,HG
0.95,2394,3176,12771,68366,0.4298,0.1579,0.2309,0.7282,0.0653,0.1199,0.8696,0.0531,0.1,0.1749,0.0642,20,357,3,876,0.05,HG
0.95,2391,3090,12774,68452,0.4362,0.1577,0.2316,0.7395,0.0653,0.12,0.8696,0.0531,0.1,0.1749,0.0632,20,357,3,876,0.1,HG
0.95,2341,3016,12824,68526,0.437,0.1544,0.2281,0.7486,0.0646,0.1189,0.8696,0.0531,0.1,0.1749,0.0618,20,357,3,876,0.15,HG
0.95,2222,2889,12943,68653,0.4347,0.1465,0.2192,0.7633,0.0628,0.1161,0.8696,0.0531,0.1,0.1749,0.0589,20,357,3,876,0.2,HG
0.95,2049,2657,13116,68885,0.4354,0.1351,0.2062,0.7913,0.06,0.1115,0.8696,0.0531,0.1,0.1749,0.0543,20,357,3,876,0.25,HG
0.95,1819,2241,13346,69301,0.448,0.1199,0.1892,0.8143,0.0532,0.1,0.8696,0.0531,0.1,0.1749,0.0468,20,357,3,876,0.3,HG
0.95,1452,1713,13713,69829,0.4588,0.0957,0.1584,0.8452,0.0431,0.082,0.8696,0.0531,0.1,0.1749,0.0365,20,357,3,876,0.35,HG
0.95,1005,1112,14160,70430,0.4747,0.0663,0.1163,0.8932,0.0305,0.0589,0.8696,0.0531,0.1,0.1749,0.0244,20,357,3,876,0.4,HG
RAW,14104,48371,1061,23171,0.2258,0.93,0.3633,0.4297,0.4324,0.431,0.3633,0.9655,0.5279,0.1749,0.7205,364,13,638,241,0.05,NONE
RAW,13817,45955,1348,25587,0.2312,0.9111,0.3688,0.4388,0.4224,0.4304,0.3702,0.9496,0.5327,0.1749,0.6894,358,19,609,270,0.06,NONE
RAW,13596,44089,1569,27453,0.2357,0.8965,0.3733,0.4447,0.4132,0.4284,0.3777,0.9416,0.5391,0.1749,0.6653,355,22,585,294,0.07,NONE
RAW,13369,42569,1796,28973,0.239,0.8816,0.376,0.4482,0.4038,0.4248,0.3851,0.9337,0.5453,0.1749,0.6451,352,25,562,317,0.08,NONE
RAW,13179,41298,1986,30244,0.2419,0.869,0.3785,0.4509,0.3957,0.4215,0.3888,0.9231,0.5472,0.1749,0.6283,348,29,547,332,0.09,NONE
RAW,13021,40133,2144,31409,0.245,0.8586,0.3812,0.4536,0.3884,0.4185,0.39,0.9125,0.5465,0.1749,0.613,344,33,538,341,0.1,NONE
RAW,12830,39174,2335,32368,0.2467,0.846,0.382,0.4557,0.3817,0.4154,0.3924,0.8992,0.5463,0.1749,0.5998,339,38,525,354,0.11,NONE
RAW,12649,38263,2516,33279,0.2484,0.8341,0.3829,0.4578,0.3754,0.4126,0.3979,0.8992,0.5517,0.1749,0.5872,339,38,513,366,0.12,NONE
RAW,12457,37392,2708,34150,0.2499,0.8214,0.3832,0.4593,0.3687,0.4091,0.3971,0.8859,0.5484,0.1749,0.5749,334,43,507,372,0.13,NONE
RAW,12274,36568,2891,34974,0.2513,0.8094,0.3835,0.4608,0.3625,0.4058,0.4007,0.878,0.5503,0.1749,0.5633,331,46,495,384,0.14,NONE
RAW,12100,35773,3065,35769,0.2528,0.7979,0.3839,0.4625,0.3566,0.4027,0.401,0.8647,0.5479,0.1749,0.5521,326,51,487,392,0.15,NONE
RAW,11894,34922,3271,36620,0.2541,0.7843,0.3838,0.4643,0.3501,0.3992,0.4007,0.8568,0.5461,0.1749,0.5399,323,54,483,396,0.16,NONE
RAW,11711,34074,3454,37468,0.2558,0.7722,0.3843,0.4662,0.3438,0.3958,0.4005,0.8488,0.5442,0.1749,0.528,320,57,479,400,0.17,NONE
RAW,11493,33091,3672,38451,0.2578,0.7579,0.3847,0.4687,0.3366,0.3918,0.4003,0.8355,0.5412,0.1749,0.5142,315,62,472,407,0.18,NONE
RAW,11297,32103,3868,39439,0.2603,0.7449,0.3858,0.4715,0.3296,0.388,0.4065,0.8302,0.5458,0.1749,0.5005,313,64,457,422,0.19,NONE
RAW,11069,31056,4096,40486,0.2628,0.7299,0.3864,0.4751,0.3223,0.3841,0.4055,0.8196,0.5426,0.1749,0.4858,309,68,453,426,0.2,NONE
RAW,10766,29865,4399,41677,0.265,0.7099,0.3859,0.4801,0.3142,0.3798,0.4083,0.809,0.5427,0.1749,0.4686,305,72,442,437,0.21,NONE
RAW,10453,28680,4712,42862,0.2671,0.6893,0.385,0.4847,0.3055,0.3748,0.4077,0.7905,0.5379,0.1749,0.4513,298,79,433,446,0.22,NONE
RAW,10097,27414,5068,44128,0.2692,0.6658,0.3834,0.4892,0.2956,0.3685,0.4086,0.7772,0.5356,0.1749,0.4326,293,84,424,455,0.23,NONE
RAW,9749,26075,5416,45467,0.2721,0.6429,0.3824,0.4959,0.2861,0.3629,0.4075,0.7533,0.5289,0.1749,0.4132,284,93,413,466,0.24,NONE
RAW,9348,24664,5817,46878,0.2748,0.6164,0.3802,0.5017,0.2749,0.3552,0.4132,0.7454,0.5317,0.1749,0.3923,281,96,399,480,0.25,NONE
RAW,8958,23264,6207,48278,0.278,0.5907,0.3781,0.5092,0.2643,0.348,0.4168,0.7374,0.5326,0.1749,0.3716,278,99,389,490,0.26,NONE
RAW,8527,21805,6638,49737,0.2811,0.5623,0.3748,0.5164,0.2523,0.339,0.4228,0.7268,0.5346,0.1749,0.3498,274,103,374,505,0.27,NONE
RAW,8109,20382,7056,51160,0.2846,0.5347,0.3715,0.5253,0.241,0.3304,0.4274,0.7109,0.5339,0.1749,0.3286,268,109,359,520,0.28,NONE
RAW,7693,18921,7472,52621,0.2891,0.5073,0.3683,0.5342,0.229,0.3206,0.4316,0.695,0.5325,0.1749,0.3069,262,115,345,534,0.29,NONE
RAW,7210,17450,7955,54092,0.2924,0.4754,0.3621,0.5446,0.2163,0.3096,0.4366,0.6764,0.5307,0.1749,0.2844,255,122,329,550,0.3,NONE
RAW,6770,16000,8395,55542,0.2973,0.4464,0.3569,0.5555,0.2037,0.2981,0.4406,0.6499,0.5252,0.1749,0.2626,245,132,311,568,0.31,NONE
RAW,6294,14604,8871,56938,0.3012,0.415,0.3491,0.5658,0.1905,0.285,0.447,0.6154,0.5179,0.1749,0.241,232,145,287,592,0.32,NONE
RAW,5844,13317,9321,58225,0.305,0.3854,0.3405,0.5767,0.178,0.272,0.4573,0.5968,0.5178,0.1749,0.221,225,152,267,612,0.33,NONE
RAW,5376,12016,9789,59526,0.3091,0.3545,0.3303,0.5891,0.165,0.2578,0.4575,0.557,0.5024,0.1749,0.2006,210,167,249,630,0.34,NONE
RAW,4921,10681,10244,60861,0.3154,0.3245,0.3199,0.6078,0.1527,0.2441,0.4743,0.5385,0.5043,0.1749,0.1799,203,174,225,654,0.35,NONE
RAW,4460,9514,10705,62028,0.3192,0.2941,0.3061,0.6207,0.1397,0.2281,0.4789,0.5119,0.4949,0.1749,0.1612,193,184,210,669,0.36,NONE
RAW,4034,8331,11131,63211,0.3262,0.266,0.2931,0.6383,0.1271,0.212,0.4974,0.4987,0.498,0.1749,0.1426,188,189,190,689,0.37,NONE
RAW,3635,7267,11530,64275,0.3334,0.2397,0.2789,0.6576,0.1155,0.1964,0.5044,0.4562,0.4791,0.1749,0.1257,172,205,169,710,0.38,NONE
RAW,3236,6208,11929,65334,0.3427,0.2134,0.263,0.6803,0.1035,0.1796,0.5174,0.435,0.4726,0.1749,0.1089,164,213,153,726,0.39,NONE
RAW,2842,5224,12323,66318,0.3523,0.1874,0.2447,0.7022,0.0912,0.1615,0.539,0.4032,0.4613,0.1749,0.093,152,225,130,749,0.4,NONE
